account_id,customer_id,account_type,balance,credit_limit,status,opened_date
ACC000001,CUST00001,Savings,142512.75,0,Inactive,2020-04-13
ACC000002,CUST00002,Savings,97887.78,0,Active,2025-08-29
ACC000003,CUST00003,Savings,92091.22,0,Active,2021-01-21
ACC000004,CUST00004,Savings,92092.2,0,Active,2023-05-31
ACC000005,CUST00005,Current,246645.6,0,Active,2023-08-23
ACC000006,CUST00006,Savings,165058.09,0,Active,2019-02-28
ACC000007,CUST00007,Current,78845.6,0,Inactive,2023-12-08
ACC000008,CUST00008,Credit,146176.39,107989,Inactive,2022-08-02
ACC000009,CUST00009,Savings,123265.04,0,Active,2018-11-06
ACC000010,CUST00010,Savings,24146.27,0,Active,2025-01-27
ACC000011,CUST00011,Savings,53243.92,0,Active,2023-07-14
ACC000012,CUST00012,Credit,128538.05,222752,Active,2018-04-13
ACC000013,CUST00013,Credit,233900.41,215066,Active,2021-12-10
ACC000014,CUST00014,Savings,92588.25,0,Active,2024-12-27
ACC000015,CUST00015,Savings,74912.74,0,Active,2018-01-31
ACC000016,CUST00016,Current,114077.39,0,Active,2019-04-11
ACC000017,CUST00017,Savings,72046.75,0,Active,2021-10-02
ACC000018,CUST00018,Current,88725.26,0,Active,2024-01-27
ACC000019,CUST00019,Savings,105787.46,0,Active,2024-08-01
ACC000020,CUST00020,Savings,51420.45,0,Active,2023-12-31
ACC000021,CUST00021,Savings,169921.03,0,Active,2024-06-17
ACC000022,CUST00022,Savings,45143.49,0,Active,2023-05-14
ACC000023,CUST00023,Credit,41305.33,179466,Active,2024-03-15
ACC000024,CUST00024,Credit,120049.23,196942,Inactive,2021-05-02
ACC000025,CUST00025,Savings,162539.55,0,Active,2023-04-05
ACC000026,CUST00026,Savings,118256.52,0,Active,2022-12-28
ACC000027,CUST00027,Savings,99289.48,0,Inactive,2020-09-08
ACC000028,CUST00028,Savings,88182.74,0,Active,2018-06-04
ACC000029,CUST00029,Savings,79318.37,0,Active,2022-03-17
ACC000030,CUST00030,Credit,191689.44,77330,Active,2019-09-25
ACC000031,CUST00031,Savings,129267.03,0,Active,2021-01-19
ACC000032,CUST00032,Savings,83438.57,0,Active,2018-12-27
ACC000033,CUST00033,Savings,68278.55,0,Active,2025-06-19
ACC000034,CUST00034,Savings,151817.46,0,Active,2018-10-26
ACC000035,CUST00035,Current,189178.3,0,Active,2018-04-17
ACC000036,CUST00036,Current,179794.14,0,Active,2025-06-14
ACC000037,CUST00037,Savings,60703.48,0,Active,2021-12-21
ACC000038,CUST00038,Savings,87717.01,0,Active,2018-11-30
ACC000039,CUST00039,Savings,78328.76,0,Active,2020-06-01
ACC000040,CUST00040,Credit,94993.26,183097,Active,2024-12-21
ACC000041,CUST00041,Current,169029.93,0,Active,2021-03-17
ACC000042,CUST00042,Savings,222044.25,0,Active,2020-10-26
ACC000043,CUST00043,Savings,132075.28,0,Active,2018-05-19
ACC000044,CUST00044,Current,69833.11,0,Active,2023-06-04
ACC000045,CUST00045,Savings,104343.59,0,Active,2024-12-02
ACC000046,CUST00046,Savings,244985.25,0,Active,2023-05-22
ACC000047,CUST00047,Savings,112454.18,0,Active,2020-06-29
ACC000048,CUST00048,Current,88303.41,0,Active,2023-05-03
ACC000049,CUST00049,Current,92951.55,0,Active,2019-10-27
ACC000050,CUST00050,Savings,131734.87,0,Active,2018-03-15
ACC000051,CUST00051,Savings,62092.13,0,Active,2024-08-31
ACC000052,CUST00052,Savings,77134.23,0,Active,2022-07-28
ACC000053,CUST00053,Savings,178329.2,0,Active,2021-06-20
ACC000054,CUST00054,Credit,129613.86,131879,Active,2025-02-01
ACC000055,CUST00055,Savings,113134.23,0,Active,2022-12-21
ACC000056,CUST00056,Credit,183273.13,232805,Active,2018-06-01
ACC000057,CUST00057,Savings,67066.54,0,Active,2023-07-22
ACC000058,CUST00058,Savings,86663.45,0,Active,2022-08-22
ACC000059,CUST00059,Credit,127201.88,176241,Active,2024-02-11
ACC000060,CUST00060,Savings,124643.53,0,Inactive,2022-11-12
ACC000061,CUST00061,Savings,38353.06,0,Active,2021-06-04
ACC000062,CUST00062,Current,81481.94,0,Active,2023-09-19
ACC000063,CUST00063,Credit,96474.56,164286,Active,2021-09-23
ACC000064,CUST00064,Savings,135295.76,0,Active,2025-05-02
ACC000065,CUST00065,Savings,124389.72,0,Inactive,2022-06-27
ACC000066,CUST00066,Savings,101877.4,0,Active,2024-01-30
ACC000067,CUST00067,Savings,24013.29,0,Active,2021-12-26
ACC000068,CUST00068,Current,104944.14,0,Active,2019-03-13
ACC000069,CUST00069,Current,110649.45,0,Active,2019-12-30
ACC000070,CUST00070,Savings,362024.96,0,Active,2020-03-23
ACC000071,CUST00071,Savings,94588.61,0,Active,2024-04-06
ACC000072,CUST00072,Savings,127600.94,0,Active,2024-05-18
ACC000073,CUST00073,Savings,200083.55,0,Active,2021-03-06
ACC000074,CUST00074,Credit,163707.14,242836,Active,2019-07-19
ACC000075,CUST00075,Savings,227038.91,0,Inactive,2019-07-09
ACC000076,CUST00076,Savings,38801.33,0,Active,2025-04-17
ACC000077,CUST00077,Current,54165.56,0,Active,2025-05-14
ACC000078,CUST00078,Savings,73787.4,0,Inactive,2024-11-29
ACC000079,CUST00079,Savings,34055.81,0,Active,2024-05-04
ACC000080,CUST00080,Savings,111208.15,0,Active,2024-05-18
ACC000081,CUST00081,Savings,57176.22,0,Inactive,2018-01-14
ACC000082,CUST00082,Savings,243316.52,0,Active,2019-01-13
ACC000083,CUST00083,Savings,63248.65,0,Active,2024-04-15
ACC000084,CUST00084,Savings,86982.37,0,Active,2022-11-07
ACC000085,CUST00085,Savings,169117.97,0,Active,2023-12-29
ACC000086,CUST00086,Savings,44775.53,0,Active,2023-01-27
ACC000087,CUST00087,Savings,32351.32,0,Active,2022-07-05
ACC000088,CUST00088,Savings,119187.14,0,Active,2024-06-02
ACC000089,CUST00089,Savings,124558.58,0,Active,2022-01-25
ACC000090,CUST00090,Savings,166318.63,0,Active,2024-04-16
ACC000091,CUST00091,Savings,144521.05,0,Inactive,2018-03-21
ACC000092,CUST00092,Savings,127265.39,0,Active,2024-09-23
ACC000093,CUST00093,Current,68128.13,0,Active,2021-08-29
ACC000094,CUST00094,Savings,122568.0,0,Active,2021-04-17
ACC000095,CUST00095,Savings,126978.14,0,Active,2025-05-29
ACC000096,CUST00096,Savings,66478.69,0,Active,2022-04-21
ACC000097,CUST00097,Savings,280845.77,0,Active,2021-02-28
ACC000098,CUST00098,Savings,140707.39,0,Active,2021-12-15
ACC000099,CUST00099,Savings,54827.41,0,Active,2021-07-30
ACC000100,CUST00100,Savings,166781.21,0,Active,2024-09-25
ACC000101,CUST00101,Savings,182779.86,0,Active,2025-03-04
ACC000102,CUST00102,Savings,135965.05,0,Active,2022-03-31
ACC000103,CUST00103,Credit,91427.45,242861,Inactive,2024-12-17
ACC000104,CUST00104,Current,64619.25,0,Active,2019-07-26
ACC000105,CUST00105,Savings,101709.25,0,Active,2022-09-02
ACC000106,CUST00106,Savings,130538.44,0,Active,2018-10-17
ACC000107,CUST00107,Savings,107518.2,0,Active,2025-08-22
ACC000108,CUST00108,Current,232567.31,0,Active,2024-02-26
ACC000109,CUST00109,Savings,152976.75,0,Active,2023-06-27
ACC000110,CUST00110,Credit,59902.28,266599,Active,2022-10-11
ACC000111,CUST00111,Savings,50892.91,0,Active,2018-03-15
ACC000112,CUST00112,Savings,141387.25,0,Active,2022-06-12
ACC000113,CUST00113,Credit,92725.82,66548,Active,2019-07-26
ACC000114,CUST00114,Current,160432.5,0,Active,2025-04-03
ACC000115,CUST00115,Savings,140660.62,0,Active,2024-12-23
ACC000116,CUST00116,Current,101979.87,0,Active,2022-03-27
ACC000117,CUST00117,Savings,60364.26,0,Active,2022-05-12
ACC000118,CUST00118,Savings,35160.4,0,Active,2022-10-29
ACC000119,CUST00119,Savings,121271.26,0,Active,2020-05-15
ACC000120,CUST00120,Savings,44233.03,0,Active,2025-08-27
ACC000121,CUST00121,Savings,58722.98,0,Active,2019-03-08
ACC000122,CUST00122,Savings,117026.33,0,Active,2018-08-11
ACC000123,CUST00123,Savings,110514.2,0,Active,2023-05-16
ACC000124,CUST00124,Savings,48071.96,0,Inactive,2023-12-19
ACC000125,CUST00125,Credit,194203.83,226490,Active,2019-03-15
ACC000126,CUST00126,Credit,191369.05,160207,Active,2025-06-07
ACC000127,CUST00127,Savings,143969.39,0,Active,2024-08-26
ACC000128,CUST00128,Savings,143869.75,0,Active,2022-01-02
ACC000129,CUST00129,Savings,143970.38,0,Active,2022-01-20
ACC000130,CUST00130,Savings,181904.42,0,Active,2018-10-15
ACC000131,CUST00131,Savings,155123.59,0,Active,2019-11-16
ACC000132,CUST00132,Savings,63730.64,0,Active,2023-05-05
ACC000133,CUST00133,Savings,91933.46,0,Active,2019-12-14
ACC000134,CUST00134,Credit,340545.31,184689,Active,2020-10-21
ACC000135,CUST00135,Credit,25279.98,220870,Active,2024-07-04
ACC000136,CUST00136,Savings,78714.45,0,Active,2023-04-04
ACC000137,CUST00137,Savings,194778.95,0,Active,2019-08-08
ACC000138,CUST00138,Savings,66433.31,0,Active,2020-04-27
ACC000139,CUST00139,Savings,157500.6,0,Active,2021-01-16
ACC000140,CUST00140,Savings,109671.18,0,Active,2023-04-14
ACC000141,CUST00141,Current,69514.43,0,Active,2018-07-02
ACC000142,CUST00142,Savings,21532.69,0,Active,2021-08-19
ACC000143,CUST00143,Savings,119315.23,0,Active,2023-03-16
ACC000144,CUST00144,Savings,62822.36,0,Active,2021-02-18
ACC000145,CUST00145,Savings,99346.27,0,Active,2020-11-03
ACC000146,CUST00146,Credit,143169.29,213547,Active,2020-04-20
ACC000147,CUST00147,Savings,173800.02,0,Active,2024-10-22
ACC000148,CUST00148,Savings,78553.81,0,Active,2024-01-09
ACC000149,CUST00149,Savings,69429.57,0,Active,2023-06-04
ACC000150,CUST00150,Savings,43685.18,0,Active,2023-06-02
ACC000151,CUST00151,Savings,178555.63,0,Active,2020-09-08
ACC000152,CUST00152,Current,314003.12,0,Active,2023-06-06
ACC000153,CUST00153,Savings,189318.62,0,Active,2022-09-09
ACC000154,CUST00154,Savings,212666.61,0,Active,2025-04-17
ACC000155,CUST00155,Savings,66797.66,0,Active,2018-08-19
ACC000156,CUST00156,Savings,138362.48,0,Active,2020-11-17
ACC000157,CUST00157,Savings,165688.02,0,Active,2021-11-16
ACC000158,CUST00158,Savings,4132.75,0,Active,2023-07-08
ACC000159,CUST00159,Current,52770.32,0,Active,2022-03-12
ACC000160,CUST00160,Savings,252771.94,0,Active,2022-04-08
ACC000161,CUST00161,Savings,37867.27,0,Active,2018-08-20
ACC000162,CUST00162,Savings,231223.29,0,Active,2021-05-05
ACC000163,CUST00163,Current,37680.22,0,Active,2022-06-30
ACC000164,CUST00164,Savings,54541.76,0,Active,2019-03-30
ACC000165,CUST00165,Savings,139787.86,0,Inactive,2023-03-04
ACC000166,CUST00166,Savings,111291.39,0,Active,2018-08-17
ACC000167,CUST00167,Savings,83425.74,0,Active,2019-09-28
ACC000168,CUST00168,Credit,247423.56,200135,Active,2019-01-16
ACC000169,CUST00169,Savings,44521.46,0,Active,2018-06-30
ACC000170,CUST00170,Savings,97056.12,0,Active,2022-01-03
ACC000171,CUST00171,Savings,149895.01,0,Active,2022-07-31
ACC000172,CUST00172,Credit,126093.86,131978,Active,2023-12-16
ACC000173,CUST00173,Savings,70943.11,0,Active,2019-12-11
ACC000174,CUST00174,Savings,72615.14,0,Active,2018-06-03
ACC000175,CUST00175,Current,172343.12,0,Active,2023-06-25
ACC000176,CUST00176,Savings,176879.16,0,Active,2022-01-22
ACC000177,CUST00177,Savings,128024.82,0,Active,2018-09-04
ACC000178,CUST00178,Savings,61163.19,0,Active,2020-12-18
ACC000179,CUST00179,Savings,74100.36,0,Active,2021-04-02
ACC000180,CUST00180,Savings,105307.2,0,Active,2024-04-14
ACC000181,CUST00181,Current,114515.47,0,Active,2019-03-24
ACC000182,CUST00182,Savings,146542.35,0,Active,2019-04-18
ACC000183,CUST00183,Savings,93997.09,0,Active,2018-03-17
ACC000184,CUST00184,Savings,170176.99,0,Active,2023-10-02
ACC000185,CUST00185,Credit,169117.29,91476,Active,2021-05-25
ACC000186,CUST00186,Current,216682.32,0,Active,2021-07-29
ACC000187,CUST00187,Savings,108044.52,0,Active,2019-01-03
ACC000188,CUST00188,Credit,129273.15,82134,Active,2024-09-29
ACC000189,CUST00189,Savings,98389.59,0,Active,2018-08-13
ACC000190,CUST00190,Savings,61650.22,0,Active,2023-06-26
ACC000191,CUST00191,Savings,310026.0,0,Active,2019-08-28
ACC000192,CUST00192,Credit,201606.26,173009,Active,2020-06-17
ACC000193,CUST00193,Savings,167184.38,0,Active,2022-09-16
ACC000194,CUST00194,Savings,105868.71,0,Active,2019-09-17
ACC000195,CUST00195,Savings,58137.13,0,Active,2019-05-13
ACC000196,CUST00196,Credit,183880.51,241940,Inactive,2024-01-01
ACC000197,CUST00197,Savings,97346.38,0,Active,2020-01-27
ACC000198,CUST00198,Credit,135976.61,204738,Active,2024-07-11
ACC000199,CUST00199,Current,73918.95,0,Active,2020-07-16
ACC000200,CUST00200,Savings,123481.27,0,Active,2020-01-08
ACC000201,CUST00201,Credit,76861.64,203629,Active,2023-05-16
ACC000202,CUST00202,Savings,78762.12,0,Inactive,2020-01-15
ACC000203,CUST00203,Current,122553.4,0,Active,2018-02-13
ACC000204,CUST00204,Savings,37282.68,0,Active,2025-05-10
ACC000205,CUST00205,Credit,38614.81,99173,Active,2018-12-09
ACC000206,CUST00206,Savings,66283.82,0,Active,2025-08-09
ACC000207,CUST00207,Savings,93323.0,0,Active,2020-07-26
ACC000208,CUST00208,Savings,173068.84,0,Active,2021-11-14
ACC000209,CUST00209,Credit,96556.89,196823,Active,2019-04-15
ACC000210,CUST00210,Savings,105461.96,0,Active,2021-05-11
ACC000211,CUST00211,Savings,88900.73,0,Active,2021-11-09
ACC000212,CUST00212,Credit,129165.68,86433,Active,2023-02-27
ACC000213,CUST00213,Credit,61242.75,287950,Active,2020-10-11
ACC000214,CUST00214,Savings,99719.03,0,Active,2022-07-14
ACC000215,CUST00215,Savings,135116.81,0,Active,2018-10-01
ACC000216,CUST00216,Savings,121984.1,0,Active,2021-10-22
ACC000217,CUST00217,Savings,107491.31,0,Active,2024-08-27
ACC000218,CUST00218,Savings,108275.69,0,Active,2022-12-02
ACC000219,CUST00219,Savings,142614.52,0,Active,2024-05-29
ACC000220,CUST00220,Savings,318184.26,0,Active,2019-01-01
ACC000221,CUST00221,Savings,63984.79,0,Active,2024-06-09
ACC000222,CUST00222,Savings,323166.85,0,Active,2025-02-05
ACC000223,CUST00223,Savings,62101.02,0,Active,2023-03-27
ACC000224,CUST00224,Savings,19388.32,0,Inactive,2018-03-08
ACC000225,CUST00225,Current,75878.23,0,Active,2018-06-13
ACC000226,CUST00226,Credit,130583.58,192723,Active,2020-12-08
ACC000227,CUST00227,Credit,282142.6,122218,Active,2022-06-11
ACC000228,CUST00228,Current,58086.58,0,Active,2024-12-11
ACC000229,CUST00229,Savings,142133.14,0,Active,2020-11-30
ACC000230,CUST00230,Savings,41581.92,0,Active,2023-12-18
ACC000231,CUST00231,Savings,276593.45,0,Active,2024-06-23
ACC000232,CUST00232,Savings,203743.56,0,Inactive,2022-07-12
ACC000233,CUST00233,Savings,78861.56,0,Active,2019-05-26
ACC000234,CUST00234,Savings,221792.21,0,Active,2024-01-20
ACC000235,CUST00235,Savings,99358.52,0,Active,2021-09-27
ACC000236,CUST00236,Savings,209670.28,0,Active,2025-02-11
ACC000237,CUST00237,Credit,107009.55,291169,Inactive,2019-10-31
ACC000238,CUST00238,Current,109764.95,0,Active,2024-01-26
ACC000239,CUST00239,Credit,79886.59,151350,Active,2021-11-21
ACC000240,CUST00240,Current,152742.83,0,Active,2024-09-25
ACC000241,CUST00241,Savings,114718.87,0,Active,2021-07-31
ACC000242,CUST00242,Current,143921.81,0,Active,2018-09-04
ACC000243,CUST00243,Current,34563.28,0,Active,2018-05-26
ACC000244,CUST00244,Savings,213782.51,0,Active,2019-03-26
ACC000245,CUST00245,Savings,243454.36,0,Active,2021-01-22
ACC000246,CUST00246,Credit,114402.31,95575,Active,2018-07-16
ACC000247,CUST00247,Savings,305835.96,0,Active,2018-08-06
ACC000248,CUST00248,Savings,267314.78,0,Active,2018-07-10
ACC000249,CUST00249,Savings,154619.78,0,Active,2024-08-31
ACC000250,CUST00250,Savings,223366.47,0,Active,2021-05-28
ACC000251,CUST00251,Current,191815.2,0,Active,2023-01-24
ACC000252,CUST00252,Savings,28093.15,0,Inactive,2019-10-24
ACC000253,CUST00253,Credit,90019.08,156337,Inactive,2024-12-18
ACC000254,CUST00254,Savings,160736.38,0,Active,2022-04-29
ACC000255,CUST00255,Savings,252331.5,0,Active,2020-07-02
ACC000256,CUST00256,Savings,39529.79,0,Active,2020-07-20
ACC000257,CUST00257,Savings,29605.19,0,Active,2021-07-10
ACC000258,CUST00258,Current,103079.29,0,Active,2018-02-19
ACC000259,CUST00259,Savings,20595.8,0,Active,2023-07-18
ACC000260,CUST00260,Savings,100950.63,0,Active,2018-01-19
ACC000261,CUST00261,Savings,132449.38,0,Inactive,2024-08-19
ACC000262,CUST00262,Credit,56299.06,212159,Active,2023-06-18
ACC000263,CUST00263,Savings,102624.64,0,Active,2023-07-04
ACC000264,CUST00264,Savings,182010.79,0,Active,2021-10-06
ACC000265,CUST00265,Credit,75644.1,184719,Active,2018-12-07
ACC000266,CUST00266,Savings,62806.2,0,Active,2025-05-26
ACC000267,CUST00267,Current,99827.1,0,Active,2019-03-24
ACC000268,CUST00268,Savings,52328.05,0,Active,2022-02-01
ACC000269,CUST00269,Savings,293351.03,0,Active,2020-03-16
ACC000270,CUST00270,Current,108986.69,0,Active,2024-03-19
ACC000271,CUST00271,Savings,67178.19,0,Active,2025-08-29
ACC000272,CUST00272,Savings,121263.16,0,Active,2021-07-01
ACC000273,CUST00273,Savings,99496.38,0,Active,2018-11-18
ACC000274,CUST00274,Current,92874.24,0,Active,2018-01-29
ACC000275,CUST00275,Savings,75631.45,0,Active,2019-02-01
ACC000276,CUST00276,Credit,73302.06,84244,Active,2018-08-10
ACC000277,CUST00277,Current,35149.69,0,Active,2023-07-23
ACC000278,CUST00278,Savings,223178.64,0,Active,2020-12-02
ACC000279,CUST00279,Savings,148933.32,0,Active,2025-01-28
ACC000280,CUST00280,Credit,128316.49,214709,Active,2025-04-11
ACC000281,CUST00281,Savings,98527.4,0,Active,2024-03-01
ACC000282,CUST00282,Current,55633.61,0,Inactive,2018-06-26
ACC000283,CUST00283,Savings,64497.06,0,Active,2022-07-11
ACC000284,CUST00284,Current,38126.17,0,Active,2021-07-25
ACC000285,CUST00285,Savings,69761.56,0,Active,2020-01-07
ACC000286,CUST00286,Savings,50469.11,0,Active,2024-10-28
ACC000287,CUST00287,Credit,259179.71,193673,Active,2021-02-20
ACC000288,CUST00288,Savings,175240.69,0,Active,2018-10-19
ACC000289,CUST00289,Savings,111800.57,0,Active,2018-10-02
ACC000290,CUST00290,Savings,59718.99,0,Active,2025-04-15
ACC000291,CUST00291,Savings,52246.68,0,Inactive,2022-03-13
ACC000292,CUST00292,Savings,94710.59,0,Active,2023-03-22
ACC000293,CUST00293,Savings,179322.5,0,Active,2021-05-06
ACC000294,CUST00294,Savings,38910.72,0,Active,2025-01-22
ACC000295,CUST00295,Savings,147827.32,0,Active,2023-04-22
ACC000296,CUST00296,Savings,69561.46,0,Active,2019-08-07
ACC000297,CUST00297,Savings,77906.79,0,Active,2023-03-26
ACC000298,CUST00298,Savings,109867.58,0,Active,2024-05-06
ACC000299,CUST00299,Savings,61075.09,0,Active,2018-02-09
ACC000300,CUST00300,Savings,91807.55,0,Active,2021-06-23
ACC000301,CUST00301,Savings,57688.97,0,Active,2025-01-04
ACC000302,CUST00302,Savings,73253.59,0,Active,2021-01-04
ACC000303,CUST00303,Savings,164007.87,0,Active,2019-09-25
ACC000304,CUST00304,Savings,113287.47,0,Active,2024-07-06
ACC000305,CUST00305,Current,163659.7,0,Active,2021-10-24
ACC000306,CUST00306,Savings,68974.59,0,Inactive,2024-06-21
ACC000307,CUST00307,Savings,148447.66,0,Active,2019-07-14
ACC000308,CUST00308,Savings,31763.44,0,Active,2024-05-06
ACC000309,CUST00309,Savings,109838.49,0,Active,2025-02-20
ACC000310,CUST00310,Savings,154052.95,0,Inactive,2021-04-10
ACC000311,CUST00311,Savings,30783.99,0,Active,2024-05-25
ACC000312,CUST00312,Savings,69502.85,0,Active,2023-05-14
ACC000313,CUST00313,Current,109792.79,0,Active,2023-07-18
ACC000314,CUST00314,Savings,186823.56,0,Active,2019-03-24
ACC000315,CUST00315,Credit,73247.46,123297,Active,2020-06-26
ACC000316,CUST00316,Savings,145150.81,0,Inactive,2023-10-27
ACC000317,CUST00317,Savings,231255.6,0,Active,2021-03-05
ACC000318,CUST00318,Savings,148975.37,0,Active,2018-04-13
ACC000319,CUST00319,Savings,93945.9,0,Active,2025-06-01
ACC000320,CUST00320,Savings,132792.85,0,Active,2023-12-09
ACC000321,CUST00321,Savings,71878.6,0,Active,2021-11-28
ACC000322,CUST00322,Savings,112423.25,0,Active,2024-09-03
ACC000323,CUST00323,Savings,96817.59,0,Active,2023-08-27
ACC000324,CUST00324,Savings,130273.36,0,Active,2018-03-22
ACC000325,CUST00325,Current,81961.49,0,Active,2022-06-05
ACC000326,CUST00326,Savings,134562.42,0,Active,2024-11-19
ACC000327,CUST00327,Savings,81463.43,0,Active,2022-08-02
ACC000328,CUST00328,Savings,174286.13,0,Active,2020-08-19
ACC000329,CUST00329,Current,86756.68,0,Active,2018-11-22
ACC000330,CUST00330,Current,21242.19,0,Active,2018-10-12
ACC000331,CUST00331,Savings,53439.18,0,Active,2018-09-27
ACC000332,CUST00332,Savings,107874.28,0,Active,2019-03-29
ACC000333,CUST00333,Credit,257918.04,177815,Inactive,2023-04-09
ACC000334,CUST00334,Credit,170533.02,185033,Active,2018-12-07
ACC000335,CUST00335,Savings,17616.68,0,Active,2022-03-06
ACC000336,CUST00336,Current,36302.79,0,Active,2023-08-13
ACC000337,CUST00337,Credit,200176.08,168532,Active,2019-10-14
ACC000338,CUST00338,Savings,153568.51,0,Active,2024-07-22
ACC000339,CUST00339,Savings,334356.51,0,Active,2022-11-02
ACC000340,CUST00340,Savings,79386.9,0,Active,2022-05-09
ACC000341,CUST00341,Current,60228.03,0,Active,2020-02-11
ACC000342,CUST00342,Savings,111409.98,0,Active,2018-05-31
ACC000343,CUST00343,Current,78409.43,0,Active,2025-01-20
ACC000344,CUST00344,Savings,189804.95,0,Active,2019-05-23
ACC000345,CUST00345,Savings,76700.4,0,Active,2022-05-26
ACC000346,CUST00346,Savings,89991.78,0,Active,2024-10-21
ACC000347,CUST00347,Savings,54656.49,0,Active,2020-09-30
ACC000348,CUST00348,Savings,164146.91,0,Active,2019-07-04
ACC000349,CUST00349,Savings,57058.16,0,Active,2024-05-30
ACC000350,CUST00350,Credit,136015.28,189984,Active,2024-06-09
ACC000351,CUST00351,Savings,282220.69,0,Inactive,2023-07-15
ACC000352,CUST00352,Savings,27560.3,0,Active,2018-03-03
ACC000353,CUST00353,Savings,237267.56,0,Active,2023-06-02
ACC000354,CUST00354,Current,126019.15,0,Active,2022-09-09
ACC000355,CUST00355,Savings,48746.3,0,Active,2024-11-19
ACC000356,CUST00356,Savings,113973.06,0,Active,2020-12-30
ACC000357,CUST00357,Savings,161443.53,0,Active,2025-01-18
ACC000358,CUST00358,Savings,62916.32,0,Active,2024-06-03
ACC000359,CUST00359,Savings,140521.69,0,Active,2020-05-17
ACC000360,CUST00360,Current,248245.13,0,Active,2018-09-13
ACC000361,CUST00361,Savings,76637.55,0,Active,2024-06-20
ACC000362,CUST00362,Savings,54204.3,0,Active,2021-06-26
ACC000363,CUST00363,Savings,98659.46,0,Active,2024-07-19
ACC000364,CUST00364,Credit,110348.16,276910,Active,2022-12-26
ACC000365,CUST00365,Credit,195290.84,286974,Active,2020-08-29
ACC000366,CUST00366,Current,96674.94,0,Active,2019-08-29
ACC000367,CUST00367,Savings,81142.04,0,Active,2021-03-07
ACC000368,CUST00368,Savings,53273.79,0,Active,2024-01-14
ACC000369,CUST00369,Savings,30974.46,0,Active,2021-02-05
ACC000370,CUST00370,Current,42646.09,0,Active,2021-10-05
ACC000371,CUST00371,Savings,42464.92,0,Inactive,2020-09-11
ACC000372,CUST00372,Savings,90592.86,0,Active,2019-12-25
ACC000373,CUST00373,Savings,35526.48,0,Active,2021-07-07
ACC000374,CUST00374,Savings,103159.3,0,Active,2018-04-17
ACC000375,CUST00375,Savings,278756.27,0,Active,2022-02-19
ACC000376,CUST00376,Savings,198472.69,0,Active,2020-06-03
ACC000377,CUST00377,Savings,90049.31,0,Active,2025-03-04
ACC000378,CUST00378,Savings,378513.71,0,Active,2022-08-07
ACC000379,CUST00379,Credit,110581.74,165673,Active,2018-09-13
ACC000380,CUST00380,Current,120135.73,0,Active,2018-12-03
ACC000381,CUST00381,Savings,97512.22,0,Active,2019-10-21
ACC000382,CUST00382,Savings,104541.5,0,Active,2018-06-01
ACC000383,CUST00383,Savings,74962.19,0,Active,2018-02-04
ACC000384,CUST00384,Savings,90863.43,0,Active,2019-12-13
ACC000385,CUST00385,Savings,238153.39,0,Inactive,2018-05-03
ACC000386,CUST00386,Credit,210518.97,287284,Active,2019-07-26
ACC000387,CUST00387,Credit,20466.28,178298,Active,2021-11-15
ACC000388,CUST00388,Savings,38613.22,0,Inactive,2020-04-02
ACC000389,CUST00389,Savings,63499.63,0,Active,2025-07-15
ACC000390,CUST00390,Savings,180201.35,0,Active,2023-05-24
ACC000391,CUST00391,Savings,213147.49,0,Active,2024-12-10
ACC000392,CUST00392,Savings,161091.21,0,Active,2021-10-17
ACC000393,CUST00393,Savings,48608.36,0,Active,2024-09-26
ACC000394,CUST00394,Savings,75942.52,0,Active,2020-10-08
ACC000395,CUST00395,Savings,141931.97,0,Active,2018-02-27
ACC000396,CUST00396,Savings,91726.17,0,Active,2020-04-19
ACC000397,CUST00397,Current,84008.91,0,Active,2021-03-18
ACC000398,CUST00398,Savings,84783.07,0,Active,2020-12-19
ACC000399,CUST00399,Current,201728.0,0,Active,2021-12-03
ACC000400,CUST00400,Savings,150287.41,0,Active,2022-06-11
ACC000401,CUST00401,Credit,87697.86,188131,Active,2018-06-30
ACC000402,CUST00402,Current,129419.23,0,Active,2024-06-15
ACC000403,CUST00403,Savings,44038.09,0,Active,2024-04-10
ACC000404,CUST00404,Savings,76036.16,0,Active,2021-04-18
ACC000405,CUST00405,Current,190907.18,0,Active,2024-02-16
ACC000406,CUST00406,Savings,33874.1,0,Inactive,2024-02-03
ACC000407,CUST00407,Current,151349.62,0,Active,2024-10-19
ACC000408,CUST00408,Savings,20281.29,0,Active,2023-10-16
ACC000409,CUST00409,Savings,260280.94,0,Inactive,2018-09-21
ACC000410,CUST00410,Savings,74885.06,0,Active,2024-12-11
ACC000411,CUST00411,Savings,134919.94,0,Active,2022-04-15
ACC000412,CUST00412,Current,114303.31,0,Active,2018-05-05
ACC000413,CUST00413,Savings,116788.63,0,Active,2025-05-21
ACC000414,CUST00414,Credit,128061.88,293121,Active,2020-03-28
ACC000415,CUST00415,Savings,29416.99,0,Active,2020-01-19
ACC000416,CUST00416,Savings,118221.34,0,Active,2023-02-08
ACC000417,CUST00417,Savings,95094.61,0,Active,2022-06-23
ACC000418,CUST00418,Current,75151.59,0,Active,2024-05-17
ACC000419,CUST00419,Savings,63477.07,0,Inactive,2018-03-24
ACC000420,CUST00420,Credit,119977.44,203553,Active,2019-11-01
ACC000421,CUST00421,Savings,54672.85,0,Active,2019-06-16
ACC000422,CUST00422,Credit,189001.89,76987,Active,2025-06-05
ACC000423,CUST00423,Current,140610.34,0,Active,2021-09-15
ACC000424,CUST00424,Savings,124279.7,0,Active,2018-02-12
ACC000425,CUST00425,Savings,184592.45,0,Active,2025-02-02
ACC000426,CUST00426,Savings,25945.92,0,Active,2019-06-16
ACC000427,CUST00427,Current,43015.26,0,Active,2019-05-21
ACC000428,CUST00428,Credit,144178.8,133721,Active,2022-06-16
ACC000429,CUST00429,Credit,65937.21,260001,Active,2024-06-09
ACC000430,CUST00430,Current,71501.08,0,Active,2019-02-06
ACC000431,CUST00431,Savings,38641.44,0,Active,2021-12-09
ACC000432,CUST00432,Savings,54777.48,0,Active,2020-06-06
ACC000433,CUST00433,Current,191353.59,0,Active,2020-06-06
ACC000434,CUST00434,Savings,142243.81,0,Active,2023-06-19
ACC000435,CUST00435,Credit,119201.37,145394,Active,2023-08-26
ACC000436,CUST00436,Savings,73311.23,0,Active,2025-08-28
ACC000437,CUST00437,Savings,114836.45,0,Active,2019-02-21
ACC000438,CUST00438,Savings,200725.09,0,Active,2022-09-14
ACC000439,CUST00439,Savings,67012.7,0,Active,2020-11-17
ACC000440,CUST00440,Savings,104397.51,0,Active,2019-03-19
ACC000441,CUST00441,Savings,269182.25,0,Active,2022-08-06
ACC000442,CUST00442,Savings,159897.3,0,Active,2021-01-19
ACC000443,CUST00443,Savings,73983.31,0,Inactive,2025-02-01
ACC000444,CUST00444,Savings,152656.54,0,Active,2019-08-14
ACC000445,CUST00445,Savings,33462.41,0,Active,2022-10-13
ACC000446,CUST00446,Savings,101878.19,0,Active,2018-06-11
ACC000447,CUST00447,Savings,152562.17,0,Active,2021-01-22
ACC000448,CUST00448,Savings,133478.28,0,Active,2023-08-31
ACC000449,CUST00449,Savings,151727.34,0,Inactive,2024-07-25
ACC000450,CUST00450,Savings,170936.71,0,Active,2020-06-25
ACC000451,CUST00451,Savings,139559.3,0,Active,2018-05-08
ACC000452,CUST00452,Savings,137262.11,0,Active,2018-01-25
ACC000453,CUST00453,Savings,120816.02,0,Active,2024-07-21
ACC000454,CUST00454,Savings,50488.6,0,Active,2022-05-13
ACC000455,CUST00455,Savings,191306.44,0,Active,2021-09-03
ACC000456,CUST00456,Savings,104103.74,0,Active,2022-02-11
ACC000457,CUST00457,Credit,157661.83,108246,Inactive,2019-06-06
ACC000458,CUST00458,Savings,180442.86,0,Active,2022-11-07
ACC000459,CUST00459,Credit,76384.79,137314,Active,2024-01-25
ACC000460,CUST00460,Savings,80728.23,0,Active,2018-08-08
ACC000461,CUST00461,Current,87719.32,0,Active,2022-09-07
ACC000462,CUST00462,Savings,211514.46,0,Active,2024-09-18
ACC000463,CUST00463,Savings,58252.58,0,Active,2021-08-27
ACC000464,CUST00464,Savings,231847.98,0,Active,2024-03-07
ACC000465,CUST00465,Savings,120027.58,0,Active,2025-01-25
ACC000466,CUST00466,Savings,125078.47,0,Active,2018-02-24
ACC000467,CUST00467,Savings,175968.44,0,Active,2021-11-11
ACC000468,CUST00468,Savings,112132.22,0,Active,2023-09-15
ACC000469,CUST00469,Savings,192497.56,0,Active,2020-06-25
ACC000470,CUST00470,Current,76319.78,0,Active,2023-09-07
ACC000471,CUST00471,Savings,227747.93,0,Active,2022-05-11
ACC000472,CUST00472,Savings,80132.65,0,Active,2020-11-17
ACC000473,CUST00473,Savings,232550.88,0,Active,2019-09-07
ACC000474,CUST00474,Savings,81506.97,0,Active,2019-02-02
ACC000475,CUST00475,Savings,89298.98,0,Active,2021-06-15
ACC000476,CUST00476,Savings,53601.91,0,Active,2025-01-09
ACC000477,CUST00477,Savings,63963.88,0,Active,2018-04-04
ACC000478,CUST00478,Savings,104417.06,0,Active,2023-09-12
ACC000479,CUST00479,Savings,122708.59,0,Active,2025-03-06
ACC000480,CUST00480,Savings,184746.09,0,Active,2024-01-14
ACC000481,CUST00481,Savings,93290.63,0,Inactive,2021-06-07
ACC000482,CUST00482,Savings,48853.61,0,Active,2019-11-24
ACC000483,CUST00483,Savings,133646.13,0,Active,2018-05-25
ACC000484,CUST00484,Credit,117912.88,174639,Active,2018-11-08
ACC000485,CUST00485,Current,142175.24,0,Active,2021-03-12
ACC000486,CUST00486,Savings,70197.18,0,Active,2020-07-15
ACC000487,CUST00487,Savings,75605.7,0,Active,2025-04-05
ACC000488,CUST00488,Savings,70214.62,0,Active,2020-11-26
ACC000489,CUST00489,Savings,204708.06,0,Active,2018-01-10
ACC000490,CUST00490,Savings,228958.44,0,Active,2023-07-24
ACC000491,CUST00491,Savings,73560.35,0,Active,2021-10-10
ACC000492,CUST00492,Savings,74508.84,0,Active,2023-08-11
ACC000493,CUST00493,Current,153581.0,0,Active,2019-06-01
ACC000494,CUST00494,Savings,243041.66,0,Active,2025-08-27
ACC000495,CUST00495,Savings,272229.89,0,Active,2024-04-20
ACC000496,CUST00496,Savings,71437.52,0,Inactive,2019-08-28
ACC000497,CUST00497,Savings,83293.4,0,Active,2025-06-04
ACC000498,CUST00498,Savings,126450.1,0,Active,2019-01-06
ACC000499,CUST00499,Savings,130038.72,0,Inactive,2022-12-04
ACC000500,CUST00500,Savings,95520.97,0,Inactive,2020-08-11
ACC000501,CUST00501,Savings,62557.62,0,Active,2022-11-10
ACC000502,CUST00502,Savings,104517.42,0,Active,2021-06-17
ACC000503,CUST00503,Savings,272068.92,0,Active,2018-08-08
ACC000504,CUST00504,Savings,76302.91,0,Active,2020-09-22
ACC000505,CUST00505,Savings,121962.35,0,Active,2020-04-08
ACC000506,CUST00506,Savings,371502.07,0,Active,2021-10-05
ACC000507,CUST00507,Savings,75612.36,0,Active,2019-09-12
ACC000508,CUST00508,Savings,157694.96,0,Active,2021-04-20
ACC000509,CUST00509,Savings,278477.67,0,Active,2022-10-25
ACC000510,CUST00510,Savings,150086.67,0,Active,2019-09-18
ACC000511,CUST00511,Current,196712.93,0,Active,2019-06-30
ACC000512,CUST00512,Savings,169737.31,0,Active,2023-06-07
ACC000513,CUST00513,Savings,143351.12,0,Active,2023-10-08
ACC000514,CUST00514,Savings,224815.87,0,Active,2025-04-27
ACC000515,CUST00515,Savings,154898.88,0,Active,2022-11-25
ACC000516,CUST00516,Savings,96118.7,0,Active,2019-06-07
ACC000517,CUST00517,Savings,116539.83,0,Inactive,2018-02-28
ACC000518,CUST00518,Current,132606.03,0,Active,2020-03-15
ACC000519,CUST00519,Savings,82981.55,0,Active,2023-04-11
ACC000520,CUST00520,Savings,119642.45,0,Active,2022-12-25
ACC000521,CUST00521,Savings,109728.73,0,Active,2021-02-08
ACC000522,CUST00522,Savings,154628.84,0,Active,2021-12-24
ACC000523,CUST00523,Current,319549.55,0,Active,2019-10-16
ACC000524,CUST00524,Savings,123799.64,0,Active,2018-07-03
ACC000525,CUST00525,Savings,246444.68,0,Active,2020-05-10
ACC000526,CUST00526,Savings,151505.27,0,Active,2020-07-13
ACC000527,CUST00527,Savings,119326.13,0,Active,2022-01-28
ACC000528,CUST00528,Savings,80082.4,0,Active,2020-07-21
ACC000529,CUST00529,Savings,119853.48,0,Inactive,2023-10-19
ACC000530,CUST00530,Savings,115590.09,0,Active,2023-09-08
ACC000531,CUST00531,Current,67159.22,0,Active,2024-01-13
ACC000532,CUST00532,Savings,74164.89,0,Active,2021-02-25
ACC000533,CUST00533,Credit,133251.92,261525,Active,2024-03-22
ACC000534,CUST00534,Savings,245085.37,0,Active,2018-07-15
ACC000535,CUST00535,Savings,102429.26,0,Active,2019-08-29
ACC000536,CUST00536,Savings,37284.97,0,Active,2021-06-29
ACC000537,CUST00537,Savings,17860.22,0,Active,2024-11-22
ACC000538,CUST00538,Savings,52899.33,0,Active,2024-05-19
ACC000539,CUST00539,Savings,159949.02,0,Active,2018-06-12
ACC000540,CUST00540,Savings,42989.33,0,Active,2020-01-20
ACC000541,CUST00541,Savings,174406.91,0,Active,2022-05-25
ACC000542,CUST00542,Savings,155023.83,0,Active,2019-09-16
ACC000543,CUST00543,Savings,100318.79,0,Active,2020-12-17
ACC000544,CUST00544,Current,67554.07,0,Active,2024-06-19
ACC000545,CUST00545,Savings,91672.39,0,Active,2024-02-12
ACC000546,CUST00546,Savings,131354.99,0,Active,2025-04-23
ACC000547,CUST00547,Savings,44022.67,0,Active,2023-07-23
ACC000548,CUST00548,Current,231495.97,0,Active,2019-05-02
ACC000549,CUST00549,Savings,130656.06,0,Active,2019-05-20
ACC000550,CUST00550,Savings,139369.76,0,Active,2021-04-17
ACC000551,CUST00551,Savings,154397.91,0,Inactive,2025-02-09
ACC000552,CUST00552,Credit,219172.11,270718,Active,2023-05-18
ACC000553,CUST00553,Credit,120025.2,143532,Active,2022-01-11
ACC000554,CUST00554,Current,160004.42,0,Active,2022-01-12
ACC000555,CUST00555,Savings,68304.25,0,Active,2020-12-26
ACC000556,CUST00556,Savings,272847.95,0,Active,2020-12-31
ACC000557,CUST00557,Savings,115255.13,0,Active,2024-05-27
ACC000558,CUST00558,Savings,68078.39,0,Active,2021-05-14
ACC000559,CUST00559,Current,80095.9,0,Active,2024-02-05
ACC000560,CUST00560,Savings,24726.83,0,Active,2023-11-07
ACC000561,CUST00561,Credit,79765.94,135960,Active,2024-04-17
ACC000562,CUST00562,Savings,13755.94,0,Active,2023-10-19
ACC000563,CUST00563,Savings,166668.21,0,Active,2022-10-15
ACC000564,CUST00564,Savings,136940.83,0,Active,2022-01-04
ACC000565,CUST00565,Savings,55151.01,0,Inactive,2025-07-05
ACC000566,CUST00566,Savings,103580.43,0,Active,2023-01-10
ACC000567,CUST00567,Savings,106431.52,0,Active,2024-03-21
ACC000568,CUST00568,Savings,47483.29,0,Active,2025-05-15
ACC000569,CUST00569,Credit,92874.56,73060,Active,2023-11-03
ACC000570,CUST00570,Savings,108432.5,0,Active,2022-07-24
ACC000571,CUST00571,Current,91322.03,0,Active,2024-10-30
ACC000572,CUST00572,Savings,68033.25,0,Active,2022-08-30
ACC000573,CUST00573,Current,53706.06,0,Active,2020-11-19
ACC000574,CUST00574,Savings,89338.69,0,Active,2022-02-13
ACC000575,CUST00575,Savings,73538.3,0,Active,2024-06-30
ACC000576,CUST00576,Savings,148609.27,0,Active,2024-08-05
ACC000577,CUST00577,Savings,226667.43,0,Active,2020-11-08
ACC000578,CUST00578,Savings,179179.95,0,Active,2019-11-11
ACC000579,CUST00579,Savings,110609.31,0,Active,2021-11-17
ACC000580,CUST00580,Savings,69743.66,0,Active,2025-01-09
ACC000581,CUST00581,Savings,176476.21,0,Active,2020-02-14
ACC000582,CUST00582,Savings,153767.64,0,Active,2022-11-04
ACC000583,CUST00583,Savings,217933.09,0,Active,2025-06-22
ACC000584,CUST00584,Savings,120101.43,0,Active,2020-06-14
ACC000585,CUST00585,Savings,264986.35,0,Active,2019-12-03
ACC000586,CUST00586,Savings,120123.43,0,Active,2018-09-18
ACC000587,CUST00587,Savings,69523.38,0,Active,2019-02-22
ACC000588,CUST00588,Savings,78078.53,0,Active,2019-05-12
ACC000589,CUST00589,Current,144592.56,0,Active,2025-01-07
ACC000590,CUST00590,Savings,73409.86,0,Active,2022-02-07
ACC000591,CUST00591,Savings,263978.72,0,Active,2021-01-20
ACC000592,CUST00592,Savings,137780.95,0,Active,2023-04-08
ACC000593,CUST00593,Savings,109168.35,0,Active,2024-03-29
ACC000594,CUST00594,Savings,114700.75,0,Active,2023-11-13
ACC000595,CUST00595,Savings,90722.67,0,Active,2019-05-14
ACC000596,CUST00596,Savings,30582.92,0,Active,2022-05-25
ACC000597,CUST00597,Savings,78115.64,0,Active,2021-12-08
ACC000598,CUST00598,Savings,246049.16,0,Active,2022-10-10
ACC000599,CUST00599,Savings,122009.77,0,Active,2018-08-27
ACC000600,CUST00600,Credit,190723.24,225175,Active,2023-11-15
ACC000601,CUST00601,Savings,193778.49,0,Active,2024-01-15
ACC000602,CUST00602,Current,104171.02,0,Active,2021-09-01
ACC000603,CUST00603,Current,155201.71,0,Active,2025-03-07
ACC000604,CUST00604,Credit,33276.76,239636,Active,2021-12-05
ACC000605,CUST00605,Current,235103.27,0,Active,2023-10-02
ACC000606,CUST00606,Savings,224593.93,0,Active,2021-01-07
ACC000607,CUST00607,Savings,142300.18,0,Active,2020-04-08
ACC000608,CUST00608,Savings,124615.89,0,Active,2020-04-26
ACC000609,CUST00609,Savings,105006.17,0,Inactive,2020-07-14
ACC000610,CUST00610,Savings,203069.45,0,Active,2021-10-16
ACC000611,CUST00611,Savings,165430.99,0,Active,2020-01-30
ACC000612,CUST00612,Savings,7820.8,0,Active,2025-02-16
ACC000613,CUST00613,Savings,84700.44,0,Active,2023-11-26
ACC000614,CUST00614,Savings,48972.16,0,Active,2025-03-12
ACC000615,CUST00615,Current,42478.97,0,Active,2020-08-27
ACC000616,CUST00616,Savings,201877.58,0,Active,2022-09-08
ACC000617,CUST00617,Savings,103631.09,0,Active,2023-07-03
ACC000618,CUST00618,Savings,140959.57,0,Active,2025-06-01
ACC000619,CUST00619,Current,111763.75,0,Active,2023-06-25
ACC000620,CUST00620,Savings,42893.6,0,Active,2018-09-01
ACC000621,CUST00621,Savings,33875.54,0,Active,2018-05-15
ACC000622,CUST00622,Savings,81074.88,0,Active,2025-01-03
ACC000623,CUST00623,Current,85475.13,0,Active,2018-08-07
ACC000624,CUST00624,Current,85441.01,0,Active,2025-01-09
ACC000625,CUST00625,Savings,87006.69,0,Active,2023-07-31
ACC000626,CUST00626,Savings,307950.12,0,Active,2018-03-24
ACC000627,CUST00627,Credit,189109.78,86722,Active,2018-03-21
ACC000628,CUST00628,Savings,123036.93,0,Active,2022-01-19
ACC000629,CUST00629,Current,102057.72,0,Active,2025-03-17
ACC000630,CUST00630,Savings,104253.75,0,Active,2020-12-30
ACC000631,CUST00631,Savings,162036.1,0,Active,2018-10-07
ACC000632,CUST00632,Savings,101480.67,0,Active,2020-11-20
ACC000633,CUST00633,Savings,178414.37,0,Active,2023-03-04
ACC000634,CUST00634,Savings,130937.66,0,Active,2018-03-23
ACC000635,CUST00635,Savings,309492.5,0,Active,2020-11-07
ACC000636,CUST00636,Savings,97806.05,0,Active,2021-07-09
ACC000637,CUST00637,Credit,196661.78,108597,Active,2021-07-21
ACC000638,CUST00638,Current,52138.8,0,Active,2019-01-19
ACC000639,CUST00639,Savings,70889.9,0,Active,2020-01-07
ACC000640,CUST00640,Current,286899.04,0,Active,2025-06-05
ACC000641,CUST00641,Savings,174190.37,0,Active,2024-09-11
ACC000642,CUST00642,Savings,142430.97,0,Active,2022-12-31
ACC000643,CUST00643,Savings,353270.88,0,Active,2024-02-21
ACC000644,CUST00644,Savings,102947.11,0,Active,2024-01-30
ACC000645,CUST00645,Current,196400.95,0,Active,2022-07-21
ACC000646,CUST00646,Savings,204507.76,0,Active,2018-05-04
ACC000647,CUST00647,Savings,252890.41,0,Active,2023-06-12
ACC000648,CUST00648,Savings,47942.48,0,Active,2024-02-16
ACC000649,CUST00649,Savings,102531.78,0,Active,2022-05-14
ACC000650,CUST00650,Savings,129614.7,0,Active,2024-03-01
ACC000651,CUST00651,Savings,250607.02,0,Active,2023-02-20
ACC000652,CUST00652,Credit,139118.61,117407,Active,2023-12-02
ACC000653,CUST00653,Savings,204753.85,0,Active,2024-08-06
ACC000654,CUST00654,Savings,44894.89,0,Active,2019-03-06
ACC000655,CUST00655,Savings,88386.58,0,Active,2023-07-12
ACC000656,CUST00656,Savings,224123.77,0,Active,2018-10-29
ACC000657,CUST00657,Savings,95756.34,0,Active,2020-03-16
ACC000658,CUST00658,Savings,107687.53,0,Active,2018-01-05
ACC000659,CUST00659,Savings,248396.4,0,Active,2023-05-27
ACC000660,CUST00660,Savings,60356.77,0,Active,2019-09-22
ACC000661,CUST00661,Savings,70136.82,0,Active,2025-03-21
ACC000662,CUST00662,Current,41482.43,0,Active,2020-01-02
ACC000663,CUST00663,Savings,253888.62,0,Active,2022-07-08
ACC000664,CUST00664,Savings,187158.25,0,Inactive,2018-03-15
ACC000665,CUST00665,Savings,184505.32,0,Active,2022-08-25
ACC000666,CUST00666,Savings,86824.55,0,Active,2019-05-02
ACC000667,CUST00667,Current,39211.47,0,Active,2024-11-02
ACC000668,CUST00668,Savings,31246.16,0,Active,2024-02-08
ACC000669,CUST00669,Credit,225042.92,273662,Active,2018-08-14
ACC000670,CUST00670,Current,147903.65,0,Active,2019-07-23
ACC000671,CUST00671,Savings,164315.87,0,Active,2024-10-20
ACC000672,CUST00672,Savings,126108.43,0,Active,2020-06-06
ACC000673,CUST00673,Savings,64608.57,0,Active,2020-11-23
ACC000674,CUST00674,Current,89363.37,0,Active,2019-02-04
ACC000675,CUST00675,Savings,54246.48,0,Active,2019-12-28
ACC000676,CUST00676,Savings,49599.94,0,Active,2019-02-03
ACC000677,CUST00677,Savings,178597.5,0,Active,2020-12-01
ACC000678,CUST00678,Savings,33454.09,0,Active,2021-05-07
ACC000679,CUST00679,Savings,54500.89,0,Active,2022-03-12
ACC000680,CUST00680,Savings,92656.21,0,Active,2024-09-25
ACC000681,CUST00681,Current,113698.88,0,Active,2023-12-20
ACC000682,CUST00682,Savings,41103.01,0,Active,2020-07-20
ACC000683,CUST00683,Savings,32780.44,0,Active,2019-09-03
ACC000684,CUST00684,Current,138102.79,0,Active,2020-10-30
ACC000685,CUST00685,Savings,121971.36,0,Active,2025-02-26
ACC000686,CUST00686,Savings,222886.64,0,Active,2021-05-15
ACC000687,CUST00687,Savings,114856.19,0,Active,2023-07-28
ACC000688,CUST00688,Current,146235.87,0,Active,2022-01-10
ACC000689,CUST00689,Credit,67069.49,243854,Active,2021-09-24
ACC000690,CUST00690,Current,68961.05,0,Active,2025-03-06
ACC000691,CUST00691,Savings,44301.2,0,Active,2024-03-30
ACC000692,CUST00692,Savings,67506.05,0,Active,2021-07-19
ACC000693,CUST00693,Savings,88537.29,0,Active,2022-02-04
ACC000694,CUST00694,Savings,210689.3,0,Active,2020-04-27
ACC000695,CUST00695,Savings,60877.26,0,Active,2021-01-21
ACC000696,CUST00696,Savings,317098.14,0,Active,2022-11-18
ACC000697,CUST00697,Savings,153651.39,0,Active,2021-05-05
ACC000698,CUST00698,Savings,136043.25,0,Active,2023-06-26
ACC000699,CUST00699,Current,109554.09,0,Active,2018-09-27
ACC000700,CUST00700,Credit,97349.78,195069,Active,2018-01-19
ACC000701,CUST00701,Savings,74238.23,0,Active,2019-10-18
ACC000702,CUST00702,Current,39877.87,0,Active,2025-03-07
ACC000703,CUST00703,Savings,62311.84,0,Active,2022-07-31
ACC000704,CUST00704,Credit,253551.27,205528,Active,2018-03-25
ACC000705,CUST00705,Savings,148316.16,0,Active,2024-11-15
ACC000706,CUST00706,Savings,252306.11,0,Active,2022-12-31
ACC000707,CUST00707,Savings,73004.24,0,Active,2021-07-28
ACC000708,CUST00708,Savings,53164.81,0,Active,2024-02-07
ACC000709,CUST00709,Savings,108908.51,0,Active,2023-04-29
ACC000710,CUST00710,Savings,63862.88,0,Active,2019-01-06
ACC000711,CUST00711,Savings,122677.84,0,Active,2019-10-05
ACC000712,CUST00712,Savings,33896.41,0,Active,2024-01-29
ACC000713,CUST00713,Current,22246.39,0,Active,2022-07-09
ACC000714,CUST00714,Savings,133013.0,0,Active,2023-10-04
ACC000715,CUST00715,Savings,257463.51,0,Active,2023-03-05
ACC000716,CUST00716,Savings,136444.64,0,Active,2023-09-20
ACC000717,CUST00717,Savings,147450.71,0,Active,2021-02-02
ACC000718,CUST00718,Savings,111708.74,0,Inactive,2022-11-09
ACC000719,CUST00719,Current,118116.12,0,Active,2022-10-28
ACC000720,CUST00720,Savings,38407.79,0,Active,2024-10-07
ACC000721,CUST00721,Savings,65474.44,0,Active,2019-05-11
ACC000722,CUST00722,Savings,209493.71,0,Active,2023-12-11
ACC000723,CUST00723,Savings,50043.36,0,Active,2023-10-12
ACC000724,CUST00724,Current,87305.07,0,Active,2020-12-10
ACC000725,CUST00725,Current,207146.86,0,Active,2022-07-26
ACC000726,CUST00726,Savings,116193.94,0,Active,2025-02-06
ACC000727,CUST00727,Current,119709.46,0,Active,2022-10-13
ACC000728,CUST00728,Savings,87722.51,0,Active,2020-05-25
ACC000729,CUST00729,Savings,159927.82,0,Active,2020-06-17
ACC000730,CUST00730,Savings,182156.33,0,Active,2019-08-17
ACC000731,CUST00731,Savings,63122.59,0,Active,2018-12-18
ACC000732,CUST00732,Savings,41199.68,0,Active,2021-03-15
ACC000733,CUST00733,Savings,26064.94,0,Active,2019-02-25
ACC000734,CUST00734,Savings,143408.18,0,Active,2024-12-17
ACC000735,CUST00735,Savings,134114.99,0,Active,2023-11-03
ACC000736,CUST00736,Savings,366432.54,0,Active,2018-01-26
ACC000737,CUST00737,Savings,112101.52,0,Inactive,2023-11-20
ACC000738,CUST00738,Savings,100336.73,0,Active,2019-12-02
ACC000739,CUST00739,Savings,125103.32,0,Active,2020-03-10
ACC000740,CUST00740,Savings,129089.94,0,Active,2019-04-30
ACC000741,CUST00741,Current,95641.63,0,Active,2022-02-02
ACC000742,CUST00742,Savings,64525.35,0,Active,2025-07-17
ACC000743,CUST00743,Savings,108518.06,0,Active,2019-06-26
ACC000744,CUST00744,Savings,106072.12,0,Active,2025-01-12
ACC000745,CUST00745,Savings,105040.25,0,Active,2019-01-23
ACC000746,CUST00746,Savings,169495.63,0,Active,2018-12-27
ACC000747,CUST00747,Savings,107344.33,0,Active,2019-04-02
ACC000748,CUST00748,Savings,41875.31,0,Active,2019-01-27
ACC000749,CUST00749,Credit,71601.47,263784,Active,2021-04-21
ACC000750,CUST00750,Savings,94913.93,0,Active,2024-06-03
ACC000751,CUST00751,Savings,110409.98,0,Active,2022-08-14
ACC000752,CUST00752,Savings,145141.87,0,Active,2024-02-25
ACC000753,CUST00753,Credit,110933.79,182216,Active,2020-11-28
ACC000754,CUST00754,Current,22668.72,0,Active,2023-08-03
ACC000755,CUST00755,Savings,45555.25,0,Active,2021-06-18
ACC000756,CUST00756,Current,150848.6,0,Active,2020-02-01
ACC000757,CUST00757,Savings,93323.25,0,Active,2022-09-07
ACC000758,CUST00758,Savings,116675.26,0,Active,2025-06-03
ACC000759,CUST00759,Savings,86128.58,0,Active,2020-10-13
ACC000760,CUST00760,Savings,71406.82,0,Active,2024-09-18
ACC000761,CUST00761,Savings,88104.16,0,Active,2020-03-05
ACC000762,CUST00762,Savings,117502.86,0,Active,2024-06-17
ACC000763,CUST00763,Savings,106865.76,0,Active,2023-12-23
ACC000764,CUST00764,Savings,181490.06,0,Active,2020-04-10
ACC000765,CUST00765,Savings,36102.19,0,Active,2021-06-16
ACC000766,CUST00766,Savings,39977.08,0,Active,2020-04-03
ACC000767,CUST00767,Savings,92648.34,0,Active,2018-09-16
ACC000768,CUST00768,Savings,146087.97,0,Active,2024-12-14
ACC000769,CUST00769,Current,164335.62,0,Active,2025-08-24
ACC000770,CUST00770,Savings,73266.85,0,Active,2024-04-17
ACC000771,CUST00771,Current,11152.8,0,Active,2024-11-03
ACC000772,CUST00772,Current,74816.7,0,Active,2025-03-01
ACC000773,CUST00773,Savings,134360.57,0,Active,2021-05-30
ACC000774,CUST00774,Savings,105669.75,0,Inactive,2018-08-09
ACC000775,CUST00775,Savings,149156.57,0,Active,2024-08-12
ACC000776,CUST00776,Savings,205471.11,0,Active,2018-07-25
ACC000777,CUST00777,Savings,96643.03,0,Active,2019-11-11
ACC000778,CUST00778,Credit,80252.56,86539,Active,2022-05-07
ACC000779,CUST00779,Current,58681.52,0,Active,2023-04-04
ACC000780,CUST00780,Savings,39806.79,0,Active,2021-12-13
ACC000781,CUST00781,Savings,32172.42,0,Inactive,2020-06-29
ACC000782,CUST00782,Savings,68660.07,0,Active,2020-07-08
ACC000783,CUST00783,Savings,190031.86,0,Active,2020-09-08
ACC000784,CUST00784,Savings,157359.04,0,Inactive,2022-04-23
ACC000785,CUST00785,Current,77865.15,0,Active,2022-03-03
ACC000786,CUST00786,Current,318743.03,0,Active,2025-01-15
ACC000787,CUST00787,Savings,71791.8,0,Active,2021-06-18
ACC000788,CUST00788,Savings,216290.97,0,Active,2023-07-02
ACC000789,CUST00789,Current,244629.24,0,Active,2021-06-21
ACC000790,CUST00790,Savings,139621.2,0,Active,2019-02-11
ACC000791,CUST00791,Credit,68240.07,255775,Active,2022-03-22
ACC000792,CUST00792,Savings,84539.2,0,Active,2021-06-28
ACC000793,CUST00793,Current,119190.41,0,Active,2023-09-09
ACC000794,CUST00794,Savings,40651.53,0,Active,2022-06-16
ACC000795,CUST00795,Credit,54956.09,58567,Active,2020-09-09
ACC000796,CUST00796,Current,51855.39,0,Active,2020-04-30
ACC000797,CUST00797,Savings,145700.84,0,Active,2024-11-27
ACC000798,CUST00798,Credit,204374.11,250207,Active,2022-10-27
ACC000799,CUST00799,Credit,160857.56,213408,Active,2023-02-14
ACC000800,CUST00800,Savings,185852.88,0,Inactive,2021-07-18
ACC000801,CUST00801,Savings,64476.31,0,Active,2023-06-23
ACC000802,CUST00802,Current,86947.12,0,Active,2019-01-07
ACC000803,CUST00803,Savings,91106.9,0,Active,2018-03-27
ACC000804,CUST00804,Savings,139302.2,0,Active,2018-10-11
ACC000805,CUST00805,Credit,69912.01,195814,Active,2018-05-30
ACC000806,CUST00806,Savings,179476.08,0,Active,2019-10-22
ACC000807,CUST00807,Savings,240894.87,0,Active,2020-06-05
ACC000808,CUST00808,Savings,143395.81,0,Active,2021-10-19
ACC000809,CUST00809,Credit,84559.83,276590,Active,2021-03-18
ACC000810,CUST00810,Savings,60703.83,0,Active,2019-05-20
ACC000811,CUST00811,Savings,51940.31,0,Active,2020-08-16
ACC000812,CUST00812,Savings,22881.29,0,Active,2021-09-28
ACC000813,CUST00813,Savings,92857.32,0,Active,2024-06-06
ACC000814,CUST00814,Current,89587.73,0,Active,2025-07-07
ACC000815,CUST00815,Current,173322.75,0,Active,2022-11-19
ACC000816,CUST00816,Savings,72933.42,0,Inactive,2022-03-02
ACC000817,CUST00817,Savings,96118.48,0,Active,2021-05-16
ACC000818,CUST00818,Savings,126209.87,0,Active,2025-03-04
ACC000819,CUST00819,Savings,142058.47,0,Active,2018-07-14
ACC000820,CUST00820,Current,162229.33,0,Active,2020-06-23
ACC000821,CUST00821,Current,118933.24,0,Inactive,2025-01-08
ACC000822,CUST00822,Savings,42402.98,0,Active,2018-06-21
ACC000823,CUST00823,Savings,134962.11,0,Active,2019-11-09
ACC000824,CUST00824,Current,69526.38,0,Active,2022-01-26
ACC000825,CUST00825,Savings,209718.13,0,Active,2023-04-13
ACC000826,CUST00826,Savings,108062.16,0,Active,2023-10-12
ACC000827,CUST00827,Current,123178.09,0,Active,2019-09-09
ACC000828,CUST00828,Savings,382834.22,0,Active,2020-02-14
ACC000829,CUST00829,Current,163829.59,0,Active,2021-05-25
ACC000830,CUST00830,Savings,133551.16,0,Active,2020-10-02
ACC000831,CUST00831,Savings,97875.95,0,Active,2023-08-21
ACC000832,CUST00832,Savings,45016.41,0,Active,2021-07-17
ACC000833,CUST00833,Savings,93587.58,0,Active,2022-03-06
ACC000834,CUST00834,Savings,60197.87,0,Active,2025-06-25
ACC000835,CUST00835,Savings,257150.06,0,Active,2018-01-03
ACC000836,CUST00836,Savings,134579.15,0,Inactive,2022-06-20
ACC000837,CUST00837,Savings,205477.18,0,Active,2025-03-21
ACC000838,CUST00838,Savings,71587.92,0,Active,2018-07-15
ACC000839,CUST00839,Savings,63172.84,0,Active,2023-12-05
ACC000840,CUST00840,Savings,154862.91,0,Active,2021-01-11
ACC000841,CUST00841,Savings,58563.65,0,Active,2020-01-19
ACC000842,CUST00842,Credit,80567.66,187398,Active,2023-07-13
ACC000843,CUST00843,Savings,263909.49,0,Active,2018-08-03
ACC000844,CUST00844,Savings,82634.09,0,Active,2024-10-22
ACC000845,CUST00845,Savings,38254.22,0,Inactive,2022-09-25
ACC000846,CUST00846,Credit,28037.65,90388,Active,2022-03-03
ACC000847,CUST00847,Savings,34824.57,0,Active,2024-11-15
ACC000848,CUST00848,Savings,212219.2,0,Active,2025-06-28
ACC000849,CUST00849,Savings,74527.6,0,Active,2023-01-11
ACC000850,CUST00850,Credit,376214.5,285366,Active,2024-01-19
ACC000851,CUST00851,Savings,242431.95,0,Active,2023-01-31
ACC000852,CUST00852,Current,298687.17,0,Active,2023-07-24
ACC000853,CUST00853,Current,188515.17,0,Active,2020-12-03
ACC000854,CUST00854,Credit,150240.27,199422,Active,2021-09-12
ACC000855,CUST00855,Savings,61651.21,0,Active,2025-02-08
ACC000856,CUST00856,Savings,106446.4,0,Active,2022-05-19
ACC000857,CUST00857,Credit,158926.96,173907,Active,2023-03-12
ACC000858,CUST00858,Savings,182025.98,0,Inactive,2024-11-29
ACC000859,CUST00859,Savings,48121.17,0,Active,2025-08-09
ACC000860,CUST00860,Current,94510.35,0,Active,2022-02-08
ACC000861,CUST00861,Savings,101356.62,0,Active,2022-05-30
ACC000862,CUST00862,Savings,98910.15,0,Active,2025-03-03
ACC000863,CUST00863,Savings,52778.53,0,Active,2020-10-05
ACC000864,CUST00864,Savings,279393.32,0,Active,2024-10-11
ACC000865,CUST00865,Savings,92546.18,0,Active,2025-04-05
ACC000866,CUST00866,Savings,55468.76,0,Active,2019-11-29
ACC000867,CUST00867,Savings,283195.26,0,Active,2024-03-10
ACC000868,CUST00868,Credit,242559.97,167164,Active,2020-11-20
ACC000869,CUST00869,Savings,116136.51,0,Active,2024-04-12
ACC000870,CUST00870,Savings,27833.62,0,Active,2018-07-20
ACC000871,CUST00871,Savings,79029.33,0,Active,2018-06-08
ACC000872,CUST00872,Savings,32729.62,0,Active,2022-08-29
ACC000873,CUST00873,Savings,143854.93,0,Active,2019-08-20
ACC000874,CUST00874,Savings,75517.26,0,Active,2020-11-16
ACC000875,CUST00875,Savings,104879.48,0,Active,2024-07-15
ACC000876,CUST00876,Savings,269357.96,0,Active,2024-06-11
ACC000877,CUST00877,Savings,71967.66,0,Active,2018-12-03
ACC000878,CUST00878,Savings,140310.32,0,Active,2025-04-08
ACC000879,CUST00879,Savings,164939.76,0,Active,2025-01-23
ACC000880,CUST00880,Credit,208556.76,165168,Active,2025-02-08
ACC000881,CUST00881,Savings,100257.46,0,Active,2021-12-30
ACC000882,CUST00882,Credit,93908.19,259074,Inactive,2024-05-01
ACC000883,CUST00883,Savings,92546.49,0,Active,2024-10-30
ACC000884,CUST00884,Credit,132507.29,105199,Active,2019-03-09
ACC000885,CUST00885,Current,236894.24,0,Active,2024-12-27
ACC000886,CUST00886,Current,89918.97,0,Active,2021-12-27
ACC000887,CUST00887,Savings,13749.92,0,Active,2018-02-06
ACC000888,CUST00888,Savings,175459.56,0,Active,2018-12-10
ACC000889,CUST00889,Savings,111102.59,0,Active,2021-12-21
ACC000890,CUST00890,Savings,144041.52,0,Active,2021-04-28
ACC000891,CUST00891,Current,33694.52,0,Active,2021-02-01
ACC000892,CUST00892,Savings,75706.71,0,Active,2023-02-08
ACC000893,CUST00893,Savings,167413.81,0,Active,2023-10-19
ACC000894,CUST00894,Savings,43923.17,0,Active,2023-09-13
ACC000895,CUST00895,Savings,140126.56,0,Active,2022-06-07
ACC000896,CUST00896,Credit,104355.47,120535,Active,2020-06-18
ACC000897,CUST00897,Savings,65518.72,0,Active,2020-03-28
ACC000898,CUST00898,Savings,62012.07,0,Active,2020-10-29
ACC000899,CUST00899,Savings,53121.08,0,Active,2022-10-26
ACC000900,CUST00900,Savings,110746.52,0,Active,2024-06-06
ACC000901,CUST00901,Current,118611.85,0,Active,2021-02-15
ACC000902,CUST00902,Savings,84443.78,0,Active,2018-04-20
ACC000903,CUST00903,Savings,50843.21,0,Active,2024-11-10
ACC000904,CUST00904,Savings,137799.24,0,Active,2021-08-01
ACC000905,CUST00905,Savings,177276.16,0,Inactive,2025-04-15
ACC000906,CUST00906,Savings,152436.35,0,Active,2023-02-03
ACC000907,CUST00907,Savings,305407.39,0,Active,2021-01-29
ACC000908,CUST00908,Savings,95160.39,0,Active,2023-02-14
ACC000909,CUST00909,Credit,224034.8,262827,Active,2024-08-23
ACC000910,CUST00910,Savings,69791.53,0,Active,2025-03-10
ACC000911,CUST00911,Savings,62516.68,0,Active,2018-03-09
ACC000912,CUST00912,Savings,114881.77,0,Inactive,2023-08-20
ACC000913,CUST00913,Savings,251875.2,0,Active,2019-01-17
ACC000914,CUST00914,Savings,88718.48,0,Active,2025-05-05
ACC000915,CUST00915,Savings,33674.99,0,Active,2023-06-17
ACC000916,CUST00916,Savings,175374.42,0,Active,2019-12-17
ACC000917,CUST00917,Savings,101662.72,0,Active,2022-01-26
ACC000918,CUST00918,Savings,127395.36,0,Active,2021-07-11
ACC000919,CUST00919,Savings,64710.26,0,Active,2020-08-12
ACC000920,CUST00920,Savings,114237.85,0,Active,2024-07-06
ACC000921,CUST00921,Credit,37601.42,215185,Active,2022-02-08
ACC000922,CUST00922,Savings,281783.82,0,Active,2019-04-28
ACC000923,CUST00923,Savings,193911.48,0,Active,2019-06-16
ACC000924,CUST00924,Credit,111160.65,188040,Active,2023-03-22
ACC000925,CUST00925,Savings,172628.53,0,Active,2024-11-12
ACC000926,CUST00926,Savings,69910.45,0,Active,2021-07-08
ACC000927,CUST00927,Current,189078.91,0,Active,2024-10-03
ACC000928,CUST00928,Current,86259.52,0,Active,2018-07-27
ACC000929,CUST00929,Credit,82413.22,189562,Inactive,2020-03-06
ACC000930,CUST00930,Savings,55651.3,0,Active,2023-01-20
ACC000931,CUST00931,Savings,136797.48,0,Active,2021-09-09
ACC000932,CUST00932,Savings,108256.51,0,Active,2020-06-06
ACC000933,CUST00933,Savings,228059.25,0,Active,2024-02-04
ACC000934,CUST00934,Savings,51232.63,0,Active,2019-02-13
ACC000935,CUST00935,Current,137160.81,0,Active,2024-11-20
ACC000936,CUST00936,Current,204543.63,0,Inactive,2021-08-06
ACC000937,CUST00937,Savings,380981.48,0,Active,2024-09-06
ACC000938,CUST00938,Savings,119874.26,0,Active,2022-01-17
ACC000939,CUST00939,Savings,85221.0,0,Inactive,2019-08-05
ACC000940,CUST00940,Savings,118053.22,0,Active,2021-09-08
ACC000941,CUST00941,Savings,217954.49,0,Active,2022-06-03
ACC000942,CUST00942,Savings,217903.75,0,Active,2023-04-21
ACC000943,CUST00943,Credit,99138.84,188218,Active,2024-08-04
ACC000944,CUST00944,Current,215794.63,0,Active,2019-05-18
ACC000945,CUST00945,Current,105179.89,0,Active,2023-12-16
ACC000946,CUST00946,Savings,171536.53,0,Active,2019-11-18
ACC000947,CUST00947,Current,146512.99,0,Active,2018-01-25
ACC000948,CUST00948,Savings,83068.91,0,Active,2024-04-09
ACC000949,CUST00949,Current,57047.62,0,Active,2019-10-01
ACC000950,CUST00950,Savings,207560.01,0,Active,2021-03-13
ACC000951,CUST00951,Savings,240091.58,0,Active,2020-01-08
ACC000952,CUST00952,Savings,135271.21,0,Active,2020-12-13
ACC000953,CUST00953,Savings,105094.01,0,Active,2024-01-22
ACC000954,CUST00954,Savings,46700.29,0,Active,2025-08-15
ACC000955,CUST00955,Credit,204573.2,75744,Active,2023-02-16
ACC000956,CUST00956,Savings,126261.6,0,Active,2018-07-31
ACC000957,CUST00957,Savings,90633.08,0,Active,2018-09-12
ACC000958,CUST00958,Current,174301.77,0,Active,2020-06-21
ACC000959,CUST00959,Current,40690.91,0,Active,2020-04-12
ACC000960,CUST00960,Savings,53759.35,0,Active,2023-09-30
ACC000961,CUST00961,Savings,68238.63,0,Active,2018-12-20
ACC000962,CUST00962,Savings,143879.47,0,Active,2019-10-29
ACC000963,CUST00963,Savings,118832.15,0,Active,2022-09-22
ACC000964,CUST00964,Savings,153730.1,0,Active,2025-03-16
ACC000965,CUST00965,Savings,196810.81,0,Active,2021-05-28
ACC000966,CUST00966,Savings,156906.42,0,Active,2018-02-02
ACC000967,CUST00967,Current,285115.24,0,Active,2024-04-15
ACC000968,CUST00968,Savings,196553.55,0,Active,2023-11-05
ACC000969,CUST00969,Savings,98995.04,0,Active,2018-12-30
ACC000970,CUST00970,Savings,75381.01,0,Active,2021-02-17
ACC000971,CUST00971,Current,100861.67,0,Active,2020-06-17
ACC000972,CUST00972,Current,160042.78,0,Active,2023-09-20
ACC000973,CUST00973,Current,80674.53,0,Active,2020-08-08
ACC000974,CUST00974,Savings,162569.3,0,Active,2020-10-25
ACC000975,CUST00975,Savings,152122.74,0,Active,2018-10-05
ACC000976,CUST00976,Current,56488.74,0,Active,2024-11-13
ACC000977,CUST00977,Current,194489.41,0,Active,2019-04-07
ACC000978,CUST00978,Current,132501.39,0,Active,2025-02-21
ACC000979,CUST00979,Savings,277423.38,0,Active,2025-07-30
ACC000980,CUST00980,Savings,105403.2,0,Active,2024-08-27
ACC000981,CUST00981,Savings,88063.34,0,Active,2018-04-19
ACC000982,CUST00982,Savings,51582.4,0,Active,2025-05-08
ACC000983,CUST00983,Savings,51016.23,0,Active,2024-06-05
ACC000984,CUST00984,Savings,181560.21,0,Active,2020-05-03
ACC000985,CUST00985,Savings,261960.61,0,Active,2022-04-12
ACC000986,CUST00986,Savings,99988.5,0,Active,2025-07-01
ACC000987,CUST00987,Current,96014.92,0,Inactive,2019-02-27
ACC000988,CUST00988,Current,111308.2,0,Active,2022-11-29
ACC000989,CUST00989,Savings,201982.69,0,Active,2025-07-08
ACC000990,CUST00990,Savings,56835.15,0,Active,2019-05-08
ACC000991,CUST00991,Credit,123006.75,112742,Active,2024-03-15
ACC000992,CUST00992,Savings,183887.82,0,Active,2018-08-18
ACC000993,CUST00993,Savings,142860.09,0,Active,2021-02-05
ACC000994,CUST00994,Savings,9604.15,0,Active,2023-08-31
ACC000995,CUST00995,Savings,157354.76,0,Active,2022-02-15
ACC000996,CUST00996,Savings,143663.85,0,Active,2019-06-21
ACC000997,CUST00997,Savings,223904.36,0,Active,2018-07-29
ACC000998,CUST00998,Savings,250441.63,0,Active,2018-08-04
ACC000999,CUST00999,Savings,217672.4,0,Active,2020-11-30
ACC001000,CUST01000,Savings,111670.23,0,Active,2018-08-19
ACC001001,CUST01001,Credit,32514.28,188316,Active,2023-10-15
ACC001002,CUST01002,Savings,95585.39,0,Active,2022-03-05
ACC001003,CUST01003,Savings,109540.19,0,Active,2022-02-07
ACC001004,CUST01004,Savings,260114.59,0,Active,2024-12-08
ACC001005,CUST01005,Credit,65147.54,138154,Active,2022-11-03
ACC001006,CUST01006,Savings,41589.27,0,Active,2019-07-22
ACC001007,CUST01007,Current,81010.32,0,Active,2021-09-23
ACC001008,CUST01008,Credit,67529.36,82710,Active,2020-07-04
ACC001009,CUST01009,Savings,38652.85,0,Active,2023-12-05
ACC001010,CUST01010,Current,101329.8,0,Active,2021-12-28
ACC001011,CUST01011,Savings,112142.73,0,Active,2021-07-07
ACC001012,CUST01012,Savings,36976.68,0,Active,2020-11-02
ACC001013,CUST01013,Savings,87717.2,0,Active,2025-05-07
ACC001014,CUST01014,Current,64693.16,0,Active,2022-06-06
ACC001015,CUST01015,Savings,25082.69,0,Active,2021-04-06
ACC001016,CUST01016,Savings,114357.93,0,Active,2022-08-11
ACC001017,CUST01017,Credit,121207.44,287932,Active,2019-07-07
ACC001018,CUST01018,Current,64701.92,0,Active,2019-03-20
ACC001019,CUST01019,Savings,193518.58,0,Inactive,2018-02-07
ACC001020,CUST01020,Current,108064.8,0,Active,2019-04-23
ACC001021,CUST01021,Savings,66762.41,0,Active,2024-10-06
ACC001022,CUST01022,Credit,35195.72,53390,Active,2023-11-25
ACC001023,CUST01023,Savings,125084.02,0,Active,2024-03-08
ACC001024,CUST01024,Savings,143466.57,0,Active,2021-04-14
ACC001025,CUST01025,Savings,78122.29,0,Active,2022-06-17
ACC001026,CUST01026,Current,116545.32,0,Active,2022-08-21
ACC001027,CUST01027,Savings,250434.98,0,Active,2021-02-23
ACC001028,CUST01028,Savings,176626.66,0,Active,2023-04-05
ACC001029,CUST01029,Credit,18809.0,60817,Active,2021-05-27
ACC001030,CUST01030,Savings,66250.1,0,Active,2022-03-10
ACC001031,CUST01031,Savings,98320.66,0,Active,2018-03-28
ACC001032,CUST01032,Savings,111765.77,0,Active,2018-04-07
ACC001033,CUST01033,Savings,118066.75,0,Active,2019-01-13
ACC001034,CUST01034,Savings,138216.57,0,Active,2021-02-07
ACC001035,CUST01035,Savings,100355.64,0,Active,2025-08-26
ACC001036,CUST01036,Credit,107902.66,196392,Active,2021-06-04
ACC001037,CUST01037,Savings,181823.77,0,Active,2020-07-14
ACC001038,CUST01038,Current,126542.22,0,Active,2018-01-13
ACC001039,CUST01039,Savings,48042.94,0,Active,2023-01-21
ACC001040,CUST01040,Savings,113916.05,0,Active,2019-12-27
ACC001041,CUST01041,Savings,98489.0,0,Active,2025-08-11
ACC001042,CUST01042,Savings,24916.91,0,Active,2019-07-01
ACC001043,CUST01043,Savings,117452.87,0,Active,2019-04-14
ACC001044,CUST01044,Savings,52636.11,0,Active,2019-03-23
ACC001045,CUST01045,Current,183349.25,0,Active,2020-02-12
ACC001046,CUST01046,Savings,137074.88,0,Active,2020-04-15
ACC001047,CUST01047,Current,46152.69,0,Active,2022-10-06
ACC001048,CUST01048,Credit,178674.65,290919,Active,2018-10-17
ACC001049,CUST01049,Savings,225924.34,0,Active,2025-04-16
ACC001050,CUST01050,Savings,91153.16,0,Active,2024-03-01
ACC001051,CUST01051,Savings,98131.98,0,Active,2018-01-04
ACC001052,CUST01052,Savings,168877.49,0,Active,2024-01-29
ACC001053,CUST01053,Savings,216563.05,0,Active,2020-03-24
ACC001054,CUST01054,Savings,30756.27,0,Inactive,2020-05-02
ACC001055,CUST01055,Savings,50096.47,0,Active,2022-03-31
ACC001056,CUST01056,Savings,82019.74,0,Active,2021-07-16
ACC001057,CUST01057,Credit,87784.57,151528,Active,2024-11-14
ACC001058,CUST01058,Savings,166128.78,0,Active,2024-01-22
ACC001059,CUST01059,Savings,217188.75,0,Active,2019-06-18
ACC001060,CUST01060,Savings,226271.25,0,Active,2021-03-23
ACC001061,CUST01061,Savings,30162.97,0,Active,2024-07-13
ACC001062,CUST01062,Savings,62211.68,0,Active,2018-01-22
ACC001063,CUST01063,Current,44648.05,0,Active,2022-03-11
ACC001064,CUST01064,Savings,72458.58,0,Active,2023-09-25
ACC001065,CUST01065,Savings,62041.6,0,Active,2020-11-12
ACC001066,CUST01066,Current,136833.1,0,Active,2018-11-06
ACC001067,CUST01067,Savings,146476.72,0,Active,2024-04-10
ACC001068,CUST01068,Savings,107086.72,0,Active,2023-09-12
ACC001069,CUST01069,Current,100998.3,0,Active,2022-01-12
ACC001070,CUST01070,Savings,84277.13,0,Active,2022-01-22
ACC001071,CUST01071,Savings,90639.46,0,Active,2023-06-18
ACC001072,CUST01072,Credit,248872.05,259798,Active,2023-10-27
ACC001073,CUST01073,Savings,158975.28,0,Active,2023-12-09
ACC001074,CUST01074,Credit,86313.73,144934,Active,2025-08-28
ACC001075,CUST01075,Current,99810.12,0,Active,2020-05-31
ACC001076,CUST01076,Savings,138665.5,0,Active,2019-11-19
ACC001077,CUST01077,Savings,46141.92,0,Active,2021-12-19
ACC001078,CUST01078,Savings,116278.76,0,Active,2020-01-27
ACC001079,CUST01079,Current,154007.77,0,Active,2020-11-15
ACC001080,CUST01080,Savings,142840.27,0,Active,2018-08-08
ACC001081,CUST01081,Savings,63040.02,0,Active,2020-12-04
ACC001082,CUST01082,Savings,71035.32,0,Active,2021-09-24
ACC001083,CUST01083,Current,22579.66,0,Active,2021-06-12
ACC001084,CUST01084,Savings,163357.77,0,Active,2023-03-24
ACC001085,CUST01085,Savings,307597.27,0,Active,2021-06-15
ACC001086,CUST01086,Savings,57177.93,0,Active,2018-08-09
ACC001087,CUST01087,Savings,195953.21,0,Active,2025-07-23
ACC001088,CUST01088,Savings,292534.05,0,Inactive,2021-08-20
ACC001089,CUST01089,Savings,79068.17,0,Active,2022-05-02
ACC001090,CUST01090,Credit,99894.74,141589,Active,2024-03-27
ACC001091,CUST01091,Savings,124114.14,0,Active,2024-10-05
ACC001092,CUST01092,Savings,140225.56,0,Active,2020-11-15
ACC001093,CUST01093,Savings,128080.23,0,Active,2024-09-15
ACC001094,CUST01094,Savings,83074.97,0,Active,2022-09-03
ACC001095,CUST01095,Credit,152636.79,136872,Active,2021-03-17
ACC001096,CUST01096,Savings,84299.5,0,Active,2020-03-24
ACC001097,CUST01097,Savings,133243.47,0,Active,2018-12-28
ACC001098,CUST01098,Savings,104766.62,0,Active,2018-01-23
ACC001099,CUST01099,Credit,27711.29,246179,Active,2025-07-07
ACC001100,CUST01100,Savings,212150.74,0,Active,2020-08-19
ACC001101,CUST01101,Savings,72297.33,0,Active,2025-06-27
ACC001102,CUST01102,Savings,223987.84,0,Active,2024-10-31
ACC001103,CUST01103,Savings,191586.59,0,Active,2021-11-24
ACC001104,CUST01104,Current,121923.14,0,Active,2023-08-02
ACC001105,CUST01105,Credit,144455.55,216356,Active,2020-12-05
ACC001106,CUST01106,Savings,154606.36,0,Inactive,2019-07-14
ACC001107,CUST01107,Credit,94288.84,66475,Active,2025-06-07
ACC001108,CUST01108,Current,97087.51,0,Active,2023-03-30
ACC001109,CUST01109,Savings,150324.8,0,Active,2022-06-09
ACC001110,CUST01110,Savings,105449.28,0,Inactive,2022-05-16
ACC001111,CUST01111,Current,83248.16,0,Active,2024-11-24
ACC001112,CUST01112,Savings,63728.2,0,Active,2019-06-30
ACC001113,CUST01113,Savings,135525.62,0,Active,2020-01-22
ACC001114,CUST01114,Savings,70743.34,0,Active,2024-01-14
ACC001115,CUST01115,Savings,173496.15,0,Inactive,2025-01-05
ACC001116,CUST01116,Savings,181822.69,0,Active,2019-05-23
ACC001117,CUST01117,Savings,143813.9,0,Active,2023-01-11
ACC001118,CUST01118,Savings,161385.77,0,Active,2023-05-21
ACC001119,CUST01119,Savings,144060.6,0,Active,2024-04-04
ACC001120,CUST01120,Savings,167956.48,0,Active,2019-04-14
ACC001121,CUST01121,Credit,163912.18,55113,Active,2018-10-09
ACC001122,CUST01122,Credit,131309.43,285454,Active,2020-08-14
ACC001123,CUST01123,Savings,192950.06,0,Active,2020-12-13
ACC001124,CUST01124,Savings,96365.79,0,Active,2025-04-08
ACC001125,CUST01125,Savings,65033.25,0,Inactive,2024-10-02
ACC001126,CUST01126,Savings,62826.99,0,Active,2019-04-27
ACC001127,CUST01127,Savings,87788.74,0,Active,2022-10-09
ACC001128,CUST01128,Savings,24626.54,0,Active,2023-01-10
ACC001129,CUST01129,Credit,121214.35,172492,Active,2020-06-30
ACC001130,CUST01130,Savings,155783.07,0,Active,2019-01-20
ACC001131,CUST01131,Savings,180376.69,0,Active,2018-07-07
ACC001132,CUST01132,Savings,32349.06,0,Active,2024-05-04
ACC001133,CUST01133,Savings,64199.8,0,Active,2021-12-05
ACC001134,CUST01134,Savings,170539.2,0,Active,2023-09-07
ACC001135,CUST01135,Current,94500.3,0,Active,2023-06-05
ACC001136,CUST01136,Savings,153788.16,0,Active,2021-07-07
ACC001137,CUST01137,Current,44468.84,0,Active,2021-01-02
ACC001138,CUST01138,Savings,222515.12,0,Active,2019-04-18
ACC001139,CUST01139,Savings,41981.02,0,Active,2025-07-09
ACC001140,CUST01140,Savings,119131.98,0,Active,2024-10-16
ACC001141,CUST01141,Savings,120956.02,0,Active,2023-11-22
ACC001142,CUST01142,Savings,77668.07,0,Active,2023-03-26
ACC001143,CUST01143,Current,140905.85,0,Inactive,2019-09-05
ACC001144,CUST01144,Credit,143207.67,276487,Active,2022-03-28
ACC001145,CUST01145,Savings,134407.2,0,Active,2021-11-22
ACC001146,CUST01146,Savings,76755.61,0,Active,2019-05-19
ACC001147,CUST01147,Savings,67419.03,0,Active,2021-09-13
ACC001148,CUST01148,Current,82103.75,0,Active,2018-01-09
ACC001149,CUST01149,Savings,61460.1,0,Active,2021-12-22
ACC001150,CUST01150,Savings,197926.31,0,Active,2020-07-26
ACC001151,CUST01151,Savings,86650.22,0,Active,2021-09-04
ACC001152,CUST01152,Savings,117128.19,0,Active,2019-04-08
ACC001153,CUST01153,Savings,170148.62,0,Active,2018-10-08
ACC001154,CUST01154,Savings,59459.98,0,Active,2024-04-05
ACC001155,CUST01155,Savings,40694.65,0,Active,2019-04-24
ACC001156,CUST01156,Savings,61603.23,0,Active,2021-01-01
ACC001157,CUST01157,Savings,124752.7,0,Active,2025-01-13
ACC001158,CUST01158,Savings,119818.18,0,Active,2022-10-05
ACC001159,CUST01159,Savings,134258.57,0,Active,2023-07-17
ACC001160,CUST01160,Savings,100065.32,0,Active,2021-03-28
ACC001161,CUST01161,Current,13508.38,0,Active,2018-05-15
ACC001162,CUST01162,Savings,98133.8,0,Active,2024-07-17
ACC001163,CUST01163,Savings,182968.99,0,Active,2022-02-03
ACC001164,CUST01164,Savings,209497.56,0,Active,2020-08-26
ACC001165,CUST01165,Savings,112563.19,0,Active,2022-07-16
ACC001166,CUST01166,Savings,120081.36,0,Active,2019-09-11
ACC001167,CUST01167,Current,152156.15,0,Active,2024-06-14
ACC001168,CUST01168,Savings,206211.52,0,Active,2019-10-24
ACC001169,CUST01169,Current,106701.16,0,Active,2022-03-03
ACC001170,CUST01170,Savings,150953.8,0,Active,2024-01-04
ACC001171,CUST01171,Savings,74595.58,0,Inactive,2024-12-27
ACC001172,CUST01172,Savings,45148.32,0,Active,2024-02-28
ACC001173,CUST01173,Credit,79715.25,285307,Active,2021-10-02
ACC001174,CUST01174,Savings,232450.19,0,Active,2023-12-24
ACC001175,CUST01175,Savings,152689.49,0,Active,2024-08-07
ACC001176,CUST01176,Savings,48230.98,0,Active,2022-09-25
ACC001177,CUST01177,Savings,156729.65,0,Active,2022-05-09
ACC001178,CUST01178,Savings,50854.44,0,Active,2022-10-16
ACC001179,CUST01179,Current,133191.14,0,Active,2022-11-13
ACC001180,CUST01180,Savings,57928.3,0,Active,2022-01-30
ACC001181,CUST01181,Savings,46310.74,0,Active,2022-02-01
ACC001182,CUST01182,Savings,253965.23,0,Active,2019-10-30
ACC001183,CUST01183,Savings,86609.07,0,Active,2019-10-19
ACC001184,CUST01184,Savings,151116.94,0,Active,2019-04-27
ACC001185,CUST01185,Credit,109361.88,199573,Active,2025-02-27
ACC001186,CUST01186,Savings,53682.6,0,Active,2020-09-01
ACC001187,CUST01187,Savings,92420.52,0,Active,2020-05-13
ACC001188,CUST01188,Savings,54007.19,0,Active,2022-02-28
ACC001189,CUST01189,Current,354607.75,0,Active,2024-10-30
ACC001190,CUST01190,Savings,166563.05,0,Active,2019-01-24
ACC001191,CUST01191,Credit,108140.87,162428,Active,2023-04-16
ACC001192,CUST01192,Current,146544.11,0,Active,2018-02-24
ACC001193,CUST01193,Savings,160550.93,0,Active,2020-04-06
ACC001194,CUST01194,Savings,160791.64,0,Active,2023-12-08
ACC001195,CUST01195,Savings,156930.71,0,Active,2019-08-27
ACC001196,CUST01196,Savings,150181.77,0,Active,2020-10-11
ACC001197,CUST01197,Savings,113459.18,0,Inactive,2025-08-01
ACC001198,CUST01198,Current,243213.05,0,Active,2018-11-11
ACC001199,CUST01199,Savings,117794.81,0,Active,2023-01-05
ACC001200,CUST01200,Savings,110025.28,0,Active,2020-06-24
ACC001201,CUST01201,Savings,118394.65,0,Active,2019-08-05
ACC001202,CUST01202,Savings,123408.3,0,Active,2020-11-05
ACC001203,CUST01203,Savings,32545.7,0,Active,2018-02-16
ACC001204,CUST01204,Savings,61185.64,0,Active,2020-02-05
ACC001205,CUST01205,Current,100063.25,0,Active,2023-08-05
ACC001206,CUST01206,Savings,31309.87,0,Active,2018-07-23
ACC001207,CUST01207,Savings,108036.79,0,Active,2019-12-03
ACC001208,CUST01208,Current,122456.76,0,Active,2023-09-29
ACC001209,CUST01209,Savings,43711.1,0,Active,2024-10-15
ACC001210,CUST01210,Savings,71259.03,0,Active,2024-10-14
ACC001211,CUST01211,Credit,214194.68,264718,Active,2024-04-04
ACC001212,CUST01212,Savings,147399.18,0,Active,2025-05-04
ACC001213,CUST01213,Savings,142632.24,0,Active,2023-05-24
ACC001214,CUST01214,Current,199818.03,0,Active,2019-11-04
ACC001215,CUST01215,Savings,61984.54,0,Active,2022-06-05
ACC001216,CUST01216,Savings,43804.39,0,Active,2021-10-06
ACC001217,CUST01217,Current,185030.0,0,Active,2019-10-23
ACC001218,CUST01218,Savings,101782.08,0,Active,2018-04-26
ACC001219,CUST01219,Savings,60886.44,0,Inactive,2022-07-31
ACC001220,CUST01220,Current,32346.07,0,Active,2019-07-12
ACC001221,CUST01221,Savings,119194.65,0,Active,2020-08-12
ACC001222,CUST01222,Savings,94728.67,0,Active,2023-03-20
ACC001223,CUST01223,Savings,84980.56,0,Active,2021-09-02
ACC001224,CUST01224,Savings,17602.4,0,Active,2018-01-18
ACC001225,CUST01225,Savings,241453.59,0,Active,2023-10-16
ACC001226,CUST01226,Credit,38070.16,241224,Active,2023-06-20
ACC001227,CUST01227,Savings,90179.85,0,Active,2022-11-17
ACC001228,CUST01228,Savings,81013.46,0,Active,2023-05-26
ACC001229,CUST01229,Savings,149914.36,0,Active,2024-04-13
ACC001230,CUST01230,Savings,32628.06,0,Active,2024-08-11
ACC001231,CUST01231,Savings,139793.27,0,Active,2021-01-04
ACC001232,CUST01232,Savings,119544.26,0,Active,2022-10-04
ACC001233,CUST01233,Current,69005.93,0,Active,2018-12-08
ACC001234,CUST01234,Savings,136973.98,0,Active,2023-04-05
ACC001235,CUST01235,Savings,107922.29,0,Active,2019-06-17
ACC001236,CUST01236,Current,273264.49,0,Active,2018-05-23
ACC001237,CUST01237,Savings,94676.49,0,Active,2022-10-26
ACC001238,CUST01238,Savings,55595.7,0,Active,2022-10-08
ACC001239,CUST01239,Credit,140595.33,59670,Active,2021-12-19
ACC001240,CUST01240,Current,87496.7,0,Active,2023-03-24
ACC001241,CUST01241,Savings,106620.39,0,Active,2020-02-11
ACC001242,CUST01242,Savings,44063.66,0,Active,2019-04-14
ACC001243,CUST01243,Savings,151226.38,0,Active,2018-04-19
ACC001244,CUST01244,Savings,78815.29,0,Active,2021-09-22
ACC001245,CUST01245,Savings,124993.36,0,Active,2020-04-12
ACC001246,CUST01246,Credit,311002.75,235193,Active,2021-03-31
ACC001247,CUST01247,Savings,91330.96,0,Active,2024-04-11
ACC001248,CUST01248,Savings,163035.28,0,Active,2019-07-13
ACC001249,CUST01249,Savings,95261.65,0,Active,2020-09-21
ACC001250,CUST01250,Savings,69623.84,0,Active,2025-02-07
ACC001251,CUST01251,Savings,218344.57,0,Active,2022-07-15
ACC001252,CUST01252,Savings,25298.12,0,Active,2019-11-16
ACC001253,CUST01253,Savings,186939.46,0,Active,2023-12-10
ACC001254,CUST01254,Savings,22793.69,0,Active,2020-08-24
ACC001255,CUST01255,Savings,176239.12,0,Active,2019-08-20
ACC001256,CUST01256,Savings,107601.7,0,Active,2019-06-12
ACC001257,CUST01257,Savings,55701.4,0,Active,2019-02-19
ACC001258,CUST01258,Savings,82227.03,0,Active,2022-06-14
ACC001259,CUST01259,Current,158070.53,0,Active,2020-03-07
ACC001260,CUST01260,Savings,294855.73,0,Active,2021-02-22
ACC001261,CUST01261,Savings,33643.17,0,Active,2021-04-21
ACC001262,CUST01262,Savings,58070.49,0,Active,2021-08-16
ACC001263,CUST01263,Current,41231.54,0,Active,2018-10-04
ACC001264,CUST01264,Savings,94784.12,0,Active,2019-01-10
ACC001265,CUST01265,Savings,178904.7,0,Active,2023-03-16
ACC001266,CUST01266,Savings,37182.58,0,Active,2021-05-08
ACC001267,CUST01267,Savings,105878.97,0,Active,2022-02-04
ACC001268,CUST01268,Savings,175718.37,0,Active,2025-01-04
ACC001269,CUST01269,Savings,81475.58,0,Active,2025-01-05
ACC001270,CUST01270,Credit,120196.79,263166,Active,2021-07-28
ACC001271,CUST01271,Credit,209461.86,173716,Active,2020-09-11
ACC001272,CUST01272,Savings,50886.48,0,Active,2018-12-28
ACC001273,CUST01273,Savings,27563.81,0,Active,2022-04-01
ACC001274,CUST01274,Savings,128938.23,0,Active,2020-09-07
ACC001275,CUST01275,Savings,131026.65,0,Active,2018-12-26
ACC001276,CUST01276,Savings,77901.32,0,Active,2025-01-20
ACC001277,CUST01277,Savings,68337.46,0,Active,2019-02-16
ACC001278,CUST01278,Credit,108913.08,104011,Active,2019-07-06
ACC001279,CUST01279,Savings,50243.45,0,Active,2022-10-02
ACC001280,CUST01280,Current,50299.66,0,Active,2018-05-08
ACC001281,CUST01281,Credit,157481.59,76688,Active,2021-04-12
ACC001282,CUST01282,Savings,47848.69,0,Active,2024-04-05
ACC001283,CUST01283,Credit,28986.32,162196,Inactive,2020-06-30
ACC001284,CUST01284,Savings,68247.38,0,Active,2019-08-01
ACC001285,CUST01285,Savings,79116.66,0,Inactive,2020-06-05
ACC001286,CUST01286,Savings,139784.53,0,Active,2024-03-27
ACC001287,CUST01287,Savings,72204.18,0,Active,2019-02-03
ACC001288,CUST01288,Savings,229161.28,0,Active,2018-10-01
ACC001289,CUST01289,Savings,112337.24,0,Active,2022-06-03
ACC001290,CUST01290,Savings,62102.51,0,Active,2018-10-28
ACC001291,CUST01291,Savings,136396.87,0,Active,2018-01-24
ACC001292,CUST01292,Savings,226909.7,0,Active,2025-03-08
ACC001293,CUST01293,Savings,155044.69,0,Active,2018-05-12
ACC001294,CUST01294,Savings,35528.45,0,Active,2018-08-16
ACC001295,CUST01295,Savings,83500.2,0,Active,2021-03-01
ACC001296,CUST01296,Current,123858.55,0,Active,2019-09-18
ACC001297,CUST01297,Savings,151408.44,0,Active,2022-11-29
ACC001298,CUST01298,Savings,95142.22,0,Active,2024-10-01
ACC001299,CUST01299,Savings,87061.87,0,Inactive,2021-07-29
ACC001300,CUST01300,Savings,272148.62,0,Active,2019-09-17
ACC001301,CUST01301,Current,156345.3,0,Active,2018-09-07
ACC001302,CUST01302,Savings,136642.37,0,Active,2021-06-25
ACC001303,CUST01303,Current,74196.68,0,Inactive,2024-03-10
ACC001304,CUST01304,Savings,49734.74,0,Active,2025-06-28
ACC001305,CUST01305,Savings,138027.27,0,Active,2020-02-04
ACC001306,CUST01306,Savings,166065.24,0,Active,2023-03-08
ACC001307,CUST01307,Current,106301.55,0,Active,2020-02-18
ACC001308,CUST01308,Credit,156582.88,198230,Active,2024-01-07
ACC001309,CUST01309,Savings,158854.57,0,Active,2020-09-24
ACC001310,CUST01310,Current,172298.16,0,Active,2018-12-23
ACC001311,CUST01311,Credit,35066.15,72341,Active,2025-08-26
ACC001312,CUST01312,Savings,85003.93,0,Active,2022-07-08
ACC001313,CUST01313,Savings,142826.09,0,Active,2022-04-07
ACC001314,CUST01314,Savings,109951.01,0,Active,2020-03-06
ACC001315,CUST01315,Savings,159135.05,0,Active,2018-11-22
ACC001316,CUST01316,Savings,136595.1,0,Inactive,2025-02-01
ACC001317,CUST01317,Current,18777.64,0,Active,2020-12-12
ACC001318,CUST01318,Savings,195580.46,0,Active,2025-01-19
ACC001319,CUST01319,Savings,78346.67,0,Active,2025-08-03
ACC001320,CUST01320,Savings,59652.84,0,Active,2019-01-23
ACC001321,CUST01321,Savings,191961.27,0,Active,2023-12-24
ACC001322,CUST01322,Savings,152258.38,0,Active,2021-01-17
ACC001323,CUST01323,Savings,207029.58,0,Active,2018-07-26
ACC001324,CUST01324,Savings,124657.68,0,Inactive,2018-10-08
ACC001325,CUST01325,Savings,84318.11,0,Active,2021-07-22
ACC001326,CUST01326,Savings,116309.57,0,Active,2018-04-07
ACC001327,CUST01327,Current,52566.95,0,Active,2023-06-20
ACC001328,CUST01328,Savings,40461.47,0,Active,2019-01-07
ACC001329,CUST01329,Savings,70616.93,0,Active,2021-01-02
ACC001330,CUST01330,Savings,241486.7,0,Active,2019-03-31
ACC001331,CUST01331,Savings,75356.49,0,Active,2022-07-15
ACC001332,CUST01332,Savings,29494.84,0,Active,2022-07-12
ACC001333,CUST01333,Savings,96804.06,0,Active,2024-02-04
ACC001334,CUST01334,Savings,74711.41,0,Active,2022-09-23
ACC001335,CUST01335,Savings,197568.3,0,Active,2018-04-26
ACC001336,CUST01336,Savings,232014.76,0,Active,2021-04-28
ACC001337,CUST01337,Savings,81874.49,0,Active,2025-08-20
ACC001338,CUST01338,Current,124587.39,0,Active,2022-02-07
ACC001339,CUST01339,Current,130735.53,0,Active,2020-06-26
ACC001340,CUST01340,Savings,103520.16,0,Active,2024-05-03
ACC001341,CUST01341,Savings,92313.65,0,Active,2020-07-18
ACC001342,CUST01342,Current,56969.2,0,Active,2020-09-08
ACC001343,CUST01343,Savings,25810.91,0,Active,2021-06-26
ACC001344,CUST01344,Savings,56742.57,0,Active,2020-03-25
ACC001345,CUST01345,Savings,101308.82,0,Active,2022-03-17
ACC001346,CUST01346,Credit,37232.12,98411,Active,2025-07-17
ACC001347,CUST01347,Savings,120786.19,0,Active,2021-03-24
ACC001348,CUST01348,Current,111260.64,0,Active,2020-01-17
ACC001349,CUST01349,Current,74794.24,0,Active,2025-06-22
ACC001350,CUST01350,Credit,89888.0,73843,Active,2020-04-30
ACC001351,CUST01351,Savings,42305.96,0,Active,2020-05-10
ACC001352,CUST01352,Savings,170562.21,0,Active,2022-12-05
ACC001353,CUST01353,Savings,168929.69,0,Active,2023-02-08
ACC001354,CUST01354,Current,47869.01,0,Active,2018-07-29
ACC001355,CUST01355,Current,48860.49,0,Inactive,2024-10-05
ACC001356,CUST01356,Savings,57259.08,0,Active,2020-12-29
ACC001357,CUST01357,Savings,146896.12,0,Active,2019-07-27
ACC001358,CUST01358,Savings,130496.38,0,Active,2023-05-22
ACC001359,CUST01359,Current,190744.36,0,Active,2023-12-19
ACC001360,CUST01360,Credit,202754.66,225656,Active,2022-02-12
ACC001361,CUST01361,Savings,34656.01,0,Active,2023-05-04
ACC001362,CUST01362,Savings,143907.13,0,Active,2023-10-21
ACC001363,CUST01363,Savings,198254.22,0,Active,2025-01-22
ACC001364,CUST01364,Current,86299.11,0,Active,2018-11-06
ACC001365,CUST01365,Savings,105135.63,0,Active,2019-12-31
ACC001366,CUST01366,Current,95678.41,0,Active,2024-06-02
ACC001367,CUST01367,Savings,98307.32,0,Active,2023-01-05
ACC001368,CUST01368,Current,170233.25,0,Active,2023-10-18
ACC001369,CUST01369,Savings,266621.58,0,Active,2024-02-28
ACC001370,CUST01370,Current,224740.19,0,Active,2018-05-26
ACC001371,CUST01371,Savings,77070.17,0,Active,2019-07-08
ACC001372,CUST01372,Savings,124819.85,0,Active,2023-07-19
ACC001373,CUST01373,Current,63225.03,0,Active,2019-08-15
ACC001374,CUST01374,Savings,67619.94,0,Active,2022-10-23
ACC001375,CUST01375,Savings,102338.5,0,Active,2025-06-16
ACC001376,CUST01376,Savings,66411.58,0,Active,2020-06-14
ACC001377,CUST01377,Savings,73086.85,0,Active,2024-03-28
ACC001378,CUST01378,Savings,123081.14,0,Active,2021-08-14
ACC001379,CUST01379,Current,142748.29,0,Active,2018-02-15
ACC001380,CUST01380,Savings,140563.61,0,Active,2024-09-15
ACC001381,CUST01381,Savings,141369.64,0,Active,2023-09-07
ACC001382,CUST01382,Credit,44527.05,192509,Active,2024-11-28
ACC001383,CUST01383,Savings,64173.67,0,Active,2021-11-16
ACC001384,CUST01384,Savings,109164.0,0,Active,2021-09-22
ACC001385,CUST01385,Current,193224.41,0,Active,2024-04-06
ACC001386,CUST01386,Savings,347562.92,0,Active,2019-04-02
ACC001387,CUST01387,Current,127768.2,0,Active,2020-03-08
ACC001388,CUST01388,Savings,161081.79,0,Active,2020-12-20
ACC001389,CUST01389,Savings,40944.79,0,Active,2021-05-30
ACC001390,CUST01390,Current,158631.57,0,Active,2023-04-09
ACC001391,CUST01391,Savings,296928.69,0,Active,2023-10-07
ACC001392,CUST01392,Credit,64016.9,202466,Active,2020-01-03
ACC001393,CUST01393,Savings,74646.01,0,Active,2021-10-23
ACC001394,CUST01394,Savings,173242.81,0,Active,2020-09-18
ACC001395,CUST01395,Current,108333.64,0,Active,2021-03-13
ACC001396,CUST01396,Credit,23991.5,188469,Active,2022-08-20
ACC001397,CUST01397,Current,77589.5,0,Active,2021-11-05
ACC001398,CUST01398,Savings,231481.45,0,Active,2023-05-04
ACC001399,CUST01399,Savings,89462.79,0,Active,2018-10-16
ACC001400,CUST01400,Current,89416.49,0,Active,2018-08-12
ACC001401,CUST01401,Current,167070.64,0,Active,2021-12-10
ACC001402,CUST01402,Savings,130456.2,0,Active,2024-03-11
ACC001403,CUST01403,Savings,86456.24,0,Active,2023-08-25
ACC001404,CUST01404,Savings,71465.12,0,Active,2020-04-18
ACC001405,CUST01405,Current,438531.82,0,Active,2024-12-11
ACC001406,CUST01406,Current,210374.54,0,Active,2018-07-13
ACC001407,CUST01407,Savings,141339.46,0,Active,2019-03-25
ACC001408,CUST01408,Savings,146555.87,0,Active,2024-10-02
ACC001409,CUST01409,Savings,98680.09,0,Active,2023-07-19
ACC001410,CUST01410,Savings,129549.05,0,Active,2021-05-10
ACC001411,CUST01411,Current,92349.31,0,Active,2019-03-25
ACC001412,CUST01412,Savings,60158.35,0,Active,2022-03-12
ACC001413,CUST01413,Savings,132516.06,0,Active,2020-09-24
ACC001414,CUST01414,Savings,87469.71,0,Active,2018-02-20
ACC001415,CUST01415,Savings,136527.44,0,Active,2018-04-22
ACC001416,CUST01416,Savings,151418.96,0,Active,2023-01-24
ACC001417,CUST01417,Savings,140691.61,0,Active,2022-05-08
ACC001418,CUST01418,Savings,56876.89,0,Active,2024-08-22
ACC001419,CUST01419,Current,81661.02,0,Inactive,2023-02-15
ACC001420,CUST01420,Savings,88529.2,0,Active,2021-08-30
ACC001421,CUST01421,Savings,183945.97,0,Active,2019-06-10
ACC001422,CUST01422,Savings,178610.19,0,Active,2023-12-07
ACC001423,CUST01423,Credit,66706.36,65412,Active,2021-09-20
ACC001424,CUST01424,Savings,43770.94,0,Active,2019-11-30
ACC001425,CUST01425,Savings,356663.39,0,Active,2024-03-04
ACC001426,CUST01426,Savings,137520.5,0,Active,2019-04-03
ACC001427,CUST01427,Savings,39613.56,0,Active,2019-01-19
ACC001428,CUST01428,Current,73865.28,0,Active,2024-11-14
ACC001429,CUST01429,Savings,188259.47,0,Active,2020-12-03
ACC001430,CUST01430,Savings,309501.55,0,Active,2022-07-16
ACC001431,CUST01431,Savings,281492.75,0,Active,2020-06-24
ACC001432,CUST01432,Savings,134193.8,0,Active,2024-09-11
ACC001433,CUST01433,Current,106887.31,0,Inactive,2022-01-23
ACC001434,CUST01434,Savings,53200.16,0,Active,2020-05-17
ACC001435,CUST01435,Savings,112362.2,0,Active,2023-02-06
ACC001436,CUST01436,Savings,58220.33,0,Active,2021-03-13
ACC001437,CUST01437,Savings,82168.59,0,Active,2023-09-25
ACC001438,CUST01438,Credit,173140.23,244649,Active,2018-09-06
ACC001439,CUST01439,Current,92063.56,0,Inactive,2019-09-21
ACC001440,CUST01440,Current,88264.87,0,Active,2025-01-07
ACC001441,CUST01441,Savings,103420.81,0,Active,2021-01-02
ACC001442,CUST01442,Savings,385767.8,0,Active,2023-11-07
ACC001443,CUST01443,Savings,49272.21,0,Active,2020-09-15
ACC001444,CUST01444,Savings,126067.9,0,Active,2022-10-16
ACC001445,CUST01445,Savings,267710.22,0,Inactive,2025-08-27
ACC001446,CUST01446,Credit,103234.33,259635,Active,2021-01-01
ACC001447,CUST01447,Current,208213.33,0,Active,2024-02-13
ACC001448,CUST01448,Savings,41616.3,0,Active,2021-02-20
ACC001449,CUST01449,Credit,93949.79,183616,Active,2018-02-28
ACC001450,CUST01450,Savings,62477.96,0,Active,2022-03-14
ACC001451,CUST01451,Savings,102570.83,0,Active,2023-04-06
ACC001452,CUST01452,Savings,103893.84,0,Active,2023-06-03
ACC001453,CUST01453,Savings,110501.76,0,Active,2020-05-30
ACC001454,CUST01454,Savings,172237.81,0,Active,2020-06-02
ACC001455,CUST01455,Savings,16922.97,0,Active,2018-04-30
ACC001456,CUST01456,Savings,71742.37,0,Active,2020-07-11
ACC001457,CUST01457,Credit,121071.43,123999,Active,2023-02-06
ACC001458,CUST01458,Savings,25048.36,0,Active,2025-03-03
ACC001459,CUST01459,Savings,152482.53,0,Inactive,2022-07-06
ACC001460,CUST01460,Current,70861.23,0,Active,2024-08-15
ACC001461,CUST01461,Current,95061.82,0,Active,2018-12-15
ACC001462,CUST01462,Savings,176647.4,0,Active,2022-11-22
ACC001463,CUST01463,Credit,213491.72,273372,Active,2018-01-21
ACC001464,CUST01464,Savings,155134.55,0,Active,2025-08-06
ACC001465,CUST01465,Savings,48275.15,0,Active,2022-11-21
ACC001466,CUST01466,Savings,150755.26,0,Active,2020-06-07
ACC001467,CUST01467,Savings,156549.04,0,Active,2023-10-13
ACC001468,CUST01468,Savings,139410.92,0,Active,2024-09-28
ACC001469,CUST01469,Savings,232818.72,0,Active,2018-06-12
ACC001470,CUST01470,Savings,112236.43,0,Active,2023-03-31
ACC001471,CUST01471,Current,227868.36,0,Active,2024-05-28
ACC001472,CUST01472,Savings,227101.13,0,Active,2023-01-23
ACC001473,CUST01473,Savings,159056.16,0,Active,2020-11-17
ACC001474,CUST01474,Current,127235.33,0,Active,2019-03-12
ACC001475,CUST01475,Current,139872.46,0,Active,2022-08-31
ACC001476,CUST01476,Savings,260695.65,0,Active,2018-04-18
ACC001477,CUST01477,Savings,193085.17,0,Active,2021-09-23
ACC001478,CUST01478,Credit,52438.58,146575,Active,2022-10-31
ACC001479,CUST01479,Savings,134827.6,0,Active,2024-08-08
ACC001480,CUST01480,Credit,60326.72,240372,Active,2023-05-19
ACC001481,CUST01481,Savings,69490.44,0,Active,2024-03-26
ACC001482,CUST01482,Current,84249.39,0,Active,2025-07-16
ACC001483,CUST01483,Savings,38677.77,0,Active,2019-03-11
ACC001484,CUST01484,Savings,57680.62,0,Active,2021-02-01
ACC001485,CUST01485,Current,239863.67,0,Active,2018-08-08
ACC001486,CUST01486,Savings,69208.78,0,Active,2018-09-09
ACC001487,CUST01487,Savings,172786.29,0,Active,2018-08-09
ACC001488,CUST01488,Savings,118289.49,0,Active,2022-06-13
ACC001489,CUST01489,Savings,147039.67,0,Active,2025-06-08
ACC001490,CUST01490,Current,150626.46,0,Active,2023-09-05
ACC001491,CUST01491,Current,55938.58,0,Active,2018-10-08
ACC001492,CUST01492,Credit,172214.73,215157,Active,2023-02-11
ACC001493,CUST01493,Savings,44714.81,0,Active,2024-08-26
ACC001494,CUST01494,Savings,67320.04,0,Inactive,2022-12-22
ACC001495,CUST01495,Current,149380.09,0,Active,2019-05-03
ACC001496,CUST01496,Credit,53419.88,163603,Active,2023-10-04
ACC001497,CUST01497,Savings,22968.73,0,Active,2018-01-15
ACC001498,CUST01498,Current,131174.56,0,Active,2018-05-10
ACC001499,CUST01499,Savings,33626.19,0,Active,2022-10-19
ACC001500,CUST01500,Savings,157462.07,0,Active,2022-02-18
ACC001501,CUST01501,Savings,88128.56,0,Active,2022-05-11
ACC001502,CUST01502,Savings,130083.54,0,Active,2019-12-30
ACC001503,CUST01503,Savings,128679.28,0,Active,2024-05-07
ACC001504,CUST01504,Savings,164129.5,0,Active,2024-01-19
ACC001505,CUST01505,Savings,151882.97,0,Active,2022-07-08
ACC001506,CUST01506,Savings,53085.74,0,Active,2021-11-04
ACC001507,CUST01507,Savings,91504.54,0,Active,2022-08-29
ACC001508,CUST01508,Credit,129994.23,98703,Active,2020-10-06
ACC001509,CUST01509,Savings,230141.14,0,Active,2019-04-07
ACC001510,CUST01510,Current,152678.11,0,Active,2021-01-04
ACC001511,CUST01511,Current,219148.97,0,Active,2022-04-18
ACC001512,CUST01512,Savings,133980.34,0,Active,2024-04-20
ACC001513,CUST01513,Savings,194977.1,0,Active,2020-04-14
ACC001514,CUST01514,Savings,123794.22,0,Active,2020-11-19
ACC001515,CUST01515,Savings,190529.91,0,Active,2022-08-25
ACC001516,CUST01516,Savings,85319.57,0,Active,2025-08-15
ACC001517,CUST01517,Savings,244845.39,0,Active,2023-11-16
ACC001518,CUST01518,Savings,142762.49,0,Active,2021-07-02
ACC001519,CUST01519,Current,38886.1,0,Active,2018-05-05
ACC001520,CUST01520,Savings,132528.71,0,Active,2018-08-30
ACC001521,CUST01521,Savings,152963.51,0,Active,2019-03-13
ACC001522,CUST01522,Savings,175567.54,0,Active,2022-09-05
ACC001523,CUST01523,Savings,291998.14,0,Active,2020-01-12
ACC001524,CUST01524,Savings,76924.47,0,Active,2018-10-20
ACC001525,CUST01525,Savings,293076.99,0,Active,2023-05-06
ACC001526,CUST01526,Savings,106908.25,0,Active,2020-06-08
ACC001527,CUST01527,Credit,65146.9,172168,Inactive,2019-04-01
ACC001528,CUST01528,Savings,78003.22,0,Active,2021-06-02
ACC001529,CUST01529,Savings,147820.15,0,Active,2022-02-06
ACC001530,CUST01530,Savings,58900.56,0,Active,2022-06-24
ACC001531,CUST01531,Savings,86238.97,0,Active,2020-06-09
ACC001532,CUST01532,Credit,130627.08,163806,Active,2018-12-06
ACC001533,CUST01533,Savings,243795.17,0,Active,2018-10-22
ACC001534,CUST01534,Savings,172736.81,0,Active,2019-11-19
ACC001535,CUST01535,Current,109534.35,0,Active,2025-07-19
ACC001536,CUST01536,Savings,147435.52,0,Inactive,2018-09-12
ACC001537,CUST01537,Savings,123218.98,0,Inactive,2025-06-11
ACC001538,CUST01538,Current,47763.77,0,Active,2019-03-02
ACC001539,CUST01539,Savings,267331.03,0,Active,2023-01-18
ACC001540,CUST01540,Savings,245938.9,0,Active,2024-03-07
ACC001541,CUST01541,Credit,101908.97,211527,Active,2025-06-15
ACC001542,CUST01542,Savings,79800.76,0,Active,2021-01-28
ACC001543,CUST01543,Credit,48547.9,71350,Active,2025-03-10
ACC001544,CUST01544,Savings,152731.31,0,Active,2018-01-11
ACC001545,CUST01545,Savings,153297.81,0,Active,2019-09-26
ACC001546,CUST01546,Savings,62282.58,0,Active,2021-12-06
ACC001547,CUST01547,Savings,124072.64,0,Active,2023-11-22
ACC001548,CUST01548,Current,169725.01,0,Active,2023-03-01
ACC001549,CUST01549,Savings,76364.67,0,Active,2020-07-17
ACC001550,CUST01550,Savings,94341.3,0,Active,2024-06-01
ACC001551,CUST01551,Savings,93777.11,0,Active,2023-02-08
ACC001552,CUST01552,Savings,64954.58,0,Active,2020-10-31
ACC001553,CUST01553,Savings,95531.47,0,Inactive,2022-10-05
ACC001554,CUST01554,Current,34118.25,0,Active,2022-08-24
ACC001555,CUST01555,Current,90792.86,0,Active,2021-06-25
ACC001556,CUST01556,Savings,91656.96,0,Active,2024-12-08
ACC001557,CUST01557,Savings,102682.9,0,Active,2022-12-15
ACC001558,CUST01558,Savings,141148.49,0,Active,2022-04-09
ACC001559,CUST01559,Savings,45796.23,0,Active,2023-01-19
ACC001560,CUST01560,Savings,52052.17,0,Active,2020-10-30
ACC001561,CUST01561,Savings,63861.82,0,Active,2025-01-22
ACC001562,CUST01562,Savings,42428.24,0,Active,2018-01-10
ACC001563,CUST01563,Credit,150445.76,270203,Active,2023-01-22
ACC001564,CUST01564,Savings,74241.75,0,Active,2018-05-01
ACC001565,CUST01565,Credit,104626.22,255230,Active,2020-04-04
ACC001566,CUST01566,Savings,60291.23,0,Active,2024-11-19
ACC001567,CUST01567,Savings,84858.0,0,Active,2021-10-09
ACC001568,CUST01568,Credit,127568.56,65544,Active,2025-04-07
ACC001569,CUST01569,Savings,131185.81,0,Active,2025-05-05
ACC001570,CUST01570,Savings,53605.47,0,Active,2018-07-30
ACC001571,CUST01571,Credit,101488.06,225729,Active,2018-04-05
ACC001572,CUST01572,Savings,60980.28,0,Inactive,2022-06-20
ACC001573,CUST01573,Savings,99219.9,0,Active,2021-09-03
ACC001574,CUST01574,Savings,70305.08,0,Active,2023-06-26
ACC001575,CUST01575,Savings,276728.88,0,Active,2024-01-27
ACC001576,CUST01576,Credit,169174.33,141459,Inactive,2023-01-18
ACC001577,CUST01577,Savings,134512.49,0,Active,2018-02-07
ACC001578,CUST01578,Savings,89467.41,0,Active,2023-10-28
ACC001579,CUST01579,Savings,171943.73,0,Active,2024-06-22
ACC001580,CUST01580,Savings,103280.11,0,Active,2020-10-02
ACC001581,CUST01581,Savings,261187.58,0,Active,2024-07-13
ACC001582,CUST01582,Savings,181666.54,0,Active,2019-10-10
ACC001583,CUST01583,Savings,84472.9,0,Active,2020-09-02
ACC001584,CUST01584,Current,244785.77,0,Active,2019-06-30
ACC001585,CUST01585,Savings,89751.82,0,Active,2020-02-01
ACC001586,CUST01586,Current,285650.84,0,Active,2023-05-24
ACC001587,CUST01587,Savings,252023.54,0,Active,2021-08-09
ACC001588,CUST01588,Savings,127165.47,0,Active,2019-05-01
ACC001589,CUST01589,Savings,35104.47,0,Active,2018-06-22
ACC001590,CUST01590,Current,121462.18,0,Active,2025-05-10
ACC001591,CUST01591,Current,49846.82,0,Active,2025-01-29
ACC001592,CUST01592,Savings,71683.47,0,Active,2019-11-04
ACC001593,CUST01593,Savings,75184.54,0,Active,2023-02-23
ACC001594,CUST01594,Savings,49550.03,0,Active,2019-04-19
ACC001595,CUST01595,Savings,121730.62,0,Active,2021-03-30
ACC001596,CUST01596,Savings,66308.81,0,Active,2018-09-24
ACC001597,CUST01597,Savings,92306.3,0,Active,2019-06-22
ACC001598,CUST01598,Savings,75594.41,0,Active,2023-08-06
ACC001599,CUST01599,Savings,141497.96,0,Active,2018-12-18
ACC001600,CUST01600,Savings,135644.81,0,Active,2022-04-25
ACC001601,CUST01601,Savings,87797.52,0,Active,2019-02-08
ACC001602,CUST01602,Savings,145553.3,0,Active,2025-02-10
ACC001603,CUST01603,Savings,208765.93,0,Active,2020-11-19
ACC001604,CUST01604,Savings,20171.39,0,Active,2022-11-12
ACC001605,CUST01605,Savings,72855.36,0,Active,2020-03-22
ACC001606,CUST01606,Savings,56443.1,0,Active,2021-01-16
ACC001607,CUST01607,Credit,68723.06,207136,Active,2019-04-10
ACC001608,CUST01608,Savings,17089.26,0,Active,2020-09-30
ACC001609,CUST01609,Savings,19455.37,0,Active,2023-10-09
ACC001610,CUST01610,Current,9034.84,0,Active,2018-10-28
ACC001611,CUST01611,Credit,77240.95,199861,Active,2019-04-03
ACC001612,CUST01612,Savings,75852.58,0,Active,2018-03-17
ACC001613,CUST01613,Savings,225479.98,0,Active,2025-01-22
ACC001614,CUST01614,Credit,116162.15,179235,Active,2019-04-10
ACC001615,CUST01615,Current,143430.25,0,Active,2024-09-02
ACC001616,CUST01616,Current,623574.1,0,Active,2023-03-29
ACC001617,CUST01617,Savings,20234.17,0,Active,2019-06-30
ACC001618,CUST01618,Savings,263638.68,0,Active,2020-10-11
ACC001619,CUST01619,Savings,103721.35,0,Inactive,2021-04-25
ACC001620,CUST01620,Savings,81286.08,0,Active,2019-01-26
ACC001621,CUST01621,Savings,73606.93,0,Active,2022-07-02
ACC001622,CUST01622,Savings,129670.22,0,Active,2020-11-11
ACC001623,CUST01623,Savings,81725.13,0,Active,2018-02-19
ACC001624,CUST01624,Savings,48569.01,0,Active,2022-06-28
ACC001625,CUST01625,Savings,75380.66,0,Active,2021-02-17
ACC001626,CUST01626,Savings,131835.73,0,Active,2024-06-11
ACC001627,CUST01627,Savings,158001.7,0,Active,2023-09-05
ACC001628,CUST01628,Savings,278713.24,0,Active,2024-09-28
ACC001629,CUST01629,Savings,113201.5,0,Active,2019-05-30
ACC001630,CUST01630,Savings,215677.34,0,Active,2020-11-18
ACC001631,CUST01631,Savings,94447.82,0,Active,2023-05-12
ACC001632,CUST01632,Savings,102528.61,0,Active,2025-07-09
ACC001633,CUST01633,Current,99253.32,0,Active,2021-05-29
ACC001634,CUST01634,Savings,121315.34,0,Active,2021-09-30
ACC001635,CUST01635,Savings,174107.67,0,Active,2019-09-27
ACC001636,CUST01636,Savings,79592.07,0,Active,2019-09-05
ACC001637,CUST01637,Savings,58487.1,0,Active,2025-02-11
ACC001638,CUST01638,Savings,182025.55,0,Active,2025-07-10
ACC001639,CUST01639,Savings,174732.53,0,Active,2021-01-03
ACC001640,CUST01640,Credit,234675.43,224600,Active,2025-03-09
ACC001641,CUST01641,Credit,71878.83,229708,Active,2018-12-10
ACC001642,CUST01642,Savings,92364.21,0,Active,2020-11-26
ACC001643,CUST01643,Credit,185902.33,200094,Active,2024-02-15
ACC001644,CUST01644,Savings,79004.79,0,Active,2019-06-07
ACC001645,CUST01645,Savings,154210.51,0,Active,2022-12-18
ACC001646,CUST01646,Savings,94700.67,0,Active,2018-03-10
ACC001647,CUST01647,Savings,129265.03,0,Active,2018-03-27
ACC001648,CUST01648,Current,47890.91,0,Active,2021-11-08
ACC001649,CUST01649,Savings,112329.89,0,Active,2021-08-21
ACC001650,CUST01650,Savings,6299.99,0,Active,2019-06-12
ACC001651,CUST01651,Credit,206425.49,210133,Active,2023-03-17
ACC001652,CUST01652,Savings,165931.11,0,Active,2025-03-03
ACC001653,CUST01653,Savings,55914.43,0,Active,2024-10-09
ACC001654,CUST01654,Credit,266354.51,291884,Active,2025-08-29
ACC001655,CUST01655,Current,199368.82,0,Active,2020-09-06
ACC001656,CUST01656,Savings,49494.0,0,Active,2021-04-30
ACC001657,CUST01657,Savings,75710.6,0,Active,2019-12-20
ACC001658,CUST01658,Savings,51466.78,0,Active,2023-03-23
ACC001659,CUST01659,Savings,131388.73,0,Active,2021-12-30
ACC001660,CUST01660,Current,73580.49,0,Active,2024-04-10
ACC001661,CUST01661,Savings,24171.15,0,Active,2022-06-05
ACC001662,CUST01662,Savings,102246.02,0,Active,2022-08-02
ACC001663,CUST01663,Savings,177957.79,0,Active,2024-12-15
ACC001664,CUST01664,Current,113724.67,0,Inactive,2022-06-19
ACC001665,CUST01665,Savings,146250.49,0,Active,2023-03-20
ACC001666,CUST01666,Current,120257.79,0,Active,2022-06-08
ACC001667,CUST01667,Savings,162023.33,0,Active,2018-05-23
ACC001668,CUST01668,Savings,126659.34,0,Active,2024-11-12
ACC001669,CUST01669,Credit,98850.44,209955,Active,2023-04-02
ACC001670,CUST01670,Savings,112882.71,0,Active,2025-02-25
ACC001671,CUST01671,Savings,239539.81,0,Active,2020-01-11
ACC001672,CUST01672,Savings,151028.87,0,Active,2022-01-13
ACC001673,CUST01673,Savings,55787.05,0,Active,2018-12-13
ACC001674,CUST01674,Savings,111808.14,0,Active,2021-10-13
ACC001675,CUST01675,Current,130017.82,0,Active,2021-06-08
ACC001676,CUST01676,Savings,96843.2,0,Active,2024-06-12
ACC001677,CUST01677,Savings,24279.29,0,Active,2022-08-30
ACC001678,CUST01678,Savings,59758.9,0,Active,2020-11-27
ACC001679,CUST01679,Savings,81866.8,0,Active,2025-07-10
ACC001680,CUST01680,Savings,283583.86,0,Inactive,2023-02-04
ACC001681,CUST01681,Savings,141668.34,0,Active,2022-12-22
ACC001682,CUST01682,Savings,34158.42,0,Active,2020-03-29
ACC001683,CUST01683,Savings,100666.53,0,Active,2018-06-11
ACC001684,CUST01684,Savings,218818.01,0,Active,2024-05-02
ACC001685,CUST01685,Credit,72906.97,63624,Inactive,2024-09-26
ACC001686,CUST01686,Savings,189885.43,0,Active,2024-05-17
ACC001687,CUST01687,Savings,35020.36,0,Active,2018-09-23
ACC001688,CUST01688,Savings,8009.81,0,Active,2023-10-02
ACC001689,CUST01689,Savings,205844.51,0,Active,2022-11-11
ACC001690,CUST01690,Savings,79183.2,0,Active,2019-09-29
ACC001691,CUST01691,Savings,25218.08,0,Active,2024-12-12
ACC001692,CUST01692,Savings,83248.04,0,Active,2024-01-22
ACC001693,CUST01693,Savings,119594.85,0,Active,2021-05-26
ACC001694,CUST01694,Savings,138782.38,0,Active,2025-07-11
ACC001695,CUST01695,Savings,12709.12,0,Active,2019-06-26
ACC001696,CUST01696,Savings,69188.52,0,Active,2024-09-17
ACC001697,CUST01697,Savings,110566.07,0,Active,2023-10-21
ACC001698,CUST01698,Current,138599.82,0,Inactive,2021-02-08
ACC001699,CUST01699,Savings,55329.77,0,Active,2025-04-17
ACC001700,CUST01700,Current,93732.05,0,Active,2018-10-02
ACC001701,CUST01701,Current,72758.47,0,Active,2024-01-08
ACC001702,CUST01702,Savings,121992.95,0,Active,2018-05-03
ACC001703,CUST01703,Savings,201702.46,0,Active,2023-06-03
ACC001704,CUST01704,Current,86175.67,0,Inactive,2021-03-08
ACC001705,CUST01705,Savings,39814.49,0,Active,2024-08-31
ACC001706,CUST01706,Current,66712.99,0,Active,2022-11-25
ACC001707,CUST01707,Savings,264863.29,0,Active,2021-01-28
ACC001708,CUST01708,Savings,59919.42,0,Active,2019-06-14
ACC001709,CUST01709,Credit,45835.32,169469,Active,2023-11-08
ACC001710,CUST01710,Savings,82852.22,0,Active,2025-07-31
ACC001711,CUST01711,Current,100682.21,0,Active,2022-04-12
ACC001712,CUST01712,Credit,75692.18,87850,Active,2023-02-20
ACC001713,CUST01713,Savings,35172.15,0,Active,2025-08-06
ACC001714,CUST01714,Savings,129082.18,0,Active,2018-07-04
ACC001715,CUST01715,Savings,122067.81,0,Active,2018-06-02
ACC001716,CUST01716,Savings,158614.9,0,Active,2022-03-03
ACC001717,CUST01717,Savings,120436.07,0,Active,2020-06-18
ACC001718,CUST01718,Current,252707.58,0,Active,2019-06-29
ACC001719,CUST01719,Savings,165733.71,0,Active,2021-07-09
ACC001720,CUST01720,Current,147022.59,0,Active,2023-06-10
ACC001721,CUST01721,Credit,205871.84,172456,Active,2024-03-07
ACC001722,CUST01722,Savings,116100.12,0,Active,2020-10-27
ACC001723,CUST01723,Savings,94981.96,0,Active,2019-12-26
ACC001724,CUST01724,Savings,128224.07,0,Active,2019-05-13
ACC001725,CUST01725,Savings,23240.22,0,Active,2025-08-23
ACC001726,CUST01726,Savings,116323.38,0,Active,2024-12-24
ACC001727,CUST01727,Savings,100614.85,0,Active,2024-08-12
ACC001728,CUST01728,Savings,136490.14,0,Inactive,2021-12-05
ACC001729,CUST01729,Current,190206.62,0,Inactive,2023-11-25
ACC001730,CUST01730,Savings,149504.21,0,Active,2023-05-22
ACC001731,CUST01731,Savings,66834.81,0,Inactive,2022-11-16
ACC001732,CUST01732,Savings,172879.14,0,Active,2023-01-14
ACC001733,CUST01733,Current,254758.96,0,Active,2021-04-26
ACC001734,CUST01734,Savings,192994.7,0,Active,2021-09-29
ACC001735,CUST01735,Savings,42533.44,0,Active,2019-06-24
ACC001736,CUST01736,Savings,148593.59,0,Active,2020-02-27
ACC001737,CUST01737,Savings,47353.2,0,Active,2024-11-09
ACC001738,CUST01738,Savings,89220.42,0,Active,2024-03-19
ACC001739,CUST01739,Savings,134145.44,0,Active,2022-10-12
ACC001740,CUST01740,Savings,123950.47,0,Active,2019-10-03
ACC001741,CUST01741,Current,190878.1,0,Active,2022-12-22
ACC001742,CUST01742,Credit,255451.24,95853,Active,2020-09-24
ACC001743,CUST01743,Savings,142076.87,0,Active,2022-12-02
ACC001744,CUST01744,Current,84947.78,0,Active,2018-12-01
ACC001745,CUST01745,Savings,24241.6,0,Active,2023-03-04
ACC001746,CUST01746,Credit,218028.63,66069,Active,2021-02-03
ACC001747,CUST01747,Savings,100943.44,0,Active,2018-06-11
ACC001748,CUST01748,Current,104231.34,0,Active,2023-04-25
ACC001749,CUST01749,Savings,109388.88,0,Active,2020-07-15
ACC001750,CUST01750,Current,138299.0,0,Active,2022-05-24
ACC001751,CUST01751,Savings,140679.02,0,Active,2024-08-21
ACC001752,CUST01752,Savings,90122.12,0,Active,2022-06-20
ACC001753,CUST01753,Savings,100323.9,0,Active,2024-02-04
ACC001754,CUST01754,Current,71937.09,0,Active,2018-06-29
ACC001755,CUST01755,Savings,66799.74,0,Active,2023-09-15
ACC001756,CUST01756,Savings,66582.52,0,Active,2022-04-10
ACC001757,CUST01757,Savings,99600.1,0,Active,2022-06-24
ACC001758,CUST01758,Savings,58163.82,0,Inactive,2024-05-11
ACC001759,CUST01759,Savings,7170.91,0,Active,2021-06-21
ACC001760,CUST01760,Current,84008.84,0,Active,2018-05-01
ACC001761,CUST01761,Savings,44535.65,0,Active,2022-11-13
ACC001762,CUST01762,Savings,113973.99,0,Active,2019-07-21
ACC001763,CUST01763,Savings,71752.25,0,Active,2024-03-04
ACC001764,CUST01764,Savings,139303.49,0,Active,2019-02-14
ACC001765,CUST01765,Savings,47635.86,0,Active,2020-02-13
ACC001766,CUST01766,Savings,28279.03,0,Active,2023-03-31
ACC001767,CUST01767,Savings,100478.9,0,Active,2021-01-01
ACC001768,CUST01768,Savings,81737.57,0,Active,2021-08-21
ACC001769,CUST01769,Savings,41690.12,0,Active,2022-01-27
ACC001770,CUST01770,Savings,165810.17,0,Active,2021-09-19
ACC001771,CUST01771,Savings,53681.38,0,Active,2022-08-07
ACC001772,CUST01772,Savings,64680.11,0,Active,2018-12-05
ACC001773,CUST01773,Savings,183898.61,0,Active,2022-11-13
ACC001774,CUST01774,Savings,144016.69,0,Active,2018-09-05
ACC001775,CUST01775,Savings,49596.78,0,Active,2023-01-19
ACC001776,CUST01776,Current,86485.72,0,Active,2019-01-08
ACC001777,CUST01777,Savings,46035.01,0,Active,2021-03-24
ACC001778,CUST01778,Savings,176339.6,0,Active,2025-04-19
ACC001779,CUST01779,Savings,176271.67,0,Active,2021-12-03
ACC001780,CUST01780,Savings,276366.84,0,Active,2020-01-13
ACC001781,CUST01781,Savings,335892.07,0,Active,2020-11-05
ACC001782,CUST01782,Savings,71195.14,0,Active,2021-09-19
ACC001783,CUST01783,Savings,160322.04,0,Active,2023-04-04
ACC001784,CUST01784,Savings,24884.68,0,Active,2019-06-19
ACC001785,CUST01785,Credit,119225.24,158831,Active,2021-07-08
ACC001786,CUST01786,Savings,136939.85,0,Active,2023-05-14
ACC001787,CUST01787,Savings,55770.18,0,Active,2019-03-05
ACC001788,CUST01788,Savings,68275.0,0,Active,2023-08-26
ACC001789,CUST01789,Savings,176952.27,0,Active,2025-01-06
ACC001790,CUST01790,Savings,138938.65,0,Active,2020-07-09
ACC001791,CUST01791,Savings,256835.41,0,Active,2025-08-15
ACC001792,CUST01792,Savings,240307.33,0,Active,2022-11-24
ACC001793,CUST01793,Savings,30923.89,0,Active,2020-05-15
ACC001794,CUST01794,Savings,75946.27,0,Active,2018-12-05
ACC001795,CUST01795,Current,51725.06,0,Active,2018-01-22
ACC001796,CUST01796,Credit,164191.02,155208,Active,2021-12-17
ACC001797,CUST01797,Savings,126295.46,0,Active,2022-11-11
ACC001798,CUST01798,Current,54276.35,0,Active,2019-12-22
ACC001799,CUST01799,Credit,60361.7,220878,Active,2018-09-10
ACC001800,CUST01800,Savings,210882.35,0,Active,2021-03-07
ACC001801,CUST01801,Savings,81631.36,0,Active,2022-02-17
ACC001802,CUST01802,Savings,21517.74,0,Active,2024-01-05
ACC001803,CUST01803,Credit,50894.51,218786,Inactive,2024-03-17
ACC001804,CUST01804,Current,286569.16,0,Active,2021-02-10
ACC001805,CUST01805,Savings,186932.84,0,Active,2024-06-12
ACC001806,CUST01806,Credit,43900.28,175080,Active,2022-06-25
ACC001807,CUST01807,Savings,119192.53,0,Active,2024-10-27
ACC001808,CUST01808,Savings,180408.71,0,Active,2025-07-24
ACC001809,CUST01809,Savings,30582.49,0,Active,2025-01-08
ACC001810,CUST01810,Savings,191844.57,0,Active,2024-09-06
ACC001811,CUST01811,Savings,138167.39,0,Active,2023-03-16
ACC001812,CUST01812,Savings,65586.49,0,Active,2020-05-20
ACC001813,CUST01813,Savings,151121.89,0,Active,2024-07-12
ACC001814,CUST01814,Savings,127351.66,0,Active,2024-12-22
ACC001815,CUST01815,Current,132526.49,0,Inactive,2020-09-23
ACC001816,CUST01816,Savings,116635.18,0,Active,2020-10-06
ACC001817,CUST01817,Savings,58845.44,0,Active,2024-03-18
ACC001818,CUST01818,Savings,66580.29,0,Active,2019-09-23
ACC001819,CUST01819,Current,91857.07,0,Active,2020-08-21
ACC001820,CUST01820,Savings,109699.86,0,Active,2021-05-24
ACC001821,CUST01821,Savings,156302.54,0,Active,2022-11-18
ACC001822,CUST01822,Savings,290347.22,0,Active,2018-08-13
ACC001823,CUST01823,Savings,122510.13,0,Active,2021-05-24
ACC001824,CUST01824,Credit,154712.97,144642,Active,2023-08-08
ACC001825,CUST01825,Savings,175219.57,0,Active,2023-07-28
ACC001826,CUST01826,Savings,161045.07,0,Active,2019-11-27
ACC001827,CUST01827,Savings,57312.11,0,Active,2019-01-30
ACC001828,CUST01828,Savings,221959.36,0,Active,2024-11-29
ACC001829,CUST01829,Savings,202815.68,0,Active,2021-10-02
ACC001830,CUST01830,Credit,115681.55,127940,Active,2022-08-04
ACC001831,CUST01831,Savings,59700.41,0,Active,2020-01-14
ACC001832,CUST01832,Savings,108640.36,0,Active,2020-08-17
ACC001833,CUST01833,Savings,33726.43,0,Active,2020-12-18
ACC001834,CUST01834,Savings,238089.44,0,Active,2024-05-04
ACC001835,CUST01835,Savings,70692.85,0,Active,2018-03-11
ACC001836,CUST01836,Current,88936.58,0,Active,2020-11-19
ACC001837,CUST01837,Savings,228744.07,0,Active,2023-11-20
ACC001838,CUST01838,Savings,213708.65,0,Active,2021-05-29
ACC001839,CUST01839,Savings,130304.77,0,Active,2023-10-12
ACC001840,CUST01840,Credit,257912.83,72822,Active,2020-02-08
ACC001841,CUST01841,Savings,56059.35,0,Active,2020-06-06
ACC001842,CUST01842,Savings,130344.29,0,Active,2019-09-15
ACC001843,CUST01843,Savings,56382.47,0,Active,2023-06-23
ACC001844,CUST01844,Savings,195939.67,0,Active,2023-07-26
ACC001845,CUST01845,Savings,192099.95,0,Inactive,2021-07-15
ACC001846,CUST01846,Current,268020.08,0,Active,2023-05-08
ACC001847,CUST01847,Savings,106646.18,0,Active,2024-06-26
ACC001848,CUST01848,Savings,309183.31,0,Active,2018-04-20
ACC001849,CUST01849,Credit,53164.69,220337,Inactive,2020-02-18
ACC001850,CUST01850,Current,103184.22,0,Active,2023-09-23
ACC001851,CUST01851,Credit,54508.57,109374,Active,2020-12-08
ACC001852,CUST01852,Current,119997.67,0,Active,2019-03-05
ACC001853,CUST01853,Savings,57840.66,0,Active,2023-11-18
ACC001854,CUST01854,Current,196239.22,0,Active,2020-09-04
ACC001855,CUST01855,Savings,140812.28,0,Active,2020-04-16
ACC001856,CUST01856,Savings,50049.24,0,Active,2025-07-16
ACC001857,CUST01857,Savings,171010.89,0,Active,2025-08-21
ACC001858,CUST01858,Savings,247861.31,0,Active,2024-08-28
ACC001859,CUST01859,Savings,148730.58,0,Active,2018-06-19
ACC001860,CUST01860,Credit,40012.9,260048,Active,2025-05-20
ACC001861,CUST01861,Savings,97228.92,0,Active,2025-03-03
ACC001862,CUST01862,Savings,159754.2,0,Active,2024-04-09
ACC001863,CUST01863,Savings,91587.08,0,Active,2021-04-09
ACC001864,CUST01864,Current,52689.4,0,Active,2018-02-25
ACC001865,CUST01865,Savings,208870.2,0,Active,2018-05-05
ACC001866,CUST01866,Current,89148.2,0,Active,2021-12-24
ACC001867,CUST01867,Savings,247946.47,0,Active,2022-05-01
ACC001868,CUST01868,Savings,76209.69,0,Active,2024-12-22
ACC001869,CUST01869,Savings,85912.29,0,Active,2019-08-29
ACC001870,CUST01870,Savings,72390.6,0,Active,2024-11-18
ACC001871,CUST01871,Savings,96209.33,0,Active,2019-08-14
ACC001872,CUST01872,Savings,139480.24,0,Active,2018-12-12
ACC001873,CUST01873,Current,54616.46,0,Active,2023-09-17
ACC001874,CUST01874,Savings,47675.19,0,Active,2022-07-31
ACC001875,CUST01875,Savings,30053.18,0,Active,2022-03-25
ACC001876,CUST01876,Savings,27160.21,0,Active,2019-09-02
ACC001877,CUST01877,Savings,40366.48,0,Active,2025-03-02
ACC001878,CUST01878,Savings,75871.74,0,Active,2022-12-16
ACC001879,CUST01879,Savings,118703.62,0,Active,2024-01-27
ACC001880,CUST01880,Savings,135022.74,0,Active,2021-08-09
ACC001881,CUST01881,Savings,115458.89,0,Active,2024-12-05
ACC001882,CUST01882,Savings,232281.15,0,Active,2020-08-28
ACC001883,CUST01883,Savings,273613.0,0,Active,2023-12-25
ACC001884,CUST01884,Savings,89413.57,0,Active,2020-09-05
ACC001885,CUST01885,Savings,55253.68,0,Active,2021-10-31
ACC001886,CUST01886,Current,319794.13,0,Active,2020-11-11
ACC001887,CUST01887,Current,204862.64,0,Active,2021-07-10
ACC001888,CUST01888,Savings,196437.7,0,Active,2022-09-17
ACC001889,CUST01889,Savings,73907.55,0,Active,2025-07-31
ACC001890,CUST01890,Savings,173427.73,0,Active,2024-03-27
ACC001891,CUST01891,Savings,116010.33,0,Active,2023-02-06
ACC001892,CUST01892,Savings,101907.37,0,Active,2022-03-14
ACC001893,CUST01893,Savings,101800.15,0,Inactive,2019-07-21
ACC001894,CUST01894,Savings,143217.14,0,Active,2021-11-08
ACC001895,CUST01895,Current,236496.91,0,Active,2022-03-27
ACC001896,CUST01896,Savings,334462.42,0,Active,2023-09-23
ACC001897,CUST01897,Savings,82372.04,0,Inactive,2024-04-07
ACC001898,CUST01898,Savings,119951.76,0,Active,2024-08-10
ACC001899,CUST01899,Savings,100339.52,0,Active,2018-02-12
ACC001900,CUST01900,Savings,137753.97,0,Active,2023-11-25
ACC001901,CUST01901,Current,92784.61,0,Active,2018-12-11
ACC001902,CUST01902,Current,304009.04,0,Inactive,2018-05-27
ACC001903,CUST01903,Savings,68375.04,0,Inactive,2019-07-13
ACC001904,CUST01904,Savings,82444.71,0,Active,2023-12-28
ACC001905,CUST01905,Current,74617.28,0,Active,2023-11-18
ACC001906,CUST01906,Savings,97348.34,0,Active,2023-06-26
ACC001907,CUST01907,Savings,42551.71,0,Active,2022-01-15
ACC001908,CUST01908,Savings,75544.88,0,Inactive,2023-06-28
ACC001909,CUST01909,Savings,136970.62,0,Active,2020-04-04
ACC001910,CUST01910,Savings,136382.06,0,Active,2023-08-20
ACC001911,CUST01911,Current,124029.56,0,Active,2018-06-14
ACC001912,CUST01912,Savings,225070.78,0,Active,2024-08-12
ACC001913,CUST01913,Savings,140135.6,0,Active,2020-01-07
ACC001914,CUST01914,Savings,220979.51,0,Active,2019-10-20
ACC001915,CUST01915,Credit,334600.27,295889,Active,2018-06-06
ACC001916,CUST01916,Savings,175914.31,0,Active,2023-07-13
ACC001917,CUST01917,Current,42704.72,0,Active,2023-04-18
ACC001918,CUST01918,Savings,126951.95,0,Active,2019-01-29
ACC001919,CUST01919,Savings,116143.18,0,Active,2020-10-15
ACC001920,CUST01920,Savings,247722.44,0,Active,2019-03-03
ACC001921,CUST01921,Current,99547.47,0,Active,2018-04-03
ACC001922,CUST01922,Savings,62252.89,0,Active,2018-11-28
ACC001923,CUST01923,Current,78410.06,0,Active,2020-11-18
ACC001924,CUST01924,Credit,43892.59,235627,Active,2022-06-08
ACC001925,CUST01925,Savings,6931.07,0,Active,2021-03-16
ACC001926,CUST01926,Savings,304812.0,0,Active,2019-11-09
ACC001927,CUST01927,Savings,107900.65,0,Active,2019-08-25
ACC001928,CUST01928,Savings,46978.99,0,Active,2023-09-02
ACC001929,CUST01929,Credit,260194.11,136310,Active,2021-04-21
ACC001930,CUST01930,Savings,284789.11,0,Active,2025-05-20
ACC001931,CUST01931,Current,118530.91,0,Active,2023-05-26
ACC001932,CUST01932,Savings,41009.69,0,Active,2018-08-18
ACC001933,CUST01933,Savings,79645.38,0,Active,2021-06-01
ACC001934,CUST01934,Savings,93012.27,0,Active,2024-05-30
ACC001935,CUST01935,Savings,110116.72,0,Active,2021-08-19
ACC001936,CUST01936,Savings,51304.31,0,Active,2023-07-14
ACC001937,CUST01937,Savings,184133.79,0,Active,2022-07-12
ACC001938,CUST01938,Savings,19773.33,0,Active,2025-02-25
ACC001939,CUST01939,Savings,201155.21,0,Active,2019-08-27
ACC001940,CUST01940,Savings,225266.12,0,Active,2023-06-03
ACC001941,CUST01941,Savings,84763.77,0,Active,2018-01-11
ACC001942,CUST01942,Savings,102528.86,0,Active,2018-11-24
ACC001943,CUST01943,Savings,241089.08,0,Active,2024-04-03
ACC001944,CUST01944,Savings,156261.28,0,Active,2019-05-30
ACC001945,CUST01945,Savings,86700.13,0,Active,2024-11-20
ACC001946,CUST01946,Savings,93322.42,0,Active,2019-11-07
ACC001947,CUST01947,Savings,143687.51,0,Active,2022-04-24
ACC001948,CUST01948,Savings,289575.78,0,Active,2018-07-29
ACC001949,CUST01949,Credit,95145.01,53298,Active,2023-11-25
ACC001950,CUST01950,Savings,85023.92,0,Active,2023-06-13
ACC001951,CUST01951,Savings,109647.95,0,Active,2021-10-28
ACC001952,CUST01952,Savings,110045.97,0,Active,2023-01-13
ACC001953,CUST01953,Savings,129184.67,0,Active,2025-01-18
ACC001954,CUST01954,Credit,102731.32,259177,Active,2022-11-09
ACC001955,CUST01955,Savings,207933.14,0,Active,2022-12-27
ACC001956,CUST01956,Savings,59034.34,0,Active,2018-12-17
ACC001957,CUST01957,Current,137660.62,0,Active,2022-04-02
ACC001958,CUST01958,Savings,140832.95,0,Active,2019-06-12
ACC001959,CUST01959,Savings,62683.11,0,Active,2025-07-27
ACC001960,CUST01960,Credit,136858.78,177307,Active,2022-09-09
ACC001961,CUST01961,Credit,142991.13,210949,Active,2020-08-02
ACC001962,CUST01962,Savings,12631.09,0,Active,2021-05-15
ACC001963,CUST01963,Savings,55206.21,0,Active,2023-03-07
ACC001964,CUST01964,Savings,252395.38,0,Active,2019-12-07
ACC001965,CUST01965,Current,72999.12,0,Active,2022-08-29
ACC001966,CUST01966,Savings,46894.89,0,Active,2018-10-06
ACC001967,CUST01967,Savings,26180.59,0,Active,2025-02-28
ACC001968,CUST01968,Savings,51677.94,0,Active,2018-02-15
ACC001969,CUST01969,Savings,100052.2,0,Active,2023-05-05
ACC001970,CUST01970,Savings,44476.34,0,Active,2018-05-03
ACC001971,CUST01971,Savings,157445.49,0,Active,2018-04-26
ACC001972,CUST01972,Savings,61914.3,0,Active,2021-05-04
ACC001973,CUST01973,Savings,129770.14,0,Active,2024-08-12
ACC001974,CUST01974,Savings,232289.26,0,Active,2025-08-11
ACC001975,CUST01975,Savings,224208.39,0,Active,2018-10-05
ACC001976,CUST01976,Savings,128455.58,0,Active,2020-01-23
ACC001977,CUST01977,Current,49287.31,0,Active,2021-06-07
ACC001978,CUST01978,Savings,104343.62,0,Inactive,2020-02-03
ACC001979,CUST01979,Savings,130954.25,0,Active,2025-08-18
ACC001980,CUST01980,Savings,369199.18,0,Active,2023-03-04
ACC001981,CUST01981,Savings,25966.2,0,Active,2021-09-03
ACC001982,CUST01982,Savings,104571.97,0,Active,2020-10-26
ACC001983,CUST01983,Savings,154215.79,0,Inactive,2024-10-15
ACC001984,CUST01984,Savings,114909.77,0,Active,2018-03-05
ACC001985,CUST01985,Savings,122606.21,0,Active,2023-10-09
ACC001986,CUST01986,Savings,64477.76,0,Active,2023-11-10
ACC001987,CUST01987,Credit,182313.48,269320,Active,2018-05-24
ACC001988,CUST01988,Savings,110076.86,0,Active,2020-02-03
ACC001989,CUST01989,Savings,122340.34,0,Active,2020-05-05
ACC001990,CUST01990,Savings,193354.51,0,Active,2020-04-21
ACC001991,CUST01991,Savings,88391.27,0,Active,2019-10-01
ACC001992,CUST01992,Savings,217364.56,0,Active,2021-08-07
ACC001993,CUST01993,Current,43355.43,0,Active,2021-04-22
ACC001994,CUST01994,Savings,126529.9,0,Active,2018-02-15
ACC001995,CUST01995,Savings,61779.26,0,Active,2019-07-16
ACC001996,CUST01996,Savings,51078.89,0,Active,2024-02-19
ACC001997,CUST01997,Current,287700.24,0,Inactive,2022-04-17
ACC001998,CUST01998,Savings,45068.0,0,Inactive,2019-12-21
ACC001999,CUST01999,Savings,111388.96,0,Active,2023-10-04
ACC002000,CUST02000,Savings,42520.48,0,Active,2025-04-13
ACC002001,CUST02001,Savings,209851.52,0,Active,2019-10-29
ACC002002,CUST02002,Savings,82821.92,0,Active,2022-09-25
ACC002003,CUST02003,Savings,192778.38,0,Active,2022-05-08
ACC002004,CUST02004,Savings,151193.86,0,Active,2025-02-13
ACC002005,CUST02005,Savings,338987.01,0,Active,2021-01-15
ACC002006,CUST02006,Savings,36275.48,0,Active,2023-06-09
ACC002007,CUST02007,Savings,54882.04,0,Active,2024-08-28
ACC002008,CUST02008,Savings,186903.35,0,Active,2022-04-11
ACC002009,CUST02009,Savings,130164.6,0,Active,2024-03-08
ACC002010,CUST02010,Savings,92487.24,0,Active,2021-04-14
ACC002011,CUST02011,Savings,304396.54,0,Active,2022-03-06
ACC002012,CUST02012,Savings,106711.27,0,Active,2019-05-26
ACC002013,CUST02013,Savings,63405.55,0,Active,2022-01-24
ACC002014,CUST02014,Savings,194099.98,0,Active,2019-02-19
ACC002015,CUST02015,Credit,108904.8,194902,Active,2023-11-03
ACC002016,CUST02016,Current,114108.13,0,Active,2022-10-22
ACC002017,CUST02017,Savings,158626.21,0,Active,2022-03-22
ACC002018,CUST02018,Current,162208.58,0,Active,2020-10-25
ACC002019,CUST02019,Savings,54362.56,0,Active,2020-03-29
ACC002020,CUST02020,Current,89161.51,0,Active,2021-08-27
ACC002021,CUST02021,Credit,39774.35,160335,Active,2024-06-22
ACC002022,CUST02022,Savings,131311.81,0,Active,2023-10-06
ACC002023,CUST02023,Credit,284849.25,231013,Active,2021-07-23
ACC002024,CUST02024,Savings,55957.92,0,Active,2019-07-03
ACC002025,CUST02025,Savings,34296.26,0,Active,2024-02-23
ACC002026,CUST02026,Savings,70443.83,0,Active,2018-07-31
ACC002027,CUST02027,Savings,91983.68,0,Active,2022-04-15
ACC002028,CUST02028,Savings,163034.74,0,Active,2023-05-17
ACC002029,CUST02029,Savings,86013.3,0,Active,2020-05-12
ACC002030,CUST02030,Current,132710.87,0,Active,2024-10-24
ACC002031,CUST02031,Savings,77388.43,0,Active,2020-11-09
ACC002032,CUST02032,Savings,95180.21,0,Active,2024-11-24
ACC002033,CUST02033,Savings,61978.02,0,Inactive,2024-10-02
ACC002034,CUST02034,Current,49191.09,0,Active,2023-08-25
ACC002035,CUST02035,Savings,166410.95,0,Active,2023-03-18
ACC002036,CUST02036,Current,80911.22,0,Active,2018-06-18
ACC002037,CUST02037,Credit,138436.64,199593,Active,2025-01-13
ACC002038,CUST02038,Savings,61313.95,0,Active,2020-06-18
ACC002039,CUST02039,Savings,107136.25,0,Active,2020-11-09
ACC002040,CUST02040,Savings,20183.21,0,Active,2018-12-16
ACC002041,CUST02041,Savings,84835.04,0,Active,2021-11-20
ACC002042,CUST02042,Savings,65826.68,0,Active,2024-07-10
ACC002043,CUST02043,Savings,205083.4,0,Active,2023-06-30
ACC002044,CUST02044,Savings,43793.91,0,Active,2020-12-28
ACC002045,CUST02045,Savings,97648.5,0,Active,2023-08-12
ACC002046,CUST02046,Savings,130354.33,0,Active,2025-02-28
ACC002047,CUST02047,Current,189030.76,0,Active,2018-03-18
ACC002048,CUST02048,Savings,174394.05,0,Active,2022-10-20
ACC002049,CUST02049,Current,102496.77,0,Active,2024-02-26
ACC002050,CUST02050,Savings,111497.94,0,Active,2023-11-29
ACC002051,CUST02051,Savings,204979.63,0,Active,2024-02-10
ACC002052,CUST02052,Savings,101291.15,0,Active,2018-12-20
ACC002053,CUST02053,Savings,118769.89,0,Active,2024-09-27
ACC002054,CUST02054,Savings,208789.87,0,Active,2021-10-23
ACC002055,CUST02055,Credit,365272.36,157704,Active,2022-05-17
ACC002056,CUST02056,Current,124913.3,0,Active,2018-08-24
ACC002057,CUST02057,Savings,145436.16,0,Active,2019-09-13
ACC002058,CUST02058,Current,171433.31,0,Active,2025-05-21
ACC002059,CUST02059,Current,207665.53,0,Active,2021-06-27
ACC002060,CUST02060,Current,191713.2,0,Active,2018-02-13
ACC002061,CUST02061,Savings,73509.39,0,Active,2019-02-23
ACC002062,CUST02062,Savings,129900.92,0,Active,2021-03-21
ACC002063,CUST02063,Credit,192467.7,62363,Active,2022-01-24
ACC002064,CUST02064,Credit,232466.57,233848,Active,2020-06-08
ACC002065,CUST02065,Credit,97757.63,219577,Active,2023-05-08
ACC002066,CUST02066,Current,128047.92,0,Active,2020-05-22
ACC002067,CUST02067,Savings,136833.55,0,Active,2023-10-02
ACC002068,CUST02068,Savings,109264.14,0,Active,2022-03-23
ACC002069,CUST02069,Savings,126095.13,0,Active,2020-08-02
ACC002070,CUST02070,Savings,19206.54,0,Active,2025-05-19
ACC002071,CUST02071,Current,489684.94,0,Active,2024-11-09
ACC002072,CUST02072,Savings,95248.03,0,Active,2024-10-12
ACC002073,CUST02073,Current,99870.44,0,Active,2025-05-17
ACC002074,CUST02074,Savings,31458.97,0,Active,2021-05-05
ACC002075,CUST02075,Savings,27357.95,0,Active,2021-06-05
ACC002076,CUST02076,Savings,142525.38,0,Active,2023-01-23
ACC002077,CUST02077,Savings,192913.33,0,Active,2025-03-17
ACC002078,CUST02078,Savings,173100.82,0,Active,2022-01-30
ACC002079,CUST02079,Savings,61199.21,0,Active,2020-03-18
ACC002080,CUST02080,Savings,167317.76,0,Active,2018-07-30
ACC002081,CUST02081,Current,98890.92,0,Active,2023-05-12
ACC002082,CUST02082,Credit,84245.22,87362,Inactive,2023-03-03
ACC002083,CUST02083,Savings,40619.92,0,Active,2021-08-26
ACC002084,CUST02084,Savings,66463.0,0,Active,2021-02-08
ACC002085,CUST02085,Current,144468.14,0,Active,2018-10-03
ACC002086,CUST02086,Savings,129088.51,0,Active,2022-09-22
ACC002087,CUST02087,Savings,118025.18,0,Active,2020-05-01
ACC002088,CUST02088,Current,18295.12,0,Active,2020-11-01
ACC002089,CUST02089,Current,118754.59,0,Active,2024-10-15
ACC002090,CUST02090,Credit,72789.02,52073,Active,2023-08-31
ACC002091,CUST02091,Savings,129640.32,0,Active,2019-08-16
ACC002092,CUST02092,Savings,211214.23,0,Active,2019-03-20
ACC002093,CUST02093,Savings,79985.8,0,Active,2018-04-03
ACC002094,CUST02094,Savings,113566.88,0,Active,2022-10-13
ACC002095,CUST02095,Savings,303381.03,0,Active,2024-02-11
ACC002096,CUST02096,Savings,125828.71,0,Active,2022-04-18
ACC002097,CUST02097,Current,105218.02,0,Active,2025-07-10
ACC002098,CUST02098,Current,61886.49,0,Active,2022-02-08
ACC002099,CUST02099,Savings,169986.52,0,Active,2022-02-06
ACC002100,CUST02100,Savings,54798.73,0,Active,2019-07-11
ACC002101,CUST02101,Savings,216475.89,0,Active,2024-01-16
ACC002102,CUST02102,Savings,156242.37,0,Active,2019-07-23
ACC002103,CUST02103,Credit,74472.96,163140,Active,2018-01-14
ACC002104,CUST02104,Savings,63306.29,0,Active,2022-04-22
ACC002105,CUST02105,Savings,64340.6,0,Active,2024-09-19
ACC002106,CUST02106,Savings,27763.55,0,Inactive,2024-04-26
ACC002107,CUST02107,Savings,140527.5,0,Active,2021-07-28
ACC002108,CUST02108,Savings,20418.56,0,Active,2025-06-28
ACC002109,CUST02109,Current,101142.81,0,Active,2018-03-02
ACC002110,CUST02110,Savings,97145.98,0,Active,2025-02-13
ACC002111,CUST02111,Savings,86718.4,0,Active,2022-01-11
ACC002112,CUST02112,Savings,139965.22,0,Active,2024-07-05
ACC002113,CUST02113,Savings,74594.8,0,Inactive,2022-05-30
ACC002114,CUST02114,Savings,118936.14,0,Active,2021-02-12
ACC002115,CUST02115,Savings,216451.82,0,Active,2018-04-29
ACC002116,CUST02116,Savings,149718.78,0,Active,2022-06-01
ACC002117,CUST02117,Savings,81932.07,0,Active,2020-07-11
ACC002118,CUST02118,Savings,107182.23,0,Active,2018-01-24
ACC002119,CUST02119,Savings,86780.16,0,Active,2022-12-06
ACC002120,CUST02120,Savings,96288.39,0,Active,2023-12-23
ACC002121,CUST02121,Savings,121128.98,0,Active,2019-08-09
ACC002122,CUST02122,Savings,39246.0,0,Active,2020-03-20
ACC002123,CUST02123,Savings,32564.44,0,Active,2025-07-27
ACC002124,CUST02124,Savings,58332.04,0,Active,2018-04-06
ACC002125,CUST02125,Savings,143856.07,0,Active,2022-03-15
ACC002126,CUST02126,Savings,155424.31,0,Active,2018-10-17
ACC002127,CUST02127,Savings,168876.63,0,Active,2024-01-30
ACC002128,CUST02128,Savings,59931.6,0,Active,2024-01-18
ACC002129,CUST02129,Savings,113174.51,0,Active,2021-06-23
ACC002130,CUST02130,Savings,83564.24,0,Active,2018-05-16
ACC002131,CUST02131,Savings,98787.13,0,Active,2021-06-16
ACC002132,CUST02132,Savings,82619.61,0,Active,2025-01-23
ACC002133,CUST02133,Credit,125241.57,232795,Active,2025-01-02
ACC002134,CUST02134,Savings,68609.32,0,Inactive,2018-06-09
ACC002135,CUST02135,Current,202968.02,0,Active,2019-05-30
ACC002136,CUST02136,Savings,203990.12,0,Active,2020-06-02
ACC002137,CUST02137,Credit,141263.99,203454,Inactive,2020-11-16
ACC002138,CUST02138,Savings,189665.69,0,Active,2023-04-10
ACC002139,CUST02139,Savings,38102.45,0,Active,2022-08-10
ACC002140,CUST02140,Savings,209653.62,0,Active,2019-01-30
ACC002141,CUST02141,Savings,133445.65,0,Active,2025-04-08
ACC002142,CUST02142,Savings,71360.82,0,Active,2023-01-16
ACC002143,CUST02143,Savings,66696.37,0,Active,2024-10-01
ACC002144,CUST02144,Current,250038.29,0,Active,2020-01-11
ACC002145,CUST02145,Savings,170428.02,0,Active,2025-06-13
ACC002146,CUST02146,Current,97169.28,0,Active,2025-01-24
ACC002147,CUST02147,Savings,37768.76,0,Active,2018-12-12
ACC002148,CUST02148,Credit,215697.32,229602,Active,2025-05-06
ACC002149,CUST02149,Savings,49460.21,0,Active,2021-03-10
ACC002150,CUST02150,Savings,84528.88,0,Active,2023-03-19
ACC002151,CUST02151,Credit,97085.92,242233,Active,2022-04-11
ACC002152,CUST02152,Credit,66020.36,256772,Active,2023-08-11
ACC002153,CUST02153,Savings,94406.09,0,Active,2021-11-08
ACC002154,CUST02154,Credit,106207.15,203711,Active,2020-06-12
ACC002155,CUST02155,Savings,93193.85,0,Active,2021-05-18
ACC002156,CUST02156,Savings,128928.81,0,Active,2025-05-18
ACC002157,CUST02157,Credit,255242.03,206077,Active,2020-04-16
ACC002158,CUST02158,Savings,39189.7,0,Active,2018-11-25
ACC002159,CUST02159,Savings,117307.01,0,Active,2019-08-30
ACC002160,CUST02160,Savings,49844.24,0,Active,2023-05-30
ACC002161,CUST02161,Savings,36355.71,0,Active,2021-09-08
ACC002162,CUST02162,Savings,181533.04,0,Active,2020-06-04
ACC002163,CUST02163,Credit,123340.04,56639,Active,2019-08-06
ACC002164,CUST02164,Savings,34606.86,0,Inactive,2022-04-03
ACC002165,CUST02165,Savings,94352.49,0,Active,2019-06-18
ACC002166,CUST02166,Savings,58439.98,0,Active,2020-08-23
ACC002167,CUST02167,Current,96423.36,0,Active,2023-08-25
ACC002168,CUST02168,Savings,158626.37,0,Active,2021-03-13
ACC002169,CUST02169,Credit,149424.63,251393,Active,2020-01-26
ACC002170,CUST02170,Savings,82997.35,0,Active,2021-10-21
ACC002171,CUST02171,Savings,186381.53,0,Active,2025-07-23
ACC002172,CUST02172,Savings,226030.93,0,Active,2020-04-18
ACC002173,CUST02173,Savings,160136.73,0,Active,2024-04-17
ACC002174,CUST02174,Current,74308.68,0,Active,2019-11-19
ACC002175,CUST02175,Savings,98394.71,0,Active,2022-02-05
ACC002176,CUST02176,Savings,250730.27,0,Active,2021-10-03
ACC002177,CUST02177,Savings,86984.27,0,Active,2018-09-08
ACC002178,CUST02178,Savings,149697.36,0,Active,2019-04-10
ACC002179,CUST02179,Credit,65415.95,73277,Active,2018-07-11
ACC002180,CUST02180,Current,187125.44,0,Active,2023-08-28
ACC002181,CUST02181,Savings,60447.08,0,Active,2021-11-06
ACC002182,CUST02182,Savings,101056.74,0,Active,2022-09-14
ACC002183,CUST02183,Current,146641.04,0,Active,2025-06-18
ACC002184,CUST02184,Savings,279568.45,0,Active,2022-06-12
ACC002185,CUST02185,Savings,121994.26,0,Active,2019-06-11
ACC002186,CUST02186,Savings,90413.25,0,Active,2024-08-09
ACC002187,CUST02187,Savings,86168.18,0,Active,2020-09-21
ACC002188,CUST02188,Savings,182492.73,0,Active,2019-08-18
ACC002189,CUST02189,Current,139817.59,0,Active,2020-05-16
ACC002190,CUST02190,Savings,156818.35,0,Active,2020-01-24
ACC002191,CUST02191,Savings,240845.73,0,Active,2025-03-29
ACC002192,CUST02192,Savings,110639.8,0,Active,2022-01-31
ACC002193,CUST02193,Savings,134094.7,0,Active,2023-10-05
ACC002194,CUST02194,Savings,85430.78,0,Active,2022-07-14
ACC002195,CUST02195,Credit,63742.52,139125,Active,2025-05-12
ACC002196,CUST02196,Savings,72231.17,0,Active,2018-05-07
ACC002197,CUST02197,Credit,14323.37,83435,Active,2022-12-12
ACC002198,CUST02198,Savings,145779.43,0,Active,2023-09-12
ACC002199,CUST02199,Current,137151.48,0,Active,2025-01-04
ACC002200,CUST02200,Savings,143990.06,0,Active,2020-03-31
ACC002201,CUST02201,Savings,60925.15,0,Active,2018-06-28
ACC002202,CUST02202,Savings,73056.64,0,Active,2023-09-30
ACC002203,CUST02203,Savings,71507.71,0,Active,2022-09-07
ACC002204,CUST02204,Savings,197512.64,0,Active,2019-07-24
ACC002205,CUST02205,Savings,119312.54,0,Active,2025-06-16
ACC002206,CUST02206,Savings,109920.0,0,Active,2023-07-06
ACC002207,CUST02207,Savings,165180.9,0,Active,2019-10-13
ACC002208,CUST02208,Savings,71665.87,0,Active,2018-12-11
ACC002209,CUST02209,Savings,132186.76,0,Active,2024-10-09
ACC002210,CUST02210,Savings,299880.32,0,Active,2019-01-20
ACC002211,CUST02211,Savings,215131.82,0,Active,2018-04-02
ACC002212,CUST02212,Savings,131018.04,0,Active,2020-01-25
ACC002213,CUST02213,Credit,112430.55,243407,Active,2021-02-12
ACC002214,CUST02214,Savings,143268.96,0,Active,2021-07-31
ACC002215,CUST02215,Savings,231883.91,0,Active,2018-03-16
ACC002216,CUST02216,Current,222718.26,0,Active,2025-07-02
ACC002217,CUST02217,Current,253725.57,0,Active,2020-05-08
ACC002218,CUST02218,Savings,123331.21,0,Active,2022-12-26
ACC002219,CUST02219,Current,20277.63,0,Active,2019-03-01
ACC002220,CUST02220,Savings,288090.03,0,Active,2022-11-09
ACC002221,CUST02221,Savings,63647.74,0,Active,2020-01-28
ACC002222,CUST02222,Savings,163634.7,0,Active,2020-10-27
ACC002223,CUST02223,Savings,20647.32,0,Active,2022-01-20
ACC002224,CUST02224,Savings,108536.33,0,Active,2018-05-29
ACC002225,CUST02225,Savings,87082.97,0,Inactive,2022-11-10
ACC002226,CUST02226,Savings,254047.37,0,Active,2019-01-21
ACC002227,CUST02227,Credit,132000.87,243112,Active,2024-09-05
ACC002228,CUST02228,Savings,107847.86,0,Active,2019-06-14
ACC002229,CUST02229,Savings,140612.92,0,Active,2023-08-03
ACC002230,CUST02230,Current,9588.94,0,Active,2021-09-02
ACC002231,CUST02231,Savings,70586.12,0,Active,2024-07-13
ACC002232,CUST02232,Savings,77845.96,0,Active,2025-01-31
ACC002233,CUST02233,Credit,153613.9,142172,Active,2025-03-22
ACC002234,CUST02234,Current,54396.35,0,Active,2019-09-11
ACC002235,CUST02235,Savings,120177.82,0,Active,2018-02-02
ACC002236,CUST02236,Savings,101584.92,0,Active,2018-07-28
ACC002237,CUST02237,Credit,73134.03,166159,Active,2022-09-26
ACC002238,CUST02238,Credit,76298.67,273800,Active,2018-11-23
ACC002239,CUST02239,Savings,101015.42,0,Active,2023-01-28
ACC002240,CUST02240,Savings,25667.74,0,Active,2023-05-16
ACC002241,CUST02241,Savings,166473.86,0,Active,2025-08-26
ACC002242,CUST02242,Savings,63345.38,0,Active,2022-01-20
ACC002243,CUST02243,Current,90580.63,0,Active,2018-04-28
ACC002244,CUST02244,Credit,248859.52,143001,Active,2022-12-05
ACC002245,CUST02245,Savings,168108.49,0,Active,2020-07-23
ACC002246,CUST02246,Current,47758.43,0,Active,2018-04-25
ACC002247,CUST02247,Savings,7929.59,0,Active,2019-04-11
ACC002248,CUST02248,Savings,144121.92,0,Active,2024-07-09
ACC002249,CUST02249,Savings,92841.86,0,Active,2018-06-16
ACC002250,CUST02250,Current,120608.27,0,Active,2022-05-17
ACC002251,CUST02251,Savings,164922.11,0,Active,2019-03-14
ACC002252,CUST02252,Savings,179901.0,0,Active,2018-06-05
ACC002253,CUST02253,Savings,81784.98,0,Active,2024-12-16
ACC002254,CUST02254,Savings,99995.16,0,Active,2023-11-24
ACC002255,CUST02255,Savings,134475.11,0,Active,2021-05-23
ACC002256,CUST02256,Current,139644.61,0,Active,2023-11-18
ACC002257,CUST02257,Savings,119906.61,0,Active,2019-05-30
ACC002258,CUST02258,Savings,233519.94,0,Inactive,2022-05-03
ACC002259,CUST02259,Current,138737.01,0,Active,2021-10-04
ACC002260,CUST02260,Current,163530.53,0,Active,2022-03-23
ACC002261,CUST02261,Savings,125968.0,0,Active,2022-10-31
ACC002262,CUST02262,Savings,54117.34,0,Active,2018-01-12
ACC002263,CUST02263,Credit,70437.63,147023,Inactive,2019-08-15
ACC002264,CUST02264,Current,46317.46,0,Active,2020-09-28
ACC002265,CUST02265,Savings,191386.77,0,Active,2020-09-25
ACC002266,CUST02266,Savings,34456.44,0,Active,2021-02-22
ACC002267,CUST02267,Savings,97478.74,0,Active,2023-08-26
ACC002268,CUST02268,Savings,84662.6,0,Inactive,2025-05-27
ACC002269,CUST02269,Savings,83257.66,0,Active,2021-09-28
ACC002270,CUST02270,Savings,87923.19,0,Active,2020-06-16
ACC002271,CUST02271,Savings,258181.41,0,Active,2021-08-18
ACC002272,CUST02272,Savings,24186.07,0,Active,2024-02-22
ACC002273,CUST02273,Current,217278.87,0,Active,2021-09-21
ACC002274,CUST02274,Savings,92674.89,0,Active,2022-02-26
ACC002275,CUST02275,Savings,173242.54,0,Active,2018-11-24
ACC002276,CUST02276,Savings,111964.65,0,Active,2020-04-15
ACC002277,CUST02277,Savings,49795.0,0,Active,2021-07-20
ACC002278,CUST02278,Savings,228958.45,0,Active,2025-01-21
ACC002279,CUST02279,Savings,209356.34,0,Active,2019-07-18
ACC002280,CUST02280,Savings,52461.72,0,Active,2022-01-08
ACC002281,CUST02281,Savings,150483.67,0,Active,2018-02-05
ACC002282,CUST02282,Savings,72588.36,0,Active,2018-06-09
ACC002283,CUST02283,Credit,35618.24,235443,Active,2024-10-30
ACC002284,CUST02284,Current,63452.47,0,Active,2018-04-26
ACC002285,CUST02285,Savings,221494.44,0,Inactive,2023-09-21
ACC002286,CUST02286,Current,175654.95,0,Active,2025-08-22
ACC002287,CUST02287,Credit,88578.1,88575,Active,2025-03-13
ACC002288,CUST02288,Savings,222080.81,0,Active,2020-09-19
ACC002289,CUST02289,Savings,200402.37,0,Active,2022-08-01
ACC002290,CUST02290,Credit,63520.21,252976,Active,2024-03-22
ACC002291,CUST02291,Savings,252450.57,0,Active,2023-02-18
ACC002292,CUST02292,Savings,84128.47,0,Active,2024-10-08
ACC002293,CUST02293,Savings,91586.05,0,Active,2019-01-22
ACC002294,CUST02294,Credit,24715.26,272372,Active,2019-03-05
ACC002295,CUST02295,Current,71694.95,0,Active,2025-08-25
ACC002296,CUST02296,Savings,97946.59,0,Active,2025-05-23
ACC002297,CUST02297,Savings,128052.64,0,Active,2021-08-18
ACC002298,CUST02298,Savings,49917.0,0,Active,2020-12-10
ACC002299,CUST02299,Credit,65489.96,177152,Active,2023-02-10
ACC002300,CUST02300,Savings,255544.93,0,Active,2022-04-09
ACC002301,CUST02301,Savings,192970.9,0,Active,2019-10-26
ACC002302,CUST02302,Savings,213182.45,0,Active,2023-02-13
ACC002303,CUST02303,Savings,103055.49,0,Active,2024-08-26
ACC002304,CUST02304,Credit,130299.85,156416,Active,2021-07-19
ACC002305,CUST02305,Savings,152414.14,0,Active,2023-10-24
ACC002306,CUST02306,Savings,253463.21,0,Active,2018-08-19
ACC002307,CUST02307,Savings,35033.9,0,Active,2020-02-27
ACC002308,CUST02308,Savings,76450.79,0,Active,2020-10-11
ACC002309,CUST02309,Current,123377.86,0,Active,2021-04-08
ACC002310,CUST02310,Savings,112390.85,0,Active,2019-04-24
ACC002311,CUST02311,Savings,64938.39,0,Active,2024-11-14
ACC002312,CUST02312,Savings,144888.88,0,Active,2022-11-01
ACC002313,CUST02313,Credit,78422.56,195052,Active,2018-07-14
ACC002314,CUST02314,Savings,107506.83,0,Active,2022-07-13
ACC002315,CUST02315,Savings,141178.85,0,Active,2019-03-25
ACC002316,CUST02316,Savings,80821.7,0,Active,2020-08-28
ACC002317,CUST02317,Current,167374.45,0,Active,2025-01-23
ACC002318,CUST02318,Savings,184939.67,0,Active,2021-10-21
ACC002319,CUST02319,Savings,66592.1,0,Active,2023-04-12
ACC002320,CUST02320,Credit,78063.24,226697,Active,2025-01-30
ACC002321,CUST02321,Credit,55181.73,148068,Active,2022-07-14
ACC002322,CUST02322,Savings,106061.09,0,Active,2025-02-16
ACC002323,CUST02323,Credit,128001.33,244763,Inactive,2019-01-07
ACC002324,CUST02324,Savings,85800.89,0,Active,2021-10-20
ACC002325,CUST02325,Savings,125900.93,0,Active,2022-01-15
ACC002326,CUST02326,Savings,76742.51,0,Active,2024-11-04
ACC002327,CUST02327,Savings,78350.86,0,Active,2019-07-30
ACC002328,CUST02328,Savings,131912.64,0,Active,2020-07-15
ACC002329,CUST02329,Savings,81701.56,0,Inactive,2020-05-26
ACC002330,CUST02330,Savings,102596.39,0,Active,2021-03-29
ACC002331,CUST02331,Savings,134665.15,0,Active,2020-02-27
ACC002332,CUST02332,Savings,124824.46,0,Active,2019-05-11
ACC002333,CUST02333,Savings,77444.02,0,Active,2020-07-02
ACC002334,CUST02334,Current,195594.89,0,Active,2021-07-08
ACC002335,CUST02335,Savings,33600.63,0,Active,2024-06-29
ACC002336,CUST02336,Credit,6137.98,52166,Active,2019-12-01
ACC002337,CUST02337,Savings,148494.95,0,Active,2022-11-17
ACC002338,CUST02338,Credit,123387.0,137000,Active,2024-05-07
ACC002339,CUST02339,Credit,50126.4,267667,Active,2018-07-03
ACC002340,CUST02340,Savings,114050.94,0,Active,2024-03-12
ACC002341,CUST02341,Savings,70763.31,0,Active,2023-06-26
ACC002342,CUST02342,Savings,142302.85,0,Inactive,2018-03-01
ACC002343,CUST02343,Current,7751.39,0,Active,2025-01-24
ACC002344,CUST02344,Savings,90783.42,0,Active,2019-12-11
ACC002345,CUST02345,Savings,75240.16,0,Active,2018-12-04
ACC002346,CUST02346,Savings,167729.75,0,Active,2020-02-09
ACC002347,CUST02347,Savings,25478.83,0,Active,2023-04-28
ACC002348,CUST02348,Savings,109665.84,0,Active,2024-09-14
ACC002349,CUST02349,Credit,147451.48,164104,Active,2021-03-28
ACC002350,CUST02350,Credit,279710.54,221708,Active,2025-02-16
ACC002351,CUST02351,Savings,78191.05,0,Active,2018-10-28
ACC002352,CUST02352,Savings,129294.85,0,Active,2023-02-13
ACC002353,CUST02353,Current,26899.42,0,Active,2018-03-19
ACC002354,CUST02354,Savings,106303.88,0,Active,2023-08-30
ACC002355,CUST02355,Current,203650.31,0,Active,2022-10-24
ACC002356,CUST02356,Savings,281224.98,0,Active,2025-01-06
ACC002357,CUST02357,Current,136497.5,0,Active,2021-02-07
ACC002358,CUST02358,Credit,33442.61,195151,Active,2020-02-02
ACC002359,CUST02359,Savings,221973.21,0,Active,2018-11-01
ACC002360,CUST02360,Savings,33679.73,0,Active,2023-09-09
ACC002361,CUST02361,Current,46684.48,0,Active,2019-04-08
ACC002362,CUST02362,Savings,232538.91,0,Active,2025-07-22
ACC002363,CUST02363,Savings,101637.83,0,Active,2019-12-26
ACC002364,CUST02364,Savings,72588.48,0,Active,2025-02-28
ACC002365,CUST02365,Savings,159123.14,0,Active,2018-05-28
ACC002366,CUST02366,Savings,117762.28,0,Active,2021-03-23
ACC002367,CUST02367,Savings,193454.1,0,Active,2024-03-04
ACC002368,CUST02368,Savings,121027.7,0,Active,2021-10-10
ACC002369,CUST02369,Savings,122682.29,0,Active,2020-07-16
ACC002370,CUST02370,Savings,189603.93,0,Active,2024-01-10
ACC002371,CUST02371,Current,100787.89,0,Active,2023-03-25
ACC002372,CUST02372,Current,58551.5,0,Active,2020-03-31
ACC002373,CUST02373,Savings,164366.96,0,Active,2020-04-12
ACC002374,CUST02374,Savings,88721.52,0,Active,2021-06-23
ACC002375,CUST02375,Savings,126818.6,0,Active,2022-04-03
ACC002376,CUST02376,Savings,22205.16,0,Active,2018-03-03
ACC002377,CUST02377,Savings,98266.25,0,Inactive,2025-04-05
ACC002378,CUST02378,Savings,75983.61,0,Active,2019-04-14
ACC002379,CUST02379,Savings,21607.94,0,Inactive,2023-11-02
ACC002380,CUST02380,Credit,100186.87,137332,Active,2024-09-11
ACC002381,CUST02381,Savings,102278.45,0,Active,2018-10-03
ACC002382,CUST02382,Savings,132251.2,0,Active,2025-01-05
ACC002383,CUST02383,Savings,201733.12,0,Active,2020-09-17
ACC002384,CUST02384,Savings,183691.04,0,Active,2024-08-23
ACC002385,CUST02385,Savings,79479.61,0,Active,2021-12-07
ACC002386,CUST02386,Savings,119261.34,0,Active,2019-03-08
ACC002387,CUST02387,Current,143457.29,0,Active,2020-02-08
ACC002388,CUST02388,Savings,80955.58,0,Active,2023-01-28
ACC002389,CUST02389,Savings,36128.88,0,Active,2024-11-03
ACC002390,CUST02390,Savings,93620.81,0,Active,2023-07-05
ACC002391,CUST02391,Credit,206487.74,52080,Inactive,2023-11-20
ACC002392,CUST02392,Savings,34777.77,0,Active,2024-06-13
ACC002393,CUST02393,Savings,54410.46,0,Active,2018-09-14
ACC002394,CUST02394,Savings,62822.24,0,Inactive,2022-03-10
ACC002395,CUST02395,Savings,54850.88,0,Active,2023-07-14
ACC002396,CUST02396,Current,159527.63,0,Active,2021-06-01
ACC002397,CUST02397,Credit,70579.15,122157,Inactive,2019-05-14
ACC002398,CUST02398,Credit,161977.02,244579,Active,2018-06-22
ACC002399,CUST02399,Savings,109590.49,0,Active,2023-07-05
ACC002400,CUST02400,Savings,28444.36,0,Active,2022-07-29
ACC002401,CUST02401,Savings,82102.32,0,Active,2022-10-19
ACC002402,CUST02402,Savings,186788.61,0,Active,2022-01-18
ACC002403,CUST02403,Savings,117079.74,0,Active,2020-03-27
ACC002404,CUST02404,Savings,86158.8,0,Active,2022-10-24
ACC002405,CUST02405,Savings,207878.27,0,Active,2023-01-07
ACC002406,CUST02406,Savings,50662.46,0,Active,2018-01-01
ACC002407,CUST02407,Savings,72303.7,0,Active,2024-05-30
ACC002408,CUST02408,Savings,176964.58,0,Active,2021-01-22
ACC002409,CUST02409,Savings,157650.11,0,Active,2025-04-20
ACC002410,CUST02410,Savings,47661.45,0,Active,2018-05-26
ACC002411,CUST02411,Savings,140644.96,0,Active,2018-12-15
ACC002412,CUST02412,Savings,69810.83,0,Active,2021-07-23
ACC002413,CUST02413,Savings,20684.06,0,Active,2018-04-27
ACC002414,CUST02414,Current,87251.24,0,Active,2018-04-06
ACC002415,CUST02415,Savings,291255.5,0,Active,2024-01-16
ACC002416,CUST02416,Savings,188615.12,0,Active,2019-09-07
ACC002417,CUST02417,Savings,103602.25,0,Active,2019-12-18
ACC002418,CUST02418,Savings,33103.26,0,Active,2024-01-05
ACC002419,CUST02419,Current,21284.64,0,Active,2022-07-15
ACC002420,CUST02420,Savings,109799.1,0,Active,2021-05-06
ACC002421,CUST02421,Savings,135308.16,0,Active,2025-03-07
ACC002422,CUST02422,Savings,160593.09,0,Active,2021-01-30
ACC002423,CUST02423,Savings,150151.25,0,Inactive,2022-05-12
ACC002424,CUST02424,Savings,157553.34,0,Inactive,2023-03-16
ACC002425,CUST02425,Current,125773.46,0,Active,2021-12-20
ACC002426,CUST02426,Savings,205360.82,0,Active,2025-06-09
ACC002427,CUST02427,Savings,75884.69,0,Active,2018-11-26
ACC002428,CUST02428,Savings,108797.52,0,Active,2024-09-20
ACC002429,CUST02429,Savings,28538.8,0,Active,2022-04-21
ACC002430,CUST02430,Savings,74827.15,0,Inactive,2019-05-02
ACC002431,CUST02431,Savings,185701.56,0,Active,2020-09-21
ACC002432,CUST02432,Savings,154672.51,0,Active,2022-02-06
ACC002433,CUST02433,Savings,14645.11,0,Active,2019-02-18
ACC002434,CUST02434,Credit,303380.19,293069,Active,2018-10-17
ACC002435,CUST02435,Credit,117262.93,84024,Active,2024-04-03
ACC002436,CUST02436,Savings,118594.2,0,Inactive,2018-11-18
ACC002437,CUST02437,Savings,71703.67,0,Active,2023-03-26
ACC002438,CUST02438,Savings,82373.98,0,Active,2021-09-05
ACC002439,CUST02439,Savings,116479.06,0,Active,2019-05-17
ACC002440,CUST02440,Credit,149647.84,143917,Active,2019-03-19
ACC002441,CUST02441,Savings,129286.06,0,Active,2020-09-03
ACC002442,CUST02442,Savings,75515.98,0,Active,2023-07-31
ACC002443,CUST02443,Savings,57988.33,0,Active,2020-03-09
ACC002444,CUST02444,Current,55267.91,0,Active,2024-02-21
ACC002445,CUST02445,Current,193912.26,0,Active,2022-08-24
ACC002446,CUST02446,Current,180860.94,0,Active,2021-04-22
ACC002447,CUST02447,Current,141768.51,0,Inactive,2024-07-24
ACC002448,CUST02448,Current,193122.69,0,Active,2023-05-15
ACC002449,CUST02449,Savings,98697.44,0,Active,2025-05-24
ACC002450,CUST02450,Savings,172098.6,0,Active,2024-08-22
ACC002451,CUST02451,Savings,146043.33,0,Active,2024-10-11
ACC002452,CUST02452,Savings,174743.63,0,Active,2018-12-03
ACC002453,CUST02453,Savings,51391.15,0,Active,2025-03-14
ACC002454,CUST02454,Credit,12555.79,235534,Active,2023-09-14
ACC002455,CUST02455,Savings,124716.85,0,Active,2020-01-18
ACC002456,CUST02456,Savings,85351.37,0,Active,2022-05-01
ACC002457,CUST02457,Savings,17475.25,0,Active,2018-04-29
ACC002458,CUST02458,Savings,211478.12,0,Active,2019-11-04
ACC002459,CUST02459,Savings,181147.26,0,Active,2019-04-12
ACC002460,CUST02460,Savings,131228.56,0,Active,2023-02-11
ACC002461,CUST02461,Savings,60474.7,0,Active,2021-05-05
ACC002462,CUST02462,Savings,27495.74,0,Active,2021-06-21
ACC002463,CUST02463,Current,17239.28,0,Active,2022-10-11
ACC002464,CUST02464,Credit,74464.27,185163,Active,2023-08-22
ACC002465,CUST02465,Savings,158882.35,0,Active,2019-06-26
ACC002466,CUST02466,Savings,85929.77,0,Active,2021-10-08
ACC002467,CUST02467,Savings,142784.61,0,Active,2022-05-16
ACC002468,CUST02468,Savings,146929.25,0,Active,2023-01-12
ACC002469,CUST02469,Current,157554.17,0,Active,2022-03-18
ACC002470,CUST02470,Savings,23581.25,0,Active,2022-07-06
ACC002471,CUST02471,Savings,64263.59,0,Active,2023-02-07
ACC002472,CUST02472,Current,141251.11,0,Active,2020-06-28
ACC002473,CUST02473,Savings,237341.7,0,Active,2025-01-16
ACC002474,CUST02474,Savings,200764.79,0,Active,2021-02-03
ACC002475,CUST02475,Credit,127235.43,50490,Active,2021-10-02
ACC002476,CUST02476,Credit,212743.23,92689,Active,2020-11-22
ACC002477,CUST02477,Credit,126659.66,158944,Inactive,2020-02-15
ACC002478,CUST02478,Savings,34029.92,0,Active,2024-10-24
ACC002479,CUST02479,Savings,156019.14,0,Active,2021-03-16
ACC002480,CUST02480,Savings,204665.72,0,Active,2019-10-15
ACC002481,CUST02481,Savings,278806.59,0,Active,2025-02-04
ACC002482,CUST02482,Savings,73088.72,0,Active,2025-01-26
ACC002483,CUST02483,Credit,47557.55,244139,Active,2022-04-10
ACC002484,CUST02484,Current,172386.05,0,Active,2024-06-14
ACC002485,CUST02485,Savings,136341.66,0,Active,2023-08-21
ACC002486,CUST02486,Savings,129200.33,0,Active,2020-02-02
ACC002487,CUST02487,Savings,214420.69,0,Active,2018-09-04
ACC002488,CUST02488,Savings,172001.65,0,Active,2021-01-11
ACC002489,CUST02489,Credit,143891.81,108820,Active,2019-07-31
ACC002490,CUST02490,Savings,79289.91,0,Active,2023-09-16
ACC002491,CUST02491,Savings,164110.0,0,Active,2018-03-13
ACC002492,CUST02492,Savings,46119.58,0,Active,2018-05-23
ACC002493,CUST02493,Savings,126445.55,0,Inactive,2024-09-22
ACC002494,CUST02494,Savings,104465.99,0,Active,2023-06-23
ACC002495,CUST02495,Savings,32728.05,0,Active,2021-04-30
ACC002496,CUST02496,Savings,136574.04,0,Active,2018-06-03
ACC002497,CUST02497,Savings,73195.16,0,Active,2018-12-06
ACC002498,CUST02498,Current,134636.32,0,Active,2023-02-12
ACC002499,CUST02499,Savings,55547.8,0,Active,2023-06-23
ACC002500,CUST02500,Credit,172982.52,245829,Active,2020-08-16
ACC002501,CUST02501,Savings,258028.64,0,Active,2023-07-23
ACC002502,CUST02502,Savings,46132.04,0,Active,2023-03-16
ACC002503,CUST02503,Credit,55496.68,176056,Active,2018-05-15
ACC002504,CUST02504,Savings,40467.0,0,Active,2020-03-24
ACC002505,CUST02505,Savings,93285.92,0,Active,2024-07-20
ACC002506,CUST02506,Savings,133418.18,0,Active,2020-01-01
ACC002507,CUST02507,Savings,158423.5,0,Active,2022-07-22
ACC002508,CUST02508,Savings,124974.4,0,Active,2019-04-25
ACC002509,CUST02509,Savings,155658.45,0,Active,2024-06-06
ACC002510,CUST02510,Savings,102188.99,0,Inactive,2025-02-12
ACC002511,CUST02511,Credit,72627.91,246944,Active,2019-07-22
ACC002512,CUST02512,Savings,56482.0,0,Active,2020-08-29
ACC002513,CUST02513,Savings,95462.07,0,Active,2022-11-08
ACC002514,CUST02514,Savings,57461.75,0,Active,2021-05-23
ACC002515,CUST02515,Savings,131076.49,0,Active,2023-09-16
ACC002516,CUST02516,Savings,58112.05,0,Active,2019-01-26
ACC002517,CUST02517,Savings,77876.06,0,Active,2019-03-21
ACC002518,CUST02518,Credit,193355.96,85479,Active,2022-02-03
ACC002519,CUST02519,Savings,203812.76,0,Active,2021-03-15
ACC002520,CUST02520,Savings,200229.66,0,Active,2022-08-12
ACC002521,CUST02521,Credit,103235.21,251389,Active,2021-04-26
ACC002522,CUST02522,Savings,74572.68,0,Active,2020-01-12
ACC002523,CUST02523,Savings,142839.25,0,Active,2025-08-08
ACC002524,CUST02524,Savings,58959.52,0,Active,2023-12-22
ACC002525,CUST02525,Current,162885.12,0,Active,2021-06-11
ACC002526,CUST02526,Savings,70204.72,0,Active,2020-12-18
ACC002527,CUST02527,Savings,92999.57,0,Active,2024-09-15
ACC002528,CUST02528,Savings,164953.97,0,Active,2019-07-11
ACC002529,CUST02529,Savings,26452.86,0,Active,2019-10-01
ACC002530,CUST02530,Savings,72196.25,0,Inactive,2024-04-10
ACC002531,CUST02531,Savings,132722.26,0,Active,2019-12-06
ACC002532,CUST02532,Savings,149567.2,0,Active,2025-05-24
ACC002533,CUST02533,Savings,135793.82,0,Active,2023-12-08
ACC002534,CUST02534,Savings,92273.99,0,Active,2018-11-20
ACC002535,CUST02535,Savings,174440.19,0,Active,2024-03-11
ACC002536,CUST02536,Savings,55185.5,0,Active,2020-02-12
ACC002537,CUST02537,Credit,53541.63,207981,Active,2019-10-31
ACC002538,CUST02538,Savings,131964.45,0,Active,2018-11-02
ACC002539,CUST02539,Savings,50920.87,0,Active,2023-10-10
ACC002540,CUST02540,Savings,262963.88,0,Active,2025-01-24
ACC002541,CUST02541,Credit,73565.75,140746,Active,2024-08-11
ACC002542,CUST02542,Savings,172601.07,0,Active,2018-08-06
ACC002543,CUST02543,Current,44837.11,0,Active,2023-11-13
ACC002544,CUST02544,Savings,232411.78,0,Active,2024-05-11
ACC002545,CUST02545,Savings,107593.56,0,Active,2022-01-28
ACC002546,CUST02546,Savings,72259.53,0,Active,2019-01-27
ACC002547,CUST02547,Savings,88293.36,0,Inactive,2023-04-09
ACC002548,CUST02548,Savings,64824.24,0,Active,2020-07-30
ACC002549,CUST02549,Savings,92840.47,0,Active,2021-01-21
ACC002550,CUST02550,Savings,46778.58,0,Active,2023-09-01
ACC002551,CUST02551,Savings,73782.46,0,Active,2022-01-26
ACC002552,CUST02552,Current,170730.57,0,Active,2021-02-19
ACC002553,CUST02553,Credit,120942.57,154711,Active,2020-10-22
ACC002554,CUST02554,Savings,54415.5,0,Active,2024-07-28
ACC002555,CUST02555,Savings,94836.0,0,Active,2018-08-31
ACC002556,CUST02556,Savings,205121.56,0,Active,2025-03-20
ACC002557,CUST02557,Savings,79371.03,0,Active,2023-10-25
ACC002558,CUST02558,Savings,50536.78,0,Active,2021-06-16
ACC002559,CUST02559,Savings,146436.58,0,Active,2021-03-01
ACC002560,CUST02560,Savings,18406.12,0,Active,2022-05-18
ACC002561,CUST02561,Current,89545.23,0,Active,2020-09-04
ACC002562,CUST02562,Savings,215197.45,0,Active,2025-03-06
ACC002563,CUST02563,Savings,93172.9,0,Active,2024-04-14
ACC002564,CUST02564,Current,180368.1,0,Active,2019-04-25
ACC002565,CUST02565,Savings,50050.11,0,Inactive,2018-07-26
ACC002566,CUST02566,Savings,90939.83,0,Active,2022-03-14
ACC002567,CUST02567,Savings,85671.81,0,Active,2021-05-18
ACC002568,CUST02568,Savings,141922.49,0,Active,2020-04-25
ACC002569,CUST02569,Savings,111159.5,0,Active,2025-04-03
ACC002570,CUST02570,Savings,231296.79,0,Active,2020-03-20
ACC002571,CUST02571,Savings,76576.85,0,Inactive,2019-04-26
ACC002572,CUST02572,Savings,110357.45,0,Active,2022-09-09
ACC002573,CUST02573,Savings,87691.94,0,Active,2025-03-31
ACC002574,CUST02574,Credit,105585.36,213338,Inactive,2019-11-23
ACC002575,CUST02575,Savings,99902.84,0,Active,2025-03-26
ACC002576,CUST02576,Savings,58570.78,0,Active,2019-02-22
ACC002577,CUST02577,Savings,165439.52,0,Active,2020-06-19
ACC002578,CUST02578,Savings,68751.84,0,Inactive,2019-11-05
ACC002579,CUST02579,Savings,65595.34,0,Active,2020-12-17
ACC002580,CUST02580,Savings,34230.83,0,Active,2018-01-01
ACC002581,CUST02581,Savings,75175.11,0,Active,2018-10-26
ACC002582,CUST02582,Savings,68166.61,0,Active,2021-01-21
ACC002583,CUST02583,Savings,21708.58,0,Active,2021-03-29
ACC002584,CUST02584,Savings,92595.37,0,Active,2025-06-17
ACC002585,CUST02585,Current,225553.86,0,Active,2023-03-18
ACC002586,CUST02586,Savings,39105.54,0,Active,2020-02-26
ACC002587,CUST02587,Savings,104425.71,0,Active,2021-06-18
ACC002588,CUST02588,Credit,91237.34,210367,Active,2025-08-18
ACC002589,CUST02589,Savings,153055.37,0,Active,2023-04-08
ACC002590,CUST02590,Credit,159528.68,205665,Active,2022-04-29
ACC002591,CUST02591,Savings,318420.68,0,Active,2019-07-01
ACC002592,CUST02592,Savings,123561.73,0,Active,2018-08-16
ACC002593,CUST02593,Savings,62375.52,0,Active,2019-11-17
ACC002594,CUST02594,Current,73824.27,0,Active,2022-04-30
ACC002595,CUST02595,Savings,78747.32,0,Active,2022-07-05
ACC002596,CUST02596,Savings,70003.3,0,Active,2021-08-13
ACC002597,CUST02597,Savings,256615.78,0,Active,2022-07-28
ACC002598,CUST02598,Savings,155200.31,0,Active,2018-11-09
ACC002599,CUST02599,Savings,31653.1,0,Active,2019-02-17
ACC002600,CUST02600,Savings,141212.98,0,Active,2021-02-15
ACC002601,CUST02601,Savings,51525.07,0,Active,2025-07-23
ACC002602,CUST02602,Savings,158618.83,0,Active,2022-12-20
ACC002603,CUST02603,Savings,196431.09,0,Active,2018-02-01
ACC002604,CUST02604,Savings,92260.26,0,Active,2023-12-25
ACC002605,CUST02605,Savings,73271.47,0,Active,2024-05-16
ACC002606,CUST02606,Savings,234494.71,0,Active,2025-08-15
ACC002607,CUST02607,Savings,67189.24,0,Active,2019-06-30
ACC002608,CUST02608,Savings,62656.55,0,Active,2024-11-20
ACC002609,CUST02609,Credit,55865.74,231820,Active,2023-09-03
ACC002610,CUST02610,Current,101354.45,0,Active,2023-04-22
ACC002611,CUST02611,Current,123346.3,0,Active,2020-04-28
ACC002612,CUST02612,Savings,181653.22,0,Active,2021-01-18
ACC002613,CUST02613,Savings,144917.82,0,Inactive,2023-07-26
ACC002614,CUST02614,Savings,143580.61,0,Active,2020-08-24
ACC002615,CUST02615,Savings,213252.7,0,Active,2018-02-10
ACC002616,CUST02616,Savings,54068.76,0,Active,2021-12-07
ACC002617,CUST02617,Credit,37376.07,86239,Active,2019-07-26
ACC002618,CUST02618,Savings,148999.15,0,Active,2021-11-20
ACC002619,CUST02619,Current,98481.44,0,Active,2023-07-12
ACC002620,CUST02620,Credit,182022.62,57180,Active,2020-04-23
ACC002621,CUST02621,Savings,104155.95,0,Active,2024-01-29
ACC002622,CUST02622,Savings,71659.65,0,Active,2022-09-20
ACC002623,CUST02623,Savings,150240.54,0,Active,2024-11-27
ACC002624,CUST02624,Savings,112064.32,0,Active,2023-08-17
ACC002625,CUST02625,Current,104210.6,0,Inactive,2022-11-05
ACC002626,CUST02626,Savings,351092.06,0,Active,2020-03-16
ACC002627,CUST02627,Savings,204228.28,0,Active,2025-04-16
ACC002628,CUST02628,Credit,161190.53,203750,Active,2020-10-24
ACC002629,CUST02629,Savings,114137.28,0,Active,2019-03-17
ACC002630,CUST02630,Current,108387.53,0,Active,2019-12-05
ACC002631,CUST02631,Savings,88041.23,0,Active,2022-10-14
ACC002632,CUST02632,Savings,121022.9,0,Active,2024-10-27
ACC002633,CUST02633,Savings,77835.25,0,Active,2018-02-02
ACC002634,CUST02634,Current,46327.54,0,Inactive,2020-01-28
ACC002635,CUST02635,Savings,103441.57,0,Active,2021-02-09
ACC002636,CUST02636,Savings,126822.28,0,Active,2019-10-19
ACC002637,CUST02637,Savings,182262.49,0,Active,2024-02-16
ACC002638,CUST02638,Savings,62897.61,0,Active,2023-02-23
ACC002639,CUST02639,Savings,108903.52,0,Active,2021-04-19
ACC002640,CUST02640,Savings,144275.62,0,Active,2020-02-06
ACC002641,CUST02641,Savings,142440.72,0,Active,2019-01-13
ACC002642,CUST02642,Savings,249526.66,0,Active,2023-12-30
ACC002643,CUST02643,Savings,89107.08,0,Active,2020-02-09
ACC002644,CUST02644,Current,59409.96,0,Active,2022-07-12
ACC002645,CUST02645,Savings,113184.22,0,Active,2019-09-18
ACC002646,CUST02646,Savings,91986.84,0,Active,2024-06-12
ACC002647,CUST02647,Savings,82235.33,0,Active,2021-06-02
ACC002648,CUST02648,Savings,75410.64,0,Active,2019-01-21
ACC002649,CUST02649,Savings,127117.51,0,Active,2021-07-09
ACC002650,CUST02650,Savings,68837.99,0,Active,2020-06-20
ACC002651,CUST02651,Savings,161111.11,0,Active,2022-12-09
ACC002652,CUST02652,Savings,156853.27,0,Active,2020-05-08
ACC002653,CUST02653,Savings,133782.24,0,Active,2025-01-28
ACC002654,CUST02654,Savings,54003.9,0,Active,2024-05-07
ACC002655,CUST02655,Savings,123811.51,0,Active,2022-06-03
ACC002656,CUST02656,Savings,189026.52,0,Active,2019-08-04
ACC002657,CUST02657,Current,167628.91,0,Active,2023-08-20
ACC002658,CUST02658,Savings,154637.5,0,Active,2021-01-31
ACC002659,CUST02659,Credit,107937.66,253566,Active,2024-04-14
ACC002660,CUST02660,Current,105091.6,0,Active,2018-09-20
ACC002661,CUST02661,Credit,206066.27,86123,Active,2023-09-07
ACC002662,CUST02662,Savings,125954.57,0,Active,2018-01-21
ACC002663,CUST02663,Savings,126867.47,0,Active,2020-03-21
ACC002664,CUST02664,Savings,406827.97,0,Active,2020-04-25
ACC002665,CUST02665,Savings,87923.67,0,Active,2018-11-23
ACC002666,CUST02666,Savings,20100.97,0,Active,2019-03-26
ACC002667,CUST02667,Savings,95927.47,0,Active,2024-01-06
ACC002668,CUST02668,Savings,99352.23,0,Active,2018-11-28
ACC002669,CUST02669,Savings,124876.51,0,Active,2020-05-23
ACC002670,CUST02670,Savings,141680.06,0,Active,2024-07-13
ACC002671,CUST02671,Savings,23281.16,0,Active,2024-09-03
ACC002672,CUST02672,Savings,143330.93,0,Active,2025-04-20
ACC002673,CUST02673,Current,102961.37,0,Active,2024-08-19
ACC002674,CUST02674,Savings,90408.14,0,Active,2018-05-26
ACC002675,CUST02675,Savings,32694.25,0,Active,2022-08-15
ACC002676,CUST02676,Savings,229698.46,0,Active,2019-01-01
ACC002677,CUST02677,Current,81548.03,0,Active,2018-04-11
ACC002678,CUST02678,Savings,155800.36,0,Active,2020-12-20
ACC002679,CUST02679,Credit,62299.34,225925,Active,2024-06-24
ACC002680,CUST02680,Savings,128028.22,0,Active,2023-07-20
ACC002681,CUST02681,Savings,91288.17,0,Active,2018-10-20
ACC002682,CUST02682,Savings,153137.87,0,Active,2020-06-03
ACC002683,CUST02683,Savings,89431.16,0,Active,2022-08-15
ACC002684,CUST02684,Savings,60414.36,0,Active,2022-06-27
ACC002685,CUST02685,Savings,105748.37,0,Active,2022-02-14
ACC002686,CUST02686,Savings,102626.61,0,Active,2025-07-17
ACC002687,CUST02687,Savings,123213.11,0,Active,2024-11-17
ACC002688,CUST02688,Current,179076.13,0,Active,2020-06-15
ACC002689,CUST02689,Savings,51705.61,0,Active,2018-04-29
ACC002690,CUST02690,Savings,174073.07,0,Active,2018-05-23
ACC002691,CUST02691,Credit,46426.02,92477,Active,2023-01-16
ACC002692,CUST02692,Savings,149857.21,0,Active,2021-05-15
ACC002693,CUST02693,Savings,152484.79,0,Active,2023-11-20
ACC002694,CUST02694,Savings,78897.85,0,Active,2020-03-01
ACC002695,CUST02695,Savings,64384.35,0,Active,2020-07-29
ACC002696,CUST02696,Savings,62188.57,0,Active,2018-05-25
ACC002697,CUST02697,Savings,111687.83,0,Active,2025-02-03
ACC002698,CUST02698,Savings,158008.66,0,Active,2020-01-17
ACC002699,CUST02699,Savings,97679.17,0,Active,2019-07-03
ACC002700,CUST02700,Current,18272.02,0,Active,2021-01-01
ACC002701,CUST02701,Savings,75685.18,0,Active,2020-10-31
ACC002702,CUST02702,Credit,74015.28,108661,Active,2022-08-28
ACC002703,CUST02703,Savings,141142.15,0,Active,2019-07-11
ACC002704,CUST02704,Savings,145248.85,0,Active,2020-02-04
ACC002705,CUST02705,Savings,116689.78,0,Active,2022-10-09
ACC002706,CUST02706,Savings,174251.87,0,Active,2024-06-01
ACC002707,CUST02707,Savings,181421.08,0,Active,2020-12-23
ACC002708,CUST02708,Savings,78508.54,0,Active,2020-02-15
ACC002709,CUST02709,Credit,61293.26,241018,Active,2025-05-23
ACC002710,CUST02710,Savings,101787.12,0,Active,2019-09-20
ACC002711,CUST02711,Savings,116555.18,0,Active,2023-12-08
ACC002712,CUST02712,Savings,76066.99,0,Active,2019-05-13
ACC002713,CUST02713,Savings,460300.17,0,Active,2021-10-12
ACC002714,CUST02714,Savings,222457.25,0,Active,2020-12-10
ACC002715,CUST02715,Savings,71676.92,0,Active,2020-04-02
ACC002716,CUST02716,Savings,53176.18,0,Active,2018-07-19
ACC002717,CUST02717,Savings,68062.48,0,Active,2022-01-14
ACC002718,CUST02718,Savings,183196.4,0,Active,2021-07-02
ACC002719,CUST02719,Savings,185638.69,0,Active,2022-05-16
ACC002720,CUST02720,Savings,223931.75,0,Active,2019-06-21
ACC002721,CUST02721,Credit,60114.65,66275,Active,2021-04-20
ACC002722,CUST02722,Credit,140827.84,155569,Active,2019-09-15
ACC002723,CUST02723,Savings,63779.45,0,Active,2023-04-28
ACC002724,CUST02724,Credit,250123.57,175622,Active,2018-09-20
ACC002725,CUST02725,Savings,61475.65,0,Active,2022-10-03
ACC002726,CUST02726,Savings,45200.93,0,Active,2018-09-12
ACC002727,CUST02727,Savings,51159.5,0,Active,2022-09-17
ACC002728,CUST02728,Savings,106024.9,0,Active,2018-05-04
ACC002729,CUST02729,Savings,156766.0,0,Active,2022-11-05
ACC002730,CUST02730,Savings,151166.63,0,Active,2024-10-22
ACC002731,CUST02731,Savings,52647.19,0,Active,2018-04-03
ACC002732,CUST02732,Savings,84095.43,0,Active,2021-12-24
ACC002733,CUST02733,Current,77409.54,0,Active,2025-07-04
ACC002734,CUST02734,Savings,47669.08,0,Active,2023-08-07
ACC002735,CUST02735,Savings,76269.41,0,Active,2025-03-22
ACC002736,CUST02736,Credit,218763.12,195438,Active,2018-09-17
ACC002737,CUST02737,Savings,43288.87,0,Active,2019-01-26
ACC002738,CUST02738,Credit,121079.45,163626,Active,2019-03-31
ACC002739,CUST02739,Savings,221498.82,0,Active,2020-07-30
ACC002740,CUST02740,Savings,215350.95,0,Active,2022-02-26
ACC002741,CUST02741,Current,256425.94,0,Active,2018-07-26
ACC002742,CUST02742,Savings,127873.18,0,Active,2023-07-18
ACC002743,CUST02743,Savings,138640.38,0,Active,2020-06-12
ACC002744,CUST02744,Savings,77161.76,0,Active,2021-03-07
ACC002745,CUST02745,Current,42624.81,0,Active,2024-12-23
ACC002746,CUST02746,Credit,97580.01,221960,Active,2021-02-15
ACC002747,CUST02747,Current,195521.2,0,Active,2022-01-25
ACC002748,CUST02748,Current,18010.5,0,Active,2022-02-23
ACC002749,CUST02749,Savings,79365.24,0,Active,2019-02-23
ACC002750,CUST02750,Savings,146243.35,0,Active,2018-09-11
ACC002751,CUST02751,Savings,106872.41,0,Active,2020-11-22
ACC002752,CUST02752,Savings,208869.16,0,Inactive,2020-08-30
ACC002753,CUST02753,Savings,184591.71,0,Active,2024-04-02
ACC002754,CUST02754,Savings,38860.62,0,Active,2024-05-19
ACC002755,CUST02755,Savings,112169.27,0,Active,2021-05-29
ACC002756,CUST02756,Savings,65822.19,0,Active,2018-03-15
ACC002757,CUST02757,Credit,65274.55,299011,Active,2019-03-23
ACC002758,CUST02758,Current,41082.78,0,Active,2023-06-15
ACC002759,CUST02759,Savings,123138.74,0,Active,2018-04-26
ACC002760,CUST02760,Current,211244.12,0,Active,2018-08-02
ACC002761,CUST02761,Credit,129472.91,60393,Active,2023-04-02
ACC002762,CUST02762,Current,39220.64,0,Inactive,2020-01-04
ACC002763,CUST02763,Current,103336.47,0,Active,2024-10-11
ACC002764,CUST02764,Credit,143018.58,109416,Inactive,2019-06-11
ACC002765,CUST02765,Savings,98811.01,0,Active,2018-01-30
ACC002766,CUST02766,Savings,128153.81,0,Active,2018-08-01
ACC002767,CUST02767,Savings,69313.93,0,Active,2021-04-28
ACC002768,CUST02768,Current,91998.99,0,Active,2023-09-04
ACC002769,CUST02769,Credit,88565.79,291026,Active,2018-01-09
ACC002770,CUST02770,Savings,232481.81,0,Active,2020-03-19
ACC002771,CUST02771,Credit,53424.25,119390,Active,2020-12-30
ACC002772,CUST02772,Credit,20195.7,275033,Active,2024-12-25
ACC002773,CUST02773,Current,224419.95,0,Active,2023-06-08
ACC002774,CUST02774,Savings,114412.58,0,Active,2022-10-07
ACC002775,CUST02775,Savings,45991.09,0,Active,2023-10-27
ACC002776,CUST02776,Savings,175735.9,0,Active,2018-05-24
ACC002777,CUST02777,Savings,147979.46,0,Active,2022-12-17
ACC002778,CUST02778,Savings,253165.33,0,Active,2022-12-09
ACC002779,CUST02779,Savings,119748.11,0,Active,2024-12-18
ACC002780,CUST02780,Savings,351632.56,0,Active,2025-01-14
ACC002781,CUST02781,Savings,99342.17,0,Active,2020-09-21
ACC002782,CUST02782,Savings,148136.28,0,Active,2019-07-29
ACC002783,CUST02783,Savings,160210.52,0,Active,2023-03-26
ACC002784,CUST02784,Savings,466569.93,0,Active,2023-05-18
ACC002785,CUST02785,Savings,81312.06,0,Active,2019-12-14
ACC002786,CUST02786,Savings,79706.34,0,Active,2022-02-17
ACC002787,CUST02787,Savings,162052.42,0,Inactive,2020-11-17
ACC002788,CUST02788,Credit,43206.1,237611,Active,2024-02-09
ACC002789,CUST02789,Savings,65535.63,0,Active,2022-06-23
ACC002790,CUST02790,Savings,97686.49,0,Active,2020-03-16
ACC002791,CUST02791,Savings,248834.66,0,Active,2021-06-12
ACC002792,CUST02792,Savings,162114.47,0,Active,2025-01-06
ACC002793,CUST02793,Savings,111749.41,0,Inactive,2021-01-01
ACC002794,CUST02794,Savings,76608.84,0,Active,2023-08-02
ACC002795,CUST02795,Savings,303394.38,0,Active,2022-11-25
ACC002796,CUST02796,Savings,102928.68,0,Active,2023-06-01
ACC002797,CUST02797,Savings,65493.93,0,Active,2024-10-08
ACC002798,CUST02798,Current,335251.81,0,Active,2020-04-28
ACC002799,CUST02799,Savings,44642.09,0,Active,2022-04-26
ACC002800,CUST02800,Savings,214864.09,0,Active,2021-03-28
ACC002801,CUST02801,Savings,107617.2,0,Active,2022-01-31
ACC002802,CUST02802,Savings,161894.63,0,Active,2019-03-18
ACC002803,CUST02803,Savings,145844.2,0,Active,2022-08-28
ACC002804,CUST02804,Current,160581.21,0,Active,2019-07-23
ACC002805,CUST02805,Current,351958.52,0,Active,2021-06-13
ACC002806,CUST02806,Savings,322523.38,0,Active,2018-09-27
ACC002807,CUST02807,Current,67804.52,0,Active,2024-10-25
ACC002808,CUST02808,Savings,142701.55,0,Active,2021-06-10
ACC002809,CUST02809,Savings,29915.09,0,Active,2019-01-27
ACC002810,CUST02810,Savings,170412.77,0,Active,2022-03-17
ACC002811,CUST02811,Current,193040.28,0,Active,2018-04-30
ACC002812,CUST02812,Savings,20442.47,0,Active,2025-05-31
ACC002813,CUST02813,Savings,105233.82,0,Active,2024-02-25
ACC002814,CUST02814,Savings,161727.59,0,Active,2022-12-14
ACC002815,CUST02815,Current,131288.21,0,Active,2022-12-15
ACC002816,CUST02816,Savings,45300.63,0,Active,2018-12-17
ACC002817,CUST02817,Savings,48899.88,0,Active,2019-08-27
ACC002818,CUST02818,Savings,97872.48,0,Active,2022-11-19
ACC002819,CUST02819,Savings,81304.96,0,Active,2018-11-16
ACC002820,CUST02820,Current,86232.95,0,Active,2024-10-04
ACC002821,CUST02821,Savings,40860.01,0,Active,2024-03-02
ACC002822,CUST02822,Savings,108730.61,0,Active,2021-01-31
ACC002823,CUST02823,Savings,249899.7,0,Active,2020-04-14
ACC002824,CUST02824,Savings,46704.67,0,Active,2024-11-22
ACC002825,CUST02825,Savings,92951.7,0,Active,2020-08-07
ACC002826,CUST02826,Savings,151639.81,0,Active,2023-07-27
ACC002827,CUST02827,Savings,33912.28,0,Active,2020-06-15
ACC002828,CUST02828,Savings,109386.34,0,Active,2021-03-03
ACC002829,CUST02829,Savings,189768.41,0,Active,2019-02-06
ACC002830,CUST02830,Current,54038.72,0,Active,2019-05-11
ACC002831,CUST02831,Savings,115793.84,0,Active,2019-12-14
ACC002832,CUST02832,Savings,182118.32,0,Active,2024-02-23
ACC002833,CUST02833,Savings,341965.62,0,Active,2022-09-16
ACC002834,CUST02834,Current,112283.18,0,Active,2019-08-16
ACC002835,CUST02835,Current,66515.24,0,Active,2020-05-05
ACC002836,CUST02836,Savings,26461.26,0,Active,2020-10-12
ACC002837,CUST02837,Savings,66888.35,0,Active,2021-05-06
ACC002838,CUST02838,Savings,39131.55,0,Active,2019-12-22
ACC002839,CUST02839,Savings,261187.17,0,Active,2025-02-22
ACC002840,CUST02840,Savings,175924.95,0,Active,2019-10-09
ACC002841,CUST02841,Savings,48891.3,0,Active,2022-09-08
ACC002842,CUST02842,Current,64007.25,0,Inactive,2023-01-21
ACC002843,CUST02843,Savings,111175.2,0,Active,2025-05-17
ACC002844,CUST02844,Credit,188964.91,89284,Active,2023-12-20
ACC002845,CUST02845,Savings,142906.99,0,Active,2019-06-26
ACC002846,CUST02846,Savings,135003.98,0,Active,2024-05-15
ACC002847,CUST02847,Current,120388.2,0,Active,2020-07-16
ACC002848,CUST02848,Savings,50781.47,0,Active,2023-03-06
ACC002849,CUST02849,Current,112051.1,0,Active,2018-11-14
ACC002850,CUST02850,Savings,104081.94,0,Active,2021-11-22
ACC002851,CUST02851,Savings,38721.88,0,Active,2021-03-12
ACC002852,CUST02852,Credit,257556.56,194807,Active,2024-02-25
ACC002853,CUST02853,Savings,72610.71,0,Active,2022-02-16
ACC002854,CUST02854,Savings,39513.03,0,Active,2018-02-20
ACC002855,CUST02855,Savings,80638.26,0,Active,2025-07-22
ACC002856,CUST02856,Savings,90708.37,0,Active,2018-02-25
ACC002857,CUST02857,Savings,102182.57,0,Active,2024-03-20
ACC002858,CUST02858,Savings,89767.18,0,Active,2018-08-25
ACC002859,CUST02859,Savings,105737.24,0,Active,2023-08-17
ACC002860,CUST02860,Savings,116739.8,0,Active,2021-06-04
ACC002861,CUST02861,Savings,113185.16,0,Active,2022-03-14
ACC002862,CUST02862,Credit,134423.82,157332,Active,2022-05-18
ACC002863,CUST02863,Credit,139122.61,155745,Active,2020-01-01
ACC002864,CUST02864,Savings,141153.69,0,Active,2020-08-06
ACC002865,CUST02865,Savings,161717.03,0,Active,2023-11-27
ACC002866,CUST02866,Credit,67532.75,200191,Active,2024-11-30
ACC002867,CUST02867,Savings,69149.82,0,Active,2021-07-17
ACC002868,CUST02868,Savings,189454.22,0,Active,2022-01-22
ACC002869,CUST02869,Savings,82203.76,0,Active,2022-12-19
ACC002870,CUST02870,Credit,98752.57,258474,Active,2021-05-25
ACC002871,CUST02871,Savings,93446.31,0,Active,2024-07-05
ACC002872,CUST02872,Credit,335075.1,109783,Inactive,2024-11-15
ACC002873,CUST02873,Savings,60121.88,0,Active,2022-11-19
ACC002874,CUST02874,Savings,59364.6,0,Active,2024-05-28
ACC002875,CUST02875,Savings,105958.4,0,Active,2021-09-18
ACC002876,CUST02876,Current,95084.78,0,Active,2025-03-24
ACC002877,CUST02877,Savings,48564.78,0,Active,2022-02-07
ACC002878,CUST02878,Savings,100772.12,0,Active,2022-04-25
ACC002879,CUST02879,Savings,107716.86,0,Active,2022-11-23
ACC002880,CUST02880,Savings,77038.89,0,Active,2022-11-27
ACC002881,CUST02881,Current,97127.96,0,Active,2022-03-06
ACC002882,CUST02882,Current,64041.8,0,Active,2022-09-23
ACC002883,CUST02883,Savings,48646.63,0,Active,2020-11-09
ACC002884,CUST02884,Savings,81810.89,0,Active,2022-06-21
ACC002885,CUST02885,Savings,53972.98,0,Active,2025-04-29
ACC002886,CUST02886,Savings,42235.24,0,Active,2018-09-11
ACC002887,CUST02887,Savings,25638.04,0,Active,2023-01-13
ACC002888,CUST02888,Savings,121596.41,0,Active,2019-05-26
ACC002889,CUST02889,Credit,80088.5,297274,Active,2021-04-15
ACC002890,CUST02890,Savings,190082.38,0,Active,2021-07-28
ACC002891,CUST02891,Savings,84336.97,0,Active,2023-06-24
ACC002892,CUST02892,Savings,121250.99,0,Active,2022-07-05
ACC002893,CUST02893,Savings,70312.4,0,Active,2018-05-14
ACC002894,CUST02894,Savings,103992.11,0,Active,2018-12-09
ACC002895,CUST02895,Current,25801.14,0,Active,2020-01-10
ACC002896,CUST02896,Savings,81045.54,0,Active,2018-04-25
ACC002897,CUST02897,Current,60380.33,0,Active,2019-05-17
ACC002898,CUST02898,Savings,179275.83,0,Active,2019-10-27
ACC002899,CUST02899,Savings,116729.95,0,Active,2019-04-09
ACC002900,CUST02900,Credit,165347.99,116135,Active,2019-03-12
ACC002901,CUST02901,Savings,201778.97,0,Active,2023-05-05
ACC002902,CUST02902,Current,76912.94,0,Active,2021-03-19
ACC002903,CUST02903,Savings,113821.23,0,Active,2019-04-11
ACC002904,CUST02904,Savings,50589.59,0,Active,2018-06-20
ACC002905,CUST02905,Savings,131981.71,0,Active,2018-08-28
ACC002906,CUST02906,Savings,143113.71,0,Active,2023-08-16
ACC002907,CUST02907,Savings,126823.56,0,Active,2023-10-03
ACC002908,CUST02908,Savings,76858.2,0,Active,2022-03-06
ACC002909,CUST02909,Savings,270877.75,0,Active,2025-08-17
ACC002910,CUST02910,Credit,107547.66,293938,Active,2021-07-11
ACC002911,CUST02911,Savings,436283.27,0,Inactive,2023-02-02
ACC002912,CUST02912,Current,50795.83,0,Active,2024-09-07
ACC002913,CUST02913,Savings,150871.99,0,Active,2018-09-20
ACC002914,CUST02914,Savings,182271.12,0,Active,2021-08-17
ACC002915,CUST02915,Savings,51487.95,0,Active,2018-11-26
ACC002916,CUST02916,Credit,90747.97,81226,Active,2022-06-09
ACC002917,CUST02917,Savings,38936.14,0,Active,2020-02-17
ACC002918,CUST02918,Current,206078.96,0,Active,2022-02-25
ACC002919,CUST02919,Savings,100142.14,0,Active,2025-03-13
ACC002920,CUST02920,Current,60559.37,0,Active,2021-02-14
ACC002921,CUST02921,Savings,183593.03,0,Active,2021-09-14
ACC002922,CUST02922,Savings,105799.97,0,Active,2021-03-17
ACC002923,CUST02923,Savings,169638.6,0,Active,2022-10-27
ACC002924,CUST02924,Credit,136819.87,57189,Active,2024-12-01
ACC002925,CUST02925,Savings,55201.25,0,Active,2024-12-25
ACC002926,CUST02926,Savings,75212.94,0,Active,2022-01-16
ACC002927,CUST02927,Savings,61674.62,0,Active,2023-11-18
ACC002928,CUST02928,Current,48423.75,0,Active,2025-08-22
ACC002929,CUST02929,Current,31779.1,0,Active,2021-11-16
ACC002930,CUST02930,Savings,300833.12,0,Active,2022-08-23
ACC002931,CUST02931,Savings,125469.01,0,Active,2022-06-09
ACC002932,CUST02932,Savings,136325.07,0,Active,2024-03-13
ACC002933,CUST02933,Savings,195087.11,0,Active,2020-11-11
ACC002934,CUST02934,Savings,74731.09,0,Active,2022-05-23
ACC002935,CUST02935,Savings,41039.51,0,Active,2023-03-07
ACC002936,CUST02936,Savings,161303.21,0,Active,2025-08-06
ACC002937,CUST02937,Savings,45925.55,0,Active,2022-06-17
ACC002938,CUST02938,Savings,159142.83,0,Active,2022-06-06
ACC002939,CUST02939,Savings,36561.2,0,Active,2025-07-13
ACC002940,CUST02940,Credit,43617.28,58252,Active,2019-12-18
ACC002941,CUST02941,Current,70032.19,0,Active,2025-07-05
ACC002942,CUST02942,Savings,155766.99,0,Active,2021-05-31
ACC002943,CUST02943,Savings,251193.49,0,Active,2020-01-01
ACC002944,CUST02944,Savings,136199.07,0,Active,2024-05-29
ACC002945,CUST02945,Savings,71819.83,0,Active,2025-03-27
ACC002946,CUST02946,Savings,177871.04,0,Active,2018-09-18
ACC002947,CUST02947,Current,35746.13,0,Active,2024-05-12
ACC002948,CUST02948,Savings,57228.48,0,Active,2022-05-09
ACC002949,CUST02949,Savings,111949.27,0,Active,2024-09-02
ACC002950,CUST02950,Savings,164306.8,0,Active,2022-05-17
ACC002951,CUST02951,Current,93608.83,0,Active,2024-06-03
ACC002952,CUST02952,Savings,87519.01,0,Active,2019-05-06
ACC002953,CUST02953,Current,90727.16,0,Active,2021-11-25
ACC002954,CUST02954,Savings,194112.39,0,Active,2022-06-24
ACC002955,CUST02955,Savings,64374.76,0,Active,2019-04-09
ACC002956,CUST02956,Savings,54657.45,0,Active,2021-12-10
ACC002957,CUST02957,Current,89844.01,0,Active,2018-12-05
ACC002958,CUST02958,Credit,209251.13,109752,Active,2024-07-30
ACC002959,CUST02959,Savings,69264.86,0,Active,2023-07-22
ACC002960,CUST02960,Credit,90550.83,63201,Inactive,2020-12-23
ACC002961,CUST02961,Savings,35310.42,0,Inactive,2024-03-21
ACC002962,CUST02962,Savings,92899.93,0,Active,2025-08-06
ACC002963,CUST02963,Savings,121926.14,0,Active,2025-08-27
ACC002964,CUST02964,Savings,45975.22,0,Active,2022-01-10
ACC002965,CUST02965,Savings,194315.56,0,Active,2024-10-04
ACC002966,CUST02966,Current,121001.74,0,Active,2019-08-10
ACC002967,CUST02967,Credit,76295.28,191744,Active,2022-05-03
ACC002968,CUST02968,Savings,121535.33,0,Active,2021-07-25
ACC002969,CUST02969,Savings,140845.35,0,Active,2018-02-14
ACC002970,CUST02970,Credit,28412.22,107888,Active,2018-12-28
ACC002971,CUST02971,Credit,124289.89,286271,Active,2025-03-31
ACC002972,CUST02972,Current,205141.57,0,Active,2025-03-17
ACC002973,CUST02973,Savings,63780.9,0,Active,2025-03-21
ACC002974,CUST02974,Savings,77334.13,0,Active,2018-09-04
ACC002975,CUST02975,Savings,85557.75,0,Active,2024-02-22
ACC002976,CUST02976,Savings,165352.54,0,Active,2018-04-13
ACC002977,CUST02977,Savings,51576.24,0,Active,2020-10-05
ACC002978,CUST02978,Savings,137122.76,0,Active,2022-08-10
ACC002979,CUST02979,Savings,86559.57,0,Active,2019-11-29
ACC002980,CUST02980,Savings,257732.44,0,Active,2018-02-17
ACC002981,CUST02981,Savings,89704.71,0,Active,2018-11-01
ACC002982,CUST02982,Savings,17811.9,0,Active,2025-01-08
ACC002983,CUST02983,Current,151990.64,0,Active,2019-05-01
ACC002984,CUST02984,Current,133118.92,0,Active,2023-01-20
ACC002985,CUST02985,Savings,117990.97,0,Active,2023-02-20
ACC002986,CUST02986,Credit,202020.81,79030,Active,2021-09-23
ACC002987,CUST02987,Current,31633.35,0,Active,2021-05-17
ACC002988,CUST02988,Savings,57802.47,0,Inactive,2019-01-27
ACC002989,CUST02989,Credit,103673.34,130778,Active,2025-01-31
ACC002990,CUST02990,Savings,114294.68,0,Active,2020-03-08
ACC002991,CUST02991,Savings,94716.49,0,Active,2025-05-09
ACC002992,CUST02992,Savings,35705.56,0,Active,2021-03-24
ACC002993,CUST02993,Savings,77813.55,0,Active,2019-08-03
ACC002994,CUST02994,Savings,247758.34,0,Active,2022-03-04
ACC002995,CUST02995,Current,49889.41,0,Active,2021-08-29
ACC002996,CUST02996,Savings,102294.46,0,Active,2023-03-19
ACC002997,CUST02997,Savings,137417.76,0,Active,2021-03-14
ACC002998,CUST02998,Savings,162644.14,0,Active,2025-01-14
ACC002999,CUST02999,Savings,151574.54,0,Active,2024-07-13
ACC003000,CUST03000,Credit,74256.76,276178,Active,2023-03-09
ACC003001,CUST03001,Current,57636.69,0,Active,2023-01-01
ACC003002,CUST03002,Savings,258870.9,0,Active,2019-12-28
ACC003003,CUST03003,Credit,171686.96,219868,Active,2021-05-17
ACC003004,CUST03004,Savings,108189.01,0,Active,2020-11-24
ACC003005,CUST03005,Current,221488.37,0,Active,2022-07-27
ACC003006,CUST03006,Savings,35232.71,0,Active,2024-09-10
ACC003007,CUST03007,Savings,41217.97,0,Active,2019-08-17
ACC003008,CUST03008,Credit,18276.92,200383,Active,2024-04-20
ACC003009,CUST03009,Savings,113527.41,0,Active,2023-10-14
ACC003010,CUST03010,Savings,116722.03,0,Inactive,2022-08-14
ACC003011,CUST03011,Savings,38495.72,0,Active,2022-05-18
ACC003012,CUST03012,Savings,168199.29,0,Active,2018-11-11
ACC003013,CUST03013,Savings,24647.51,0,Active,2023-12-11
ACC003014,CUST03014,Savings,128334.27,0,Active,2022-05-31
ACC003015,CUST03015,Current,145516.94,0,Active,2022-05-28
ACC003016,CUST03016,Savings,112728.2,0,Active,2023-03-22
ACC003017,CUST03017,Savings,34642.81,0,Active,2020-08-11
ACC003018,CUST03018,Savings,200824.08,0,Active,2019-10-19
ACC003019,CUST03019,Savings,75837.81,0,Active,2020-09-05
ACC003020,CUST03020,Current,75991.71,0,Active,2019-03-27
ACC003021,CUST03021,Current,66713.46,0,Active,2022-10-10
ACC003022,CUST03022,Current,154554.49,0,Active,2021-11-13
ACC003023,CUST03023,Credit,73582.39,183612,Active,2025-07-12
ACC003024,CUST03024,Savings,46697.71,0,Active,2025-01-20
ACC003025,CUST03025,Savings,179303.8,0,Active,2021-12-29
ACC003026,CUST03026,Credit,100827.53,75737,Active,2019-09-26
ACC003027,CUST03027,Credit,182829.51,257032,Active,2020-04-25
ACC003028,CUST03028,Savings,105359.2,0,Active,2021-02-03
ACC003029,CUST03029,Savings,63805.96,0,Active,2021-06-24
ACC003030,CUST03030,Savings,27686.37,0,Active,2025-06-05
ACC003031,CUST03031,Savings,113813.56,0,Active,2022-12-10
ACC003032,CUST03032,Current,85672.82,0,Inactive,2020-09-29
ACC003033,CUST03033,Savings,158207.64,0,Active,2024-04-24
ACC003034,CUST03034,Savings,71427.79,0,Active,2018-10-09
ACC003035,CUST03035,Savings,130588.76,0,Active,2020-01-29
ACC003036,CUST03036,Current,102792.89,0,Active,2025-05-19
ACC003037,CUST03037,Savings,60193.73,0,Active,2020-01-31
ACC003038,CUST03038,Savings,75087.1,0,Active,2019-10-16
ACC003039,CUST03039,Savings,40560.72,0,Active,2019-06-09
ACC003040,CUST03040,Savings,268863.78,0,Active,2023-08-13
ACC003041,CUST03041,Savings,128961.46,0,Active,2025-08-22
ACC003042,CUST03042,Savings,38632.07,0,Active,2019-08-31
ACC003043,CUST03043,Current,261245.33,0,Active,2022-07-06
ACC003044,CUST03044,Savings,49422.82,0,Active,2024-11-24
ACC003045,CUST03045,Current,70647.16,0,Active,2023-08-02
ACC003046,CUST03046,Current,89547.01,0,Active,2024-08-09
ACC003047,CUST03047,Savings,104294.43,0,Active,2022-10-28
ACC003048,CUST03048,Savings,155817.07,0,Active,2018-02-15
ACC003049,CUST03049,Savings,22858.63,0,Active,2020-05-03
ACC003050,CUST03050,Savings,105284.97,0,Active,2019-04-28
ACC003051,CUST03051,Savings,86719.71,0,Active,2023-10-02
ACC003052,CUST03052,Savings,115024.71,0,Active,2023-02-24
ACC003053,CUST03053,Savings,84089.84,0,Active,2020-02-20
ACC003054,CUST03054,Savings,77216.32,0,Active,2019-03-12
ACC003055,CUST03055,Current,95952.18,0,Active,2023-07-27
ACC003056,CUST03056,Savings,253274.85,0,Inactive,2018-02-24
ACC003057,CUST03057,Current,78161.97,0,Active,2021-09-29
ACC003058,CUST03058,Savings,195759.65,0,Active,2018-09-06
ACC003059,CUST03059,Current,112165.24,0,Inactive,2018-09-06
ACC003060,CUST03060,Current,109087.4,0,Active,2020-09-08
ACC003061,CUST03061,Savings,115672.58,0,Active,2022-02-05
ACC003062,CUST03062,Credit,137163.51,160212,Active,2020-01-16
ACC003063,CUST03063,Savings,82008.19,0,Active,2020-02-10
ACC003064,CUST03064,Savings,188282.33,0,Active,2018-03-17
ACC003065,CUST03065,Savings,137358.28,0,Active,2021-01-04
ACC003066,CUST03066,Savings,43154.25,0,Active,2020-03-21
ACC003067,CUST03067,Savings,17948.14,0,Active,2018-05-31
ACC003068,CUST03068,Current,248966.72,0,Active,2022-10-28
ACC003069,CUST03069,Savings,117839.67,0,Active,2023-01-23
ACC003070,CUST03070,Current,39465.25,0,Active,2024-04-16
ACC003071,CUST03071,Savings,78092.78,0,Active,2019-01-10
ACC003072,CUST03072,Credit,171640.63,234462,Active,2024-03-10
ACC003073,CUST03073,Savings,92509.23,0,Active,2021-03-07
ACC003074,CUST03074,Savings,97672.45,0,Active,2022-10-14
ACC003075,CUST03075,Current,153970.62,0,Active,2020-11-06
ACC003076,CUST03076,Savings,124477.98,0,Active,2022-02-02
ACC003077,CUST03077,Savings,143137.07,0,Active,2025-03-16
ACC003078,CUST03078,Savings,153049.11,0,Active,2018-11-20
ACC003079,CUST03079,Current,64984.44,0,Active,2018-09-19
ACC003080,CUST03080,Savings,69027.47,0,Active,2023-08-25
ACC003081,CUST03081,Savings,59938.26,0,Active,2019-07-25
ACC003082,CUST03082,Savings,71495.28,0,Active,2019-08-09
ACC003083,CUST03083,Savings,95381.23,0,Active,2024-05-13
ACC003084,CUST03084,Savings,99641.28,0,Active,2023-08-17
ACC003085,CUST03085,Savings,217734.81,0,Active,2021-09-21
ACC003086,CUST03086,Savings,121015.47,0,Active,2019-11-03
ACC003087,CUST03087,Savings,96527.5,0,Active,2021-02-13
ACC003088,CUST03088,Credit,51503.68,230384,Active,2018-08-27
ACC003089,CUST03089,Savings,85191.79,0,Active,2020-05-24
ACC003090,CUST03090,Savings,259421.48,0,Inactive,2021-04-21
ACC003091,CUST03091,Savings,257152.21,0,Active,2023-09-08
ACC003092,CUST03092,Savings,84543.7,0,Active,2024-09-02
ACC003093,CUST03093,Savings,30509.54,0,Active,2022-03-29
ACC003094,CUST03094,Savings,77651.11,0,Active,2022-07-05
ACC003095,CUST03095,Savings,219056.46,0,Active,2018-03-12
ACC003096,CUST03096,Current,95783.26,0,Active,2024-02-15
ACC003097,CUST03097,Savings,154060.01,0,Active,2019-04-27
ACC003098,CUST03098,Savings,102567.72,0,Active,2023-03-09
ACC003099,CUST03099,Current,37190.6,0,Active,2019-04-24
ACC003100,CUST03100,Savings,104769.62,0,Active,2023-08-20
ACC003101,CUST03101,Savings,165730.17,0,Active,2020-05-29
ACC003102,CUST03102,Savings,70853.02,0,Active,2019-04-17
ACC003103,CUST03103,Savings,163277.12,0,Active,2021-08-23
ACC003104,CUST03104,Savings,108736.94,0,Active,2019-10-03
ACC003105,CUST03105,Savings,158389.57,0,Active,2018-12-24
ACC003106,CUST03106,Savings,125519.75,0,Active,2019-10-11
ACC003107,CUST03107,Current,53847.06,0,Active,2018-10-14
ACC003108,CUST03108,Savings,85733.95,0,Active,2021-03-06
ACC003109,CUST03109,Savings,84024.88,0,Active,2021-03-13
ACC003110,CUST03110,Savings,68705.35,0,Active,2019-01-27
ACC003111,CUST03111,Savings,119803.33,0,Active,2021-06-16
ACC003112,CUST03112,Savings,285163.86,0,Active,2025-07-29
ACC003113,CUST03113,Savings,188419.13,0,Active,2024-05-11
ACC003114,CUST03114,Current,202546.23,0,Active,2024-01-07
ACC003115,CUST03115,Savings,66021.58,0,Active,2022-10-14
ACC003116,CUST03116,Savings,204418.58,0,Active,2023-01-26
ACC003117,CUST03117,Savings,242230.34,0,Active,2020-12-01
ACC003118,CUST03118,Current,64613.36,0,Active,2019-01-08
ACC003119,CUST03119,Savings,133664.64,0,Active,2018-06-20
ACC003120,CUST03120,Savings,135708.55,0,Active,2023-04-19
ACC003121,CUST03121,Savings,89595.96,0,Active,2019-03-12
ACC003122,CUST03122,Savings,114246.32,0,Active,2021-07-17
ACC003123,CUST03123,Savings,139544.76,0,Active,2023-05-13
ACC003124,CUST03124,Credit,93297.42,124328,Active,2019-12-11
ACC003125,CUST03125,Savings,183429.77,0,Inactive,2022-06-08
ACC003126,CUST03126,Savings,43323.51,0,Active,2020-01-24
ACC003127,CUST03127,Savings,83799.68,0,Active,2020-04-25
ACC003128,CUST03128,Savings,155807.11,0,Active,2022-12-28
ACC003129,CUST03129,Credit,268663.31,229773,Active,2023-07-28
ACC003130,CUST03130,Savings,189907.23,0,Active,2022-01-08
ACC003131,CUST03131,Current,112868.19,0,Active,2025-05-28
ACC003132,CUST03132,Savings,96041.52,0,Active,2024-08-03
ACC003133,CUST03133,Savings,86757.31,0,Active,2025-08-04
ACC003134,CUST03134,Savings,87077.99,0,Active,2022-01-31
ACC003135,CUST03135,Current,27542.32,0,Active,2020-08-26
ACC003136,CUST03136,Savings,262590.6,0,Active,2025-07-01
ACC003137,CUST03137,Current,100422.31,0,Active,2021-06-30
ACC003138,CUST03138,Credit,61982.89,241766,Inactive,2021-03-26
ACC003139,CUST03139,Savings,132465.67,0,Active,2019-03-17
ACC003140,CUST03140,Current,65240.71,0,Active,2022-08-29
ACC003141,CUST03141,Savings,173715.85,0,Active,2022-10-08
ACC003142,CUST03142,Savings,63278.84,0,Inactive,2018-11-01
ACC003143,CUST03143,Credit,159835.74,146324,Active,2022-06-17
ACC003144,CUST03144,Savings,85977.27,0,Active,2025-06-15
ACC003145,CUST03145,Credit,122521.7,165888,Active,2021-10-23
ACC003146,CUST03146,Savings,166721.52,0,Active,2018-08-03
ACC003147,CUST03147,Savings,74132.88,0,Active,2020-06-09
ACC003148,CUST03148,Savings,164453.36,0,Active,2023-05-13
ACC003149,CUST03149,Savings,28519.11,0,Active,2024-11-15
ACC003150,CUST03150,Savings,231937.7,0,Active,2022-09-25
ACC003151,CUST03151,Savings,180475.9,0,Active,2022-11-27
ACC003152,CUST03152,Savings,98341.15,0,Active,2019-04-16
ACC003153,CUST03153,Savings,198638.23,0,Active,2023-10-01
ACC003154,CUST03154,Savings,187201.73,0,Active,2019-12-01
ACC003155,CUST03155,Savings,103795.15,0,Active,2021-06-24
ACC003156,CUST03156,Current,103128.42,0,Active,2024-09-01
ACC003157,CUST03157,Current,57047.5,0,Active,2020-01-09
ACC003158,CUST03158,Current,107148.32,0,Active,2018-11-07
ACC003159,CUST03159,Current,36304.04,0,Active,2019-05-15
ACC003160,CUST03160,Savings,158717.08,0,Active,2023-08-13
ACC003161,CUST03161,Credit,160654.58,88933,Active,2022-01-03
ACC003162,CUST03162,Savings,28864.37,0,Active,2020-03-25
ACC003163,CUST03163,Savings,219672.19,0,Active,2019-07-25
ACC003164,CUST03164,Savings,70030.56,0,Active,2024-12-03
ACC003165,CUST03165,Savings,417948.02,0,Active,2023-08-26
ACC003166,CUST03166,Savings,118834.99,0,Active,2023-04-28
ACC003167,CUST03167,Current,220865.08,0,Inactive,2023-03-12
ACC003168,CUST03168,Savings,55818.18,0,Active,2021-05-12
ACC003169,CUST03169,Savings,85860.62,0,Active,2023-08-15
ACC003170,CUST03170,Current,73894.83,0,Active,2020-01-04
ACC003171,CUST03171,Savings,35813.02,0,Active,2022-04-02
ACC003172,CUST03172,Savings,43424.43,0,Active,2025-02-24
ACC003173,CUST03173,Savings,96049.19,0,Active,2020-09-12
ACC003174,CUST03174,Savings,129829.43,0,Inactive,2023-03-05
ACC003175,CUST03175,Savings,51845.43,0,Active,2024-04-29
ACC003176,CUST03176,Savings,82619.56,0,Active,2022-04-10
ACC003177,CUST03177,Savings,65020.8,0,Active,2018-11-01
ACC003178,CUST03178,Savings,99956.07,0,Active,2018-06-19
ACC003179,CUST03179,Savings,151909.58,0,Active,2020-01-04
ACC003180,CUST03180,Savings,110525.01,0,Inactive,2023-10-14
ACC003181,CUST03181,Savings,71884.94,0,Active,2024-07-03
ACC003182,CUST03182,Savings,183749.67,0,Active,2023-08-18
ACC003183,CUST03183,Savings,127398.66,0,Active,2020-01-16
ACC003184,CUST03184,Savings,112452.12,0,Active,2021-04-23
ACC003185,CUST03185,Savings,52291.44,0,Active,2019-01-05
ACC003186,CUST03186,Savings,172985.67,0,Active,2023-08-29
ACC003187,CUST03187,Savings,134836.85,0,Active,2020-04-18
ACC003188,CUST03188,Savings,138881.82,0,Inactive,2019-07-02
ACC003189,CUST03189,Savings,90465.98,0,Active,2020-05-17
ACC003190,CUST03190,Savings,80762.02,0,Active,2022-07-07
ACC003191,CUST03191,Credit,263335.32,59664,Active,2023-04-26
ACC003192,CUST03192,Savings,79999.99,0,Active,2021-11-14
ACC003193,CUST03193,Savings,45366.16,0,Active,2020-08-08
ACC003194,CUST03194,Savings,115789.35,0,Active,2023-08-07
ACC003195,CUST03195,Savings,103273.68,0,Active,2021-08-01
ACC003196,CUST03196,Current,188398.6,0,Active,2025-02-02
ACC003197,CUST03197,Savings,94704.1,0,Inactive,2018-12-19
ACC003198,CUST03198,Savings,149161.09,0,Active,2025-01-29
ACC003199,CUST03199,Savings,228038.26,0,Active,2018-04-06
ACC003200,CUST03200,Savings,130329.7,0,Active,2021-11-03
ACC003201,CUST03201,Savings,54080.72,0,Active,2020-03-29
ACC003202,CUST03202,Savings,27817.33,0,Inactive,2021-12-08
ACC003203,CUST03203,Savings,132460.57,0,Inactive,2019-07-11
ACC003204,CUST03204,Savings,83505.55,0,Active,2023-12-27
ACC003205,CUST03205,Savings,120432.64,0,Active,2024-01-09
ACC003206,CUST03206,Savings,103737.89,0,Active,2020-02-05
ACC003207,CUST03207,Savings,44693.66,0,Active,2024-09-11
ACC003208,CUST03208,Current,94382.31,0,Active,2023-05-30
ACC003209,CUST03209,Savings,52042.97,0,Active,2025-05-05
ACC003210,CUST03210,Credit,76247.78,257780,Active,2022-12-30
ACC003211,CUST03211,Savings,172667.06,0,Active,2020-12-23
ACC003212,CUST03212,Savings,108600.64,0,Active,2023-03-28
ACC003213,CUST03213,Savings,144097.8,0,Active,2018-02-23
ACC003214,CUST03214,Savings,113823.83,0,Active,2018-12-07
ACC003215,CUST03215,Savings,87165.81,0,Active,2025-01-05
ACC003216,CUST03216,Current,120630.7,0,Active,2024-11-06
ACC003217,CUST03217,Current,31884.77,0,Active,2022-07-29
ACC003218,CUST03218,Savings,159029.19,0,Active,2018-08-28
ACC003219,CUST03219,Savings,60843.8,0,Active,2024-03-05
ACC003220,CUST03220,Savings,139004.3,0,Active,2021-05-07
ACC003221,CUST03221,Savings,85063.18,0,Active,2024-11-20
ACC003222,CUST03222,Savings,44714.18,0,Active,2018-08-19
ACC003223,CUST03223,Savings,67911.96,0,Active,2020-09-28
ACC003224,CUST03224,Savings,139414.34,0,Active,2018-02-16
ACC003225,CUST03225,Savings,310802.79,0,Active,2023-03-30
ACC003226,CUST03226,Current,99830.78,0,Active,2022-04-30
ACC003227,CUST03227,Savings,290478.17,0,Active,2021-04-06
ACC003228,CUST03228,Savings,31821.69,0,Inactive,2022-01-31
ACC003229,CUST03229,Savings,89121.99,0,Active,2019-02-14
ACC003230,CUST03230,Savings,99879.37,0,Active,2025-02-27
ACC003231,CUST03231,Current,143577.97,0,Active,2020-02-09
ACC003232,CUST03232,Savings,69624.25,0,Active,2021-11-11
ACC003233,CUST03233,Savings,127136.69,0,Active,2023-08-11
ACC003234,CUST03234,Savings,91849.78,0,Active,2022-11-28
ACC003235,CUST03235,Savings,203516.87,0,Active,2018-08-24
ACC003236,CUST03236,Savings,115850.57,0,Active,2021-12-13
ACC003237,CUST03237,Savings,398562.71,0,Active,2022-04-17
ACC003238,CUST03238,Savings,92298.17,0,Active,2021-08-17
ACC003239,CUST03239,Savings,196174.53,0,Active,2025-04-27
ACC003240,CUST03240,Savings,231296.51,0,Active,2021-02-28
ACC003241,CUST03241,Savings,13566.19,0,Active,2025-03-03
ACC003242,CUST03242,Savings,157887.61,0,Active,2019-04-10
ACC003243,CUST03243,Savings,44084.94,0,Active,2018-12-14
ACC003244,CUST03244,Savings,90262.51,0,Active,2024-03-25
ACC003245,CUST03245,Savings,49160.85,0,Active,2020-02-05
ACC003246,CUST03246,Savings,205505.44,0,Active,2024-08-02
ACC003247,CUST03247,Credit,72235.18,57068,Active,2020-04-24
ACC003248,CUST03248,Savings,30416.07,0,Active,2024-04-26
ACC003249,CUST03249,Savings,117503.93,0,Active,2019-10-18
ACC003250,CUST03250,Savings,222672.33,0,Active,2023-07-06
ACC003251,CUST03251,Credit,49615.82,125091,Active,2019-11-09
ACC003252,CUST03252,Credit,169743.66,211755,Active,2022-12-08
ACC003253,CUST03253,Savings,24355.66,0,Active,2020-09-14
ACC003254,CUST03254,Credit,231566.88,298080,Active,2022-09-09
ACC003255,CUST03255,Credit,131827.52,88843,Active,2023-05-10
ACC003256,CUST03256,Savings,46043.62,0,Active,2023-09-20
ACC003257,CUST03257,Savings,161033.17,0,Active,2022-07-26
ACC003258,CUST03258,Credit,74871.28,113648,Active,2024-03-10
ACC003259,CUST03259,Current,57088.91,0,Active,2024-07-16
ACC003260,CUST03260,Savings,73833.64,0,Active,2020-10-22
ACC003261,CUST03261,Savings,151871.67,0,Active,2018-10-12
ACC003262,CUST03262,Savings,54663.83,0,Active,2021-09-18
ACC003263,CUST03263,Savings,17373.23,0,Active,2021-09-04
ACC003264,CUST03264,Credit,76279.0,231658,Active,2018-06-24
ACC003265,CUST03265,Credit,210243.72,226588,Inactive,2022-06-20
ACC003266,CUST03266,Savings,208668.82,0,Active,2022-05-13
ACC003267,CUST03267,Current,73766.59,0,Active,2023-08-01
ACC003268,CUST03268,Current,72087.86,0,Active,2025-07-14
ACC003269,CUST03269,Savings,69243.04,0,Active,2024-09-15
ACC003270,CUST03270,Savings,67274.54,0,Active,2021-11-08
ACC003271,CUST03271,Current,70305.91,0,Active,2023-04-17
ACC003272,CUST03272,Savings,120861.08,0,Active,2022-04-07
ACC003273,CUST03273,Savings,213096.74,0,Active,2019-02-09
ACC003274,CUST03274,Credit,54602.2,125892,Active,2021-10-30
ACC003275,CUST03275,Savings,61687.06,0,Active,2021-06-03
ACC003276,CUST03276,Savings,129059.8,0,Active,2025-05-29
ACC003277,CUST03277,Savings,156882.74,0,Active,2018-12-14
ACC003278,CUST03278,Savings,36296.71,0,Active,2018-02-10
ACC003279,CUST03279,Savings,257427.49,0,Active,2021-05-29
ACC003280,CUST03280,Current,85355.38,0,Active,2020-05-27
ACC003281,CUST03281,Savings,38893.69,0,Active,2020-06-06
ACC003282,CUST03282,Savings,34991.13,0,Active,2022-03-08
ACC003283,CUST03283,Credit,33434.45,70990,Active,2025-04-25
ACC003284,CUST03284,Savings,194054.15,0,Active,2022-08-14
ACC003285,CUST03285,Savings,109137.73,0,Active,2020-09-27
ACC003286,CUST03286,Savings,195057.67,0,Inactive,2020-03-09
ACC003287,CUST03287,Savings,97044.94,0,Active,2018-02-15
ACC003288,CUST03288,Credit,191981.32,139840,Active,2025-01-21
ACC003289,CUST03289,Current,95570.36,0,Active,2019-09-21
ACC003290,CUST03290,Savings,143228.76,0,Active,2024-01-21
ACC003291,CUST03291,Savings,101103.01,0,Active,2022-07-07
ACC003292,CUST03292,Savings,92045.57,0,Active,2020-10-17
ACC003293,CUST03293,Savings,58300.26,0,Active,2019-08-29
ACC003294,CUST03294,Savings,154662.83,0,Active,2025-01-26
ACC003295,CUST03295,Savings,49778.32,0,Active,2022-04-14
ACC003296,CUST03296,Savings,154515.04,0,Active,2025-08-05
ACC003297,CUST03297,Savings,112112.28,0,Active,2018-12-15
ACC003298,CUST03298,Savings,156890.84,0,Active,2019-12-14
ACC003299,CUST03299,Savings,117927.1,0,Active,2023-05-31
ACC003300,CUST03300,Savings,203899.44,0,Active,2020-11-03
ACC003301,CUST03301,Savings,135236.36,0,Active,2024-04-12
ACC003302,CUST03302,Savings,113531.42,0,Active,2024-02-05
ACC003303,CUST03303,Savings,15669.71,0,Active,2023-10-29
ACC003304,CUST03304,Savings,208567.11,0,Active,2021-12-17
ACC003305,CUST03305,Savings,33150.38,0,Active,2018-09-15
ACC003306,CUST03306,Savings,41559.44,0,Active,2019-09-28
ACC003307,CUST03307,Current,165405.01,0,Active,2020-11-25
ACC003308,CUST03308,Savings,106739.18,0,Active,2021-02-04
ACC003309,CUST03309,Savings,34246.25,0,Active,2022-09-11
ACC003310,CUST03310,Savings,72022.22,0,Active,2020-08-22
ACC003311,CUST03311,Savings,202386.68,0,Active,2018-09-03
ACC003312,CUST03312,Savings,115840.27,0,Active,2025-04-06
ACC003313,CUST03313,Savings,108333.43,0,Active,2021-06-09
ACC003314,CUST03314,Savings,66372.84,0,Active,2023-09-15
ACC003315,CUST03315,Savings,168769.81,0,Active,2020-09-22
ACC003316,CUST03316,Savings,98823.9,0,Active,2019-08-13
ACC003317,CUST03317,Savings,151066.92,0,Active,2022-06-30
ACC003318,CUST03318,Savings,61907.78,0,Active,2018-08-14
ACC003319,CUST03319,Savings,311746.64,0,Active,2024-07-01
ACC003320,CUST03320,Savings,223307.43,0,Active,2021-01-22
ACC003321,CUST03321,Savings,115103.67,0,Active,2021-09-26
ACC003322,CUST03322,Savings,130299.7,0,Active,2023-05-05
ACC003323,CUST03323,Savings,72469.86,0,Active,2021-03-20
ACC003324,CUST03324,Current,158031.42,0,Active,2024-11-24
ACC003325,CUST03325,Savings,18769.69,0,Active,2023-07-25
ACC003326,CUST03326,Savings,255206.08,0,Active,2019-08-11
ACC003327,CUST03327,Savings,152762.53,0,Active,2021-04-08
ACC003328,CUST03328,Current,53837.59,0,Active,2019-04-29
ACC003329,CUST03329,Credit,251710.55,63994,Active,2020-02-03
ACC003330,CUST03330,Savings,296780.72,0,Active,2022-07-15
ACC003331,CUST03331,Savings,134445.11,0,Active,2018-12-22
ACC003332,CUST03332,Savings,62611.81,0,Active,2019-11-18
ACC003333,CUST03333,Savings,109362.25,0,Active,2018-09-14
ACC003334,CUST03334,Savings,145790.56,0,Active,2024-12-25
ACC003335,CUST03335,Current,127957.7,0,Active,2024-01-15
ACC003336,CUST03336,Current,53843.14,0,Active,2021-01-24
ACC003337,CUST03337,Credit,144269.38,177728,Active,2025-04-10
ACC003338,CUST03338,Savings,201061.28,0,Active,2018-05-29
ACC003339,CUST03339,Savings,45270.27,0,Active,2024-10-13
ACC003340,CUST03340,Current,49189.73,0,Active,2022-05-28
ACC003341,CUST03341,Savings,70534.23,0,Active,2018-11-23
ACC003342,CUST03342,Credit,93280.99,224237,Active,2021-06-05
ACC003343,CUST03343,Savings,171226.0,0,Active,2023-12-02
ACC003344,CUST03344,Savings,199809.97,0,Active,2019-07-21
ACC003345,CUST03345,Savings,60798.96,0,Active,2023-08-02
ACC003346,CUST03346,Credit,120243.64,281219,Active,2024-01-27
ACC003347,CUST03347,Savings,195289.67,0,Active,2021-10-09
ACC003348,CUST03348,Savings,321631.94,0,Active,2021-06-22
ACC003349,CUST03349,Savings,119870.67,0,Active,2023-08-03
ACC003350,CUST03350,Savings,123804.49,0,Active,2021-01-19
ACC003351,CUST03351,Current,134926.98,0,Inactive,2018-06-14
ACC003352,CUST03352,Savings,87227.8,0,Active,2019-12-09
ACC003353,CUST03353,Current,114464.19,0,Active,2020-06-28
ACC003354,CUST03354,Savings,22900.04,0,Active,2019-08-25
ACC003355,CUST03355,Savings,72728.91,0,Active,2022-01-01
ACC003356,CUST03356,Savings,142971.67,0,Active,2018-01-24
ACC003357,CUST03357,Current,58421.13,0,Active,2022-10-23
ACC003358,CUST03358,Current,173509.7,0,Active,2024-11-28
ACC003359,CUST03359,Current,29839.52,0,Active,2023-06-27
ACC003360,CUST03360,Savings,169715.08,0,Active,2025-04-01
ACC003361,CUST03361,Savings,169454.71,0,Active,2021-05-03
ACC003362,CUST03362,Savings,324839.77,0,Active,2018-06-07
ACC003363,CUST03363,Current,85056.56,0,Inactive,2020-07-09
ACC003364,CUST03364,Savings,106795.85,0,Active,2024-03-15
ACC003365,CUST03365,Savings,241390.49,0,Active,2021-12-21
ACC003366,CUST03366,Savings,224281.77,0,Inactive,2018-06-16
ACC003367,CUST03367,Savings,188131.02,0,Active,2019-10-28
ACC003368,CUST03368,Current,130543.21,0,Active,2023-05-16
ACC003369,CUST03369,Savings,237738.72,0,Active,2020-04-09
ACC003370,CUST03370,Savings,389042.63,0,Active,2019-01-14
ACC003371,CUST03371,Savings,150698.08,0,Active,2025-03-28
ACC003372,CUST03372,Credit,109921.32,83146,Active,2023-01-16
ACC003373,CUST03373,Credit,161157.85,280115,Active,2018-07-12
ACC003374,CUST03374,Savings,118866.5,0,Active,2018-01-28
ACC003375,CUST03375,Savings,89813.53,0,Inactive,2025-01-02
ACC003376,CUST03376,Savings,173929.6,0,Active,2022-06-16
ACC003377,CUST03377,Current,77366.16,0,Active,2022-04-19
ACC003378,CUST03378,Savings,148924.71,0,Active,2018-06-13
ACC003379,CUST03379,Savings,35356.86,0,Active,2025-05-05
ACC003380,CUST03380,Credit,261570.38,187357,Active,2020-01-13
ACC003381,CUST03381,Savings,63823.65,0,Active,2020-12-23
ACC003382,CUST03382,Savings,41015.11,0,Active,2019-07-07
ACC003383,CUST03383,Savings,219965.37,0,Active,2018-04-14
ACC003384,CUST03384,Savings,243169.96,0,Active,2024-09-17
ACC003385,CUST03385,Savings,128980.1,0,Active,2020-02-08
ACC003386,CUST03386,Savings,100573.84,0,Active,2020-04-28
ACC003387,CUST03387,Current,86358.08,0,Active,2018-07-16
ACC003388,CUST03388,Savings,124875.53,0,Active,2023-04-15
ACC003389,CUST03389,Savings,104053.7,0,Active,2020-01-11
ACC003390,CUST03390,Savings,96387.96,0,Active,2022-05-15
ACC003391,CUST03391,Credit,59280.41,230322,Active,2022-02-04
ACC003392,CUST03392,Savings,48057.8,0,Active,2020-05-21
ACC003393,CUST03393,Savings,112483.06,0,Active,2025-05-17
ACC003394,CUST03394,Savings,122624.57,0,Active,2023-09-09
ACC003395,CUST03395,Savings,66301.87,0,Active,2023-06-02
ACC003396,CUST03396,Savings,72691.42,0,Active,2022-10-31
ACC003397,CUST03397,Savings,122450.32,0,Active,2024-02-16
ACC003398,CUST03398,Savings,58219.98,0,Active,2018-10-24
ACC003399,CUST03399,Savings,192243.35,0,Active,2020-11-09
ACC003400,CUST03400,Savings,145504.33,0,Active,2022-05-20
ACC003401,CUST03401,Current,65889.92,0,Active,2020-10-17
ACC003402,CUST03402,Current,141238.68,0,Active,2022-06-15
ACC003403,CUST03403,Credit,59201.14,296287,Inactive,2019-01-10
ACC003404,CUST03404,Savings,169903.7,0,Active,2020-09-25
ACC003405,CUST03405,Savings,60803.89,0,Active,2020-05-13
ACC003406,CUST03406,Savings,99362.72,0,Active,2018-03-03
ACC003407,CUST03407,Savings,116612.06,0,Active,2023-01-07
ACC003408,CUST03408,Savings,241104.76,0,Active,2020-05-06
ACC003409,CUST03409,Savings,63486.77,0,Active,2019-09-19
ACC003410,CUST03410,Savings,61743.89,0,Active,2020-05-21
ACC003411,CUST03411,Savings,37057.22,0,Active,2018-01-23
ACC003412,CUST03412,Savings,281198.23,0,Active,2025-08-09
ACC003413,CUST03413,Savings,108956.48,0,Active,2021-05-21
ACC003414,CUST03414,Savings,194872.1,0,Active,2020-01-24
ACC003415,CUST03415,Savings,73538.04,0,Active,2024-07-24
ACC003416,CUST03416,Savings,78058.77,0,Active,2024-07-21
ACC003417,CUST03417,Savings,103694.65,0,Active,2022-05-18
ACC003418,CUST03418,Credit,105588.08,294622,Active,2018-05-01
ACC003419,CUST03419,Current,157816.46,0,Active,2024-02-09
ACC003420,CUST03420,Savings,110878.46,0,Active,2023-02-27
ACC003421,CUST03421,Current,84178.47,0,Active,2023-05-25
ACC003422,CUST03422,Savings,284148.85,0,Active,2024-11-08
ACC003423,CUST03423,Credit,58729.05,156825,Active,2019-03-19
ACC003424,CUST03424,Savings,63721.16,0,Active,2018-11-23
ACC003425,CUST03425,Current,59300.95,0,Active,2022-01-02
ACC003426,CUST03426,Savings,161342.38,0,Active,2023-09-27
ACC003427,CUST03427,Savings,138725.31,0,Active,2022-04-16
ACC003428,CUST03428,Credit,96642.54,227887,Active,2022-06-16
ACC003429,CUST03429,Savings,57236.81,0,Active,2020-10-19
ACC003430,CUST03430,Credit,116312.21,206140,Active,2020-10-17
ACC003431,CUST03431,Savings,174322.35,0,Active,2019-12-17
ACC003432,CUST03432,Current,246671.31,0,Active,2021-05-10
ACC003433,CUST03433,Savings,71488.98,0,Active,2024-10-28
ACC003434,CUST03434,Credit,96433.69,100417,Active,2020-09-23
ACC003435,CUST03435,Current,137942.85,0,Active,2024-03-12
ACC003436,CUST03436,Credit,83637.97,275235,Active,2019-04-14
ACC003437,CUST03437,Savings,41572.85,0,Active,2018-07-20
ACC003438,CUST03438,Savings,96735.09,0,Active,2019-11-16
ACC003439,CUST03439,Savings,45537.98,0,Active,2023-11-30
ACC003440,CUST03440,Savings,182852.8,0,Active,2019-08-12
ACC003441,CUST03441,Savings,87933.2,0,Active,2022-07-03
ACC003442,CUST03442,Savings,102725.36,0,Active,2024-09-26
ACC003443,CUST03443,Credit,64850.39,235891,Active,2024-08-27
ACC003444,CUST03444,Savings,105168.08,0,Active,2019-11-12
ACC003445,CUST03445,Savings,213875.8,0,Active,2021-05-28
ACC003446,CUST03446,Savings,194198.83,0,Active,2018-11-09
ACC003447,CUST03447,Credit,50674.31,73297,Active,2021-02-10
ACC003448,CUST03448,Credit,9481.59,145358,Active,2022-09-04
ACC003449,CUST03449,Savings,97199.06,0,Active,2022-01-27
ACC003450,CUST03450,Savings,88314.19,0,Active,2018-07-19
ACC003451,CUST03451,Savings,84935.72,0,Inactive,2022-03-11
ACC003452,CUST03452,Savings,74506.87,0,Active,2018-07-01
ACC003453,CUST03453,Savings,49853.07,0,Active,2022-01-10
ACC003454,CUST03454,Savings,337333.86,0,Active,2020-01-17
ACC003455,CUST03455,Savings,281055.99,0,Active,2024-08-17
ACC003456,CUST03456,Savings,82643.5,0,Active,2019-06-28
ACC003457,CUST03457,Savings,115329.64,0,Active,2024-03-05
ACC003458,CUST03458,Savings,184701.81,0,Active,2024-01-08
ACC003459,CUST03459,Savings,115102.65,0,Active,2022-08-26
ACC003460,CUST03460,Current,78468.29,0,Active,2018-05-10
ACC003461,CUST03461,Savings,42129.61,0,Active,2021-11-10
ACC003462,CUST03462,Credit,107467.1,211310,Active,2021-12-18
ACC003463,CUST03463,Savings,46039.6,0,Active,2018-12-31
ACC003464,CUST03464,Savings,205747.11,0,Active,2022-01-06
ACC003465,CUST03465,Savings,104572.21,0,Active,2024-05-19
ACC003466,CUST03466,Credit,144426.26,134778,Active,2023-04-11
ACC003467,CUST03467,Savings,86655.24,0,Active,2023-05-30
ACC003468,CUST03468,Current,170525.71,0,Inactive,2024-10-19
ACC003469,CUST03469,Savings,70498.51,0,Active,2019-09-30
ACC003470,CUST03470,Savings,126841.01,0,Active,2025-06-08
ACC003471,CUST03471,Current,84637.03,0,Active,2022-07-15
ACC003472,CUST03472,Savings,92825.9,0,Active,2023-09-03
ACC003473,CUST03473,Savings,183341.01,0,Active,2018-06-07
ACC003474,CUST03474,Savings,64515.74,0,Active,2020-12-11
ACC003475,CUST03475,Savings,131985.34,0,Active,2025-04-06
ACC003476,CUST03476,Current,219531.14,0,Active,2023-04-27
ACC003477,CUST03477,Savings,179577.0,0,Active,2021-12-08
ACC003478,CUST03478,Savings,71832.35,0,Active,2023-08-15
ACC003479,CUST03479,Credit,142597.88,63184,Active,2019-11-14
ACC003480,CUST03480,Current,29859.57,0,Active,2024-12-09
ACC003481,CUST03481,Savings,186853.34,0,Active,2022-09-01
ACC003482,CUST03482,Savings,388403.75,0,Active,2023-12-26
ACC003483,CUST03483,Savings,127624.94,0,Active,2019-08-20
ACC003484,CUST03484,Savings,225633.47,0,Active,2022-11-03
ACC003485,CUST03485,Savings,40717.37,0,Active,2018-05-25
ACC003486,CUST03486,Savings,53630.9,0,Active,2023-11-10
ACC003487,CUST03487,Savings,86453.74,0,Active,2021-09-23
ACC003488,CUST03488,Savings,96685.37,0,Active,2018-01-16
ACC003489,CUST03489,Savings,128098.06,0,Active,2020-08-23
ACC003490,CUST03490,Savings,72059.47,0,Active,2019-11-19
ACC003491,CUST03491,Savings,116051.32,0,Active,2018-06-06
ACC003492,CUST03492,Savings,183135.71,0,Active,2020-02-12
ACC003493,CUST03493,Savings,142296.0,0,Active,2020-07-04
ACC003494,CUST03494,Current,84705.67,0,Active,2020-06-29
ACC003495,CUST03495,Savings,162829.98,0,Active,2024-06-30
ACC003496,CUST03496,Savings,82433.06,0,Active,2019-01-09
ACC003497,CUST03497,Savings,112283.76,0,Active,2021-10-09
ACC003498,CUST03498,Savings,177852.42,0,Active,2021-02-09
ACC003499,CUST03499,Current,95122.15,0,Active,2024-08-25
ACC003500,CUST03500,Savings,45573.62,0,Active,2024-05-08
ACC003501,CUST03501,Savings,110416.11,0,Active,2021-09-29
ACC003502,CUST03502,Savings,178740.75,0,Active,2019-12-18
ACC003503,CUST03503,Credit,188024.88,291969,Active,2024-09-05
ACC003504,CUST03504,Current,52126.93,0,Active,2018-05-11
ACC003505,CUST03505,Savings,159133.96,0,Active,2023-11-13
ACC003506,CUST03506,Savings,91660.9,0,Active,2018-06-30
ACC003507,CUST03507,Savings,234025.44,0,Active,2024-10-25
ACC003508,CUST03508,Savings,46254.41,0,Active,2022-08-30
ACC003509,CUST03509,Credit,157426.95,296099,Active,2019-02-06
ACC003510,CUST03510,Savings,85581.15,0,Active,2020-07-15
ACC003511,CUST03511,Savings,72795.86,0,Active,2018-05-29
ACC003512,CUST03512,Savings,182353.69,0,Active,2022-03-08
ACC003513,CUST03513,Savings,198583.51,0,Active,2023-05-06
ACC003514,CUST03514,Savings,23329.25,0,Active,2022-10-13
ACC003515,CUST03515,Savings,184194.17,0,Active,2024-05-01
ACC003516,CUST03516,Savings,102257.94,0,Active,2023-11-12
ACC003517,CUST03517,Savings,108557.34,0,Active,2018-12-18
ACC003518,CUST03518,Savings,44456.83,0,Active,2025-06-22
ACC003519,CUST03519,Savings,151500.64,0,Active,2021-06-13
ACC003520,CUST03520,Current,341969.26,0,Active,2019-05-25
ACC003521,CUST03521,Current,75712.21,0,Active,2024-07-28
ACC003522,CUST03522,Current,209218.56,0,Inactive,2022-09-10
ACC003523,CUST03523,Current,106165.21,0,Active,2020-08-01
ACC003524,CUST03524,Credit,77671.99,197662,Active,2022-01-23
ACC003525,CUST03525,Savings,38440.48,0,Active,2021-06-19
ACC003526,CUST03526,Savings,225878.4,0,Active,2019-02-16
ACC003527,CUST03527,Current,114091.52,0,Active,2021-07-15
ACC003528,CUST03528,Savings,80253.57,0,Active,2021-12-17
ACC003529,CUST03529,Current,88905.56,0,Inactive,2024-10-21
ACC003530,CUST03530,Savings,158460.77,0,Active,2020-11-30
ACC003531,CUST03531,Savings,80170.21,0,Active,2019-09-15
ACC003532,CUST03532,Savings,56897.99,0,Active,2023-08-25
ACC003533,CUST03533,Current,99412.93,0,Active,2020-06-02
ACC003534,CUST03534,Savings,97555.35,0,Active,2023-05-27
ACC003535,CUST03535,Current,96242.92,0,Active,2021-01-02
ACC003536,CUST03536,Savings,80847.69,0,Active,2021-05-05
ACC003537,CUST03537,Current,213267.69,0,Active,2019-08-10
ACC003538,CUST03538,Savings,410786.55,0,Active,2020-07-26
ACC003539,CUST03539,Savings,52216.44,0,Active,2019-09-25
ACC003540,CUST03540,Savings,20385.35,0,Inactive,2021-03-25
ACC003541,CUST03541,Current,92024.88,0,Inactive,2023-02-13
ACC003542,CUST03542,Savings,22517.9,0,Active,2018-09-30
ACC003543,CUST03543,Savings,35650.97,0,Active,2024-01-30
ACC003544,CUST03544,Savings,76565.62,0,Active,2018-07-11
ACC003545,CUST03545,Savings,157806.96,0,Active,2018-12-15
ACC003546,CUST03546,Savings,91371.63,0,Active,2025-05-28
ACC003547,CUST03547,Savings,15899.46,0,Active,2023-01-15
ACC003548,CUST03548,Savings,90631.1,0,Active,2019-07-25
ACC003549,CUST03549,Savings,94860.28,0,Active,2023-12-30
ACC003550,CUST03550,Credit,95841.36,120713,Active,2018-07-06
ACC003551,CUST03551,Current,195710.84,0,Active,2018-12-12
ACC003552,CUST03552,Current,177515.41,0,Active,2020-10-28
ACC003553,CUST03553,Savings,111456.1,0,Active,2022-08-12
ACC003554,CUST03554,Savings,305448.97,0,Active,2022-04-14
ACC003555,CUST03555,Credit,76430.48,65818,Active,2025-04-08
ACC003556,CUST03556,Savings,98614.08,0,Active,2021-01-26
ACC003557,CUST03557,Current,105080.88,0,Active,2018-07-05
ACC003558,CUST03558,Savings,38126.96,0,Active,2022-10-29
ACC003559,CUST03559,Savings,106418.37,0,Active,2019-11-08
ACC003560,CUST03560,Savings,32865.35,0,Inactive,2024-08-31
ACC003561,CUST03561,Savings,68875.61,0,Active,2024-05-02
ACC003562,CUST03562,Savings,114481.42,0,Active,2024-11-04
ACC003563,CUST03563,Savings,42801.19,0,Active,2019-07-31
ACC003564,CUST03564,Current,129715.25,0,Active,2020-07-15
ACC003565,CUST03565,Savings,61841.23,0,Active,2025-01-23
ACC003566,CUST03566,Savings,84519.31,0,Active,2020-11-17
ACC003567,CUST03567,Savings,143112.35,0,Active,2020-03-01
ACC003568,CUST03568,Savings,101383.58,0,Active,2019-10-04
ACC003569,CUST03569,Savings,127962.22,0,Active,2023-12-21
ACC003570,CUST03570,Current,138026.09,0,Active,2025-06-09
ACC003571,CUST03571,Current,100373.1,0,Active,2020-06-25
ACC003572,CUST03572,Credit,132295.75,144307,Active,2019-08-04
ACC003573,CUST03573,Savings,68120.92,0,Active,2022-12-02
ACC003574,CUST03574,Savings,142095.68,0,Active,2020-10-11
ACC003575,CUST03575,Savings,92391.96,0,Active,2022-06-14
ACC003576,CUST03576,Savings,216379.84,0,Active,2023-11-07
ACC003577,CUST03577,Savings,115913.75,0,Active,2023-02-05
ACC003578,CUST03578,Savings,74593.0,0,Active,2023-12-25
ACC003579,CUST03579,Credit,143543.33,157460,Active,2024-02-09
ACC003580,CUST03580,Savings,221678.17,0,Active,2019-03-09
ACC003581,CUST03581,Savings,79000.58,0,Inactive,2023-02-12
ACC003582,CUST03582,Credit,70646.37,239328,Active,2018-02-18
ACC003583,CUST03583,Savings,10764.65,0,Active,2020-01-30
ACC003584,CUST03584,Credit,115743.19,238268,Active,2023-04-24
ACC003585,CUST03585,Credit,86744.72,95523,Active,2025-08-10
ACC003586,CUST03586,Savings,143197.1,0,Active,2020-07-01
ACC003587,CUST03587,Savings,144993.27,0,Active,2024-06-05
ACC003588,CUST03588,Current,39420.72,0,Active,2023-03-04
ACC003589,CUST03589,Savings,177074.05,0,Active,2023-12-08
ACC003590,CUST03590,Savings,64045.31,0,Active,2018-10-21
ACC003591,CUST03591,Savings,79284.69,0,Active,2023-04-15
ACC003592,CUST03592,Savings,130151.41,0,Active,2022-12-17
ACC003593,CUST03593,Savings,49803.3,0,Active,2019-02-17
ACC003594,CUST03594,Savings,71121.27,0,Active,2022-09-02
ACC003595,CUST03595,Savings,46589.57,0,Active,2018-04-11
ACC003596,CUST03596,Savings,185845.88,0,Active,2018-09-03
ACC003597,CUST03597,Savings,83678.3,0,Active,2022-01-01
ACC003598,CUST03598,Savings,43376.79,0,Active,2024-12-23
ACC003599,CUST03599,Savings,45626.98,0,Active,2025-03-18
ACC003600,CUST03600,Savings,168727.09,0,Active,2020-07-27
ACC003601,CUST03601,Savings,60233.54,0,Active,2019-05-29
ACC003602,CUST03602,Savings,78126.39,0,Active,2025-03-05
ACC003603,CUST03603,Savings,109139.92,0,Active,2022-07-13
ACC003604,CUST03604,Savings,87403.28,0,Active,2021-12-08
ACC003605,CUST03605,Savings,26231.85,0,Active,2020-01-10
ACC003606,CUST03606,Savings,152172.36,0,Active,2022-05-14
ACC003607,CUST03607,Savings,91507.62,0,Active,2018-04-30
ACC003608,CUST03608,Current,127099.0,0,Active,2021-12-22
ACC003609,CUST03609,Savings,158657.01,0,Active,2023-04-27
ACC003610,CUST03610,Savings,21475.76,0,Active,2025-05-27
ACC003611,CUST03611,Savings,159503.06,0,Active,2021-08-25
ACC003612,CUST03612,Savings,367240.8,0,Active,2024-08-11
ACC003613,CUST03613,Savings,135159.36,0,Active,2022-11-22
ACC003614,CUST03614,Savings,218312.11,0,Active,2019-01-16
ACC003615,CUST03615,Current,182276.9,0,Active,2023-04-22
ACC003616,CUST03616,Savings,156144.9,0,Active,2022-05-25
ACC003617,CUST03617,Savings,185968.09,0,Active,2021-12-08
ACC003618,CUST03618,Savings,203990.02,0,Active,2023-01-04
ACC003619,CUST03619,Savings,208591.55,0,Active,2019-12-01
ACC003620,CUST03620,Savings,45537.99,0,Active,2021-01-05
ACC003621,CUST03621,Savings,192487.48,0,Active,2025-03-26
ACC003622,CUST03622,Savings,90683.45,0,Active,2018-03-30
ACC003623,CUST03623,Savings,212839.67,0,Active,2024-06-06
ACC003624,CUST03624,Current,142093.09,0,Active,2018-08-20
ACC003625,CUST03625,Current,45056.04,0,Active,2020-12-02
ACC003626,CUST03626,Savings,229406.92,0,Active,2023-03-07
ACC003627,CUST03627,Savings,64252.75,0,Active,2021-11-07
ACC003628,CUST03628,Savings,87900.52,0,Active,2023-04-12
ACC003629,CUST03629,Credit,259794.68,58282,Active,2022-05-20
ACC003630,CUST03630,Savings,116374.49,0,Active,2023-09-13
ACC003631,CUST03631,Savings,85503.02,0,Active,2020-01-10
ACC003632,CUST03632,Savings,101846.96,0,Active,2020-07-11
ACC003633,CUST03633,Credit,84354.85,273251,Active,2019-08-05
ACC003634,CUST03634,Savings,168543.91,0,Active,2018-04-17
ACC003635,CUST03635,Savings,86002.61,0,Active,2022-08-04
ACC003636,CUST03636,Savings,103989.25,0,Active,2024-09-13
ACC003637,CUST03637,Savings,149126.94,0,Active,2021-01-12
ACC003638,CUST03638,Savings,139626.69,0,Active,2024-04-12
ACC003639,CUST03639,Current,67854.78,0,Active,2021-06-26
ACC003640,CUST03640,Savings,169720.95,0,Active,2024-08-26
ACC003641,CUST03641,Current,76355.02,0,Active,2019-05-26
ACC003642,CUST03642,Savings,52816.69,0,Active,2020-09-02
ACC003643,CUST03643,Current,28302.03,0,Active,2023-09-15
ACC003644,CUST03644,Current,95487.92,0,Active,2023-10-07
ACC003645,CUST03645,Savings,33185.38,0,Active,2023-05-13
ACC003646,CUST03646,Savings,61665.13,0,Active,2025-01-10
ACC003647,CUST03647,Savings,105610.48,0,Active,2023-10-20
ACC003648,CUST03648,Credit,201478.77,219890,Active,2022-07-10
ACC003649,CUST03649,Credit,89373.41,199760,Active,2019-06-30
ACC003650,CUST03650,Savings,38767.55,0,Active,2021-06-16
ACC003651,CUST03651,Savings,99757.83,0,Active,2021-08-07
ACC003652,CUST03652,Savings,197046.81,0,Active,2019-09-23
ACC003653,CUST03653,Current,88080.27,0,Active,2023-11-03
ACC003654,CUST03654,Credit,220966.14,260434,Active,2025-07-27
ACC003655,CUST03655,Savings,105245.35,0,Active,2024-04-04
ACC003656,CUST03656,Current,159852.76,0,Active,2025-02-13
ACC003657,CUST03657,Current,121577.14,0,Active,2019-08-07
ACC003658,CUST03658,Savings,214946.16,0,Active,2020-12-16
ACC003659,CUST03659,Savings,316808.94,0,Active,2021-11-03
ACC003660,CUST03660,Savings,78830.11,0,Active,2022-05-19
ACC003661,CUST03661,Savings,117376.24,0,Active,2022-02-20
ACC003662,CUST03662,Savings,201396.22,0,Active,2023-09-28
ACC003663,CUST03663,Savings,124113.97,0,Active,2024-06-07
ACC003664,CUST03664,Savings,27181.63,0,Active,2022-01-01
ACC003665,CUST03665,Savings,88944.27,0,Active,2019-02-17
ACC003666,CUST03666,Savings,123486.46,0,Active,2022-03-05
ACC003667,CUST03667,Savings,248358.86,0,Active,2024-05-29
ACC003668,CUST03668,Savings,113573.69,0,Active,2023-11-19
ACC003669,CUST03669,Savings,58891.87,0,Active,2025-04-14
ACC003670,CUST03670,Credit,125233.3,264369,Active,2024-12-03
ACC003671,CUST03671,Current,234356.65,0,Active,2021-03-09
ACC003672,CUST03672,Savings,70964.48,0,Active,2019-10-24
ACC003673,CUST03673,Savings,77000.59,0,Active,2024-09-19
ACC003674,CUST03674,Savings,71686.05,0,Active,2020-03-04
ACC003675,CUST03675,Current,42663.12,0,Active,2021-09-25
ACC003676,CUST03676,Savings,110530.3,0,Active,2020-10-18
ACC003677,CUST03677,Savings,102817.32,0,Active,2019-11-13
ACC003678,CUST03678,Savings,29652.93,0,Active,2022-01-02
ACC003679,CUST03679,Savings,62036.08,0,Active,2025-06-01
ACC003680,CUST03680,Savings,119410.0,0,Active,2020-02-27
ACC003681,CUST03681,Credit,157682.41,81779,Active,2018-08-26
ACC003682,CUST03682,Savings,182698.19,0,Active,2021-12-20
ACC003683,CUST03683,Current,165061.99,0,Active,2020-03-12
ACC003684,CUST03684,Savings,106554.74,0,Active,2022-01-23
ACC003685,CUST03685,Savings,37587.01,0,Active,2021-11-24
ACC003686,CUST03686,Credit,92618.78,191475,Inactive,2020-09-11
ACC003687,CUST03687,Savings,14527.69,0,Active,2024-10-09
ACC003688,CUST03688,Savings,119751.96,0,Active,2021-11-22
ACC003689,CUST03689,Credit,69370.51,220751,Active,2021-05-21
ACC003690,CUST03690,Savings,20989.49,0,Active,2019-07-06
ACC003691,CUST03691,Savings,132973.43,0,Active,2025-05-17
ACC003692,CUST03692,Savings,232776.09,0,Active,2022-07-02
ACC003693,CUST03693,Savings,33525.19,0,Active,2020-09-06
ACC003694,CUST03694,Current,139405.66,0,Active,2021-06-30
ACC003695,CUST03695,Savings,82979.14,0,Active,2021-06-30
ACC003696,CUST03696,Savings,64214.09,0,Active,2020-07-10
ACC003697,CUST03697,Credit,64309.81,209411,Active,2022-10-27
ACC003698,CUST03698,Savings,82966.48,0,Active,2025-05-28
ACC003699,CUST03699,Current,82773.06,0,Active,2018-04-19
ACC003700,CUST03700,Savings,103980.61,0,Inactive,2018-02-26
ACC003701,CUST03701,Savings,60065.26,0,Active,2025-01-31
ACC003702,CUST03702,Current,68642.34,0,Active,2020-01-28
ACC003703,CUST03703,Savings,147011.68,0,Active,2022-03-29
ACC003704,CUST03704,Savings,56439.44,0,Active,2019-04-16
ACC003705,CUST03705,Savings,124368.23,0,Inactive,2021-06-17
ACC003706,CUST03706,Savings,85710.62,0,Active,2019-10-02
ACC003707,CUST03707,Savings,74876.39,0,Active,2019-12-11
ACC003708,CUST03708,Savings,274784.69,0,Inactive,2019-02-24
ACC003709,CUST03709,Savings,43383.03,0,Active,2022-04-12
ACC003710,CUST03710,Savings,241760.36,0,Active,2021-09-20
ACC003711,CUST03711,Savings,170868.34,0,Active,2024-11-20
ACC003712,CUST03712,Credit,70568.03,191261,Inactive,2025-07-26
ACC003713,CUST03713,Savings,173663.77,0,Active,2021-06-05
ACC003714,CUST03714,Savings,9547.68,0,Inactive,2023-01-25
ACC003715,CUST03715,Savings,66210.34,0,Inactive,2019-01-01
ACC003716,CUST03716,Savings,56976.52,0,Active,2022-08-18
ACC003717,CUST03717,Savings,133899.86,0,Active,2021-07-14
ACC003718,CUST03718,Current,159462.04,0,Active,2020-06-18
ACC003719,CUST03719,Current,132631.95,0,Active,2019-01-03
ACC003720,CUST03720,Savings,114992.68,0,Active,2023-12-22
ACC003721,CUST03721,Current,180236.36,0,Active,2023-01-16
ACC003722,CUST03722,Savings,165889.84,0,Active,2023-04-23
ACC003723,CUST03723,Current,69448.17,0,Active,2024-10-28
ACC003724,CUST03724,Savings,74634.06,0,Active,2023-12-02
ACC003725,CUST03725,Savings,160533.18,0,Active,2020-07-19
ACC003726,CUST03726,Savings,103362.33,0,Active,2019-01-29
ACC003727,CUST03727,Savings,107723.4,0,Active,2024-11-21
ACC003728,CUST03728,Savings,116303.89,0,Active,2021-09-09
ACC003729,CUST03729,Savings,28181.85,0,Active,2022-07-22
ACC003730,CUST03730,Savings,67398.05,0,Active,2023-04-22
ACC003731,CUST03731,Current,140653.38,0,Active,2025-03-04
ACC003732,CUST03732,Savings,67025.4,0,Active,2018-07-18
ACC003733,CUST03733,Savings,91875.0,0,Active,2024-07-02
ACC003734,CUST03734,Savings,140126.67,0,Active,2025-07-17
ACC003735,CUST03735,Savings,185948.58,0,Active,2022-09-08
ACC003736,CUST03736,Current,198550.28,0,Active,2025-04-08
ACC003737,CUST03737,Savings,204917.36,0,Active,2025-01-12
ACC003738,CUST03738,Savings,97358.91,0,Active,2021-06-11
ACC003739,CUST03739,Savings,91192.98,0,Active,2019-09-15
ACC003740,CUST03740,Savings,47305.37,0,Active,2020-05-15
ACC003741,CUST03741,Savings,233526.41,0,Active,2023-02-09
ACC003742,CUST03742,Savings,88796.91,0,Active,2021-06-13
ACC003743,CUST03743,Savings,230462.26,0,Active,2020-08-30
ACC003744,CUST03744,Savings,126368.84,0,Active,2020-10-23
ACC003745,CUST03745,Savings,190848.52,0,Active,2019-11-10
ACC003746,CUST03746,Savings,101458.53,0,Active,2024-02-28
ACC003747,CUST03747,Current,148258.41,0,Active,2024-09-22
ACC003748,CUST03748,Savings,194528.27,0,Inactive,2022-09-19
ACC003749,CUST03749,Savings,77272.09,0,Active,2019-02-08
ACC003750,CUST03750,Current,205531.44,0,Active,2021-03-31
ACC003751,CUST03751,Savings,51939.22,0,Active,2024-04-20
ACC003752,CUST03752,Current,270774.12,0,Active,2024-12-14
ACC003753,CUST03753,Credit,116580.32,161746,Active,2022-06-13
ACC003754,CUST03754,Savings,68105.4,0,Active,2020-12-20
ACC003755,CUST03755,Savings,168957.12,0,Active,2023-12-14
ACC003756,CUST03756,Savings,129849.59,0,Active,2024-07-04
ACC003757,CUST03757,Savings,29404.95,0,Active,2020-07-14
ACC003758,CUST03758,Current,82995.28,0,Active,2025-08-12
ACC003759,CUST03759,Savings,53718.68,0,Active,2023-02-26
ACC003760,CUST03760,Savings,57057.14,0,Active,2024-05-15
ACC003761,CUST03761,Savings,55672.66,0,Active,2024-04-30
ACC003762,CUST03762,Current,144223.52,0,Active,2021-09-03
ACC003763,CUST03763,Current,176388.47,0,Active,2024-04-16
ACC003764,CUST03764,Savings,64032.42,0,Active,2025-04-22
ACC003765,CUST03765,Savings,23466.44,0,Active,2021-09-18
ACC003766,CUST03766,Savings,14416.04,0,Active,2019-01-19
ACC003767,CUST03767,Savings,306293.94,0,Active,2018-03-29
ACC003768,CUST03768,Savings,117330.22,0,Active,2023-06-12
ACC003769,CUST03769,Savings,169671.22,0,Active,2019-09-24
ACC003770,CUST03770,Savings,94401.13,0,Active,2019-09-22
ACC003771,CUST03771,Savings,19386.28,0,Active,2020-08-24
ACC003772,CUST03772,Savings,136029.21,0,Active,2024-11-09
ACC003773,CUST03773,Current,254886.44,0,Active,2024-01-29
ACC003774,CUST03774,Savings,70619.48,0,Active,2022-02-09
ACC003775,CUST03775,Savings,17490.05,0,Active,2020-05-07
ACC003776,CUST03776,Savings,47110.57,0,Active,2019-02-06
ACC003777,CUST03777,Savings,174379.34,0,Inactive,2018-09-18
ACC003778,CUST03778,Savings,129263.5,0,Active,2020-04-30
ACC003779,CUST03779,Savings,206013.63,0,Active,2023-06-11
ACC003780,CUST03780,Savings,107241.76,0,Active,2020-11-13
ACC003781,CUST03781,Current,157911.98,0,Active,2021-05-02
ACC003782,CUST03782,Credit,81451.73,260797,Active,2020-08-29
ACC003783,CUST03783,Savings,49783.37,0,Active,2018-03-26
ACC003784,CUST03784,Savings,158164.64,0,Active,2019-05-31
ACC003785,CUST03785,Savings,176007.38,0,Active,2020-07-30
ACC003786,CUST03786,Savings,71714.24,0,Active,2023-05-02
ACC003787,CUST03787,Current,242097.01,0,Active,2019-04-10
ACC003788,CUST03788,Savings,245868.05,0,Active,2024-03-13
ACC003789,CUST03789,Savings,55912.89,0,Active,2019-05-31
ACC003790,CUST03790,Savings,57717.63,0,Active,2022-04-11
ACC003791,CUST03791,Savings,59599.46,0,Active,2018-06-28
ACC003792,CUST03792,Current,98613.23,0,Active,2019-12-03
ACC003793,CUST03793,Savings,83963.64,0,Active,2023-10-10
ACC003794,CUST03794,Current,42121.62,0,Active,2020-02-28
ACC003795,CUST03795,Current,60784.79,0,Active,2021-11-23
ACC003796,CUST03796,Savings,19746.96,0,Active,2020-07-14
ACC003797,CUST03797,Savings,22923.93,0,Active,2025-04-07
ACC003798,CUST03798,Savings,36221.35,0,Active,2023-11-29
ACC003799,CUST03799,Credit,296866.82,102531,Active,2023-11-21
ACC003800,CUST03800,Savings,276894.11,0,Active,2020-06-07
ACC003801,CUST03801,Savings,163476.89,0,Active,2020-12-31
ACC003802,CUST03802,Credit,72205.76,183270,Inactive,2018-07-29
ACC003803,CUST03803,Current,35765.59,0,Active,2019-02-09
ACC003804,CUST03804,Credit,105865.35,57562,Active,2020-04-21
ACC003805,CUST03805,Savings,138245.78,0,Active,2022-07-26
ACC003806,CUST03806,Savings,64759.96,0,Active,2025-01-16
ACC003807,CUST03807,Savings,133916.6,0,Active,2020-02-22
ACC003808,CUST03808,Credit,46790.54,97849,Inactive,2019-05-30
ACC003809,CUST03809,Savings,73185.37,0,Active,2025-07-09
ACC003810,CUST03810,Savings,90685.62,0,Active,2024-06-02
ACC003811,CUST03811,Savings,281506.39,0,Active,2021-02-24
ACC003812,CUST03812,Savings,60181.65,0,Active,2020-11-26
ACC003813,CUST03813,Savings,137843.18,0,Active,2021-12-02
ACC003814,CUST03814,Credit,54038.58,239061,Active,2018-08-17
ACC003815,CUST03815,Savings,48943.09,0,Active,2020-04-17
ACC003816,CUST03816,Savings,64566.42,0,Active,2025-06-09
ACC003817,CUST03817,Current,108132.52,0,Active,2018-07-31
ACC003818,CUST03818,Savings,259936.66,0,Active,2024-08-21
ACC003819,CUST03819,Savings,71169.26,0,Active,2022-12-11
ACC003820,CUST03820,Savings,176779.6,0,Active,2022-11-11
ACC003821,CUST03821,Savings,289347.76,0,Active,2021-03-26
ACC003822,CUST03822,Current,124331.86,0,Active,2022-05-31
ACC003823,CUST03823,Current,195350.18,0,Active,2018-02-20
ACC003824,CUST03824,Current,62206.13,0,Active,2024-10-02
ACC003825,CUST03825,Savings,135679.9,0,Active,2023-04-26
ACC003826,CUST03826,Savings,156404.61,0,Active,2023-10-16
ACC003827,CUST03827,Savings,40647.15,0,Active,2024-10-27
ACC003828,CUST03828,Savings,58069.8,0,Inactive,2019-03-03
ACC003829,CUST03829,Savings,88198.72,0,Active,2020-02-01
ACC003830,CUST03830,Savings,65784.92,0,Active,2018-07-31
ACC003831,CUST03831,Savings,94790.53,0,Active,2022-07-14
ACC003832,CUST03832,Savings,36376.83,0,Active,2019-03-13
ACC003833,CUST03833,Savings,273414.49,0,Active,2023-10-06
ACC003834,CUST03834,Savings,187255.44,0,Active,2024-06-02
ACC003835,CUST03835,Savings,543113.75,0,Active,2018-09-13
ACC003836,CUST03836,Credit,44278.54,191350,Active,2025-08-07
ACC003837,CUST03837,Savings,138829.76,0,Active,2018-05-09
ACC003838,CUST03838,Savings,66199.77,0,Active,2022-10-07
ACC003839,CUST03839,Savings,48739.87,0,Active,2025-08-13
ACC003840,CUST03840,Savings,181234.48,0,Active,2022-01-18
ACC003841,CUST03841,Savings,110299.93,0,Active,2023-01-05
ACC003842,CUST03842,Savings,84433.94,0,Active,2019-11-29
ACC003843,CUST03843,Credit,126574.41,232167,Active,2024-12-13
ACC003844,CUST03844,Current,59793.15,0,Active,2019-10-09
ACC003845,CUST03845,Current,58429.01,0,Active,2024-02-13
ACC003846,CUST03846,Credit,67813.05,286641,Active,2018-02-22
ACC003847,CUST03847,Current,202132.46,0,Active,2022-01-24
ACC003848,CUST03848,Current,192818.41,0,Active,2024-05-02
ACC003849,CUST03849,Savings,42786.67,0,Active,2023-12-10
ACC003850,CUST03850,Current,266783.07,0,Inactive,2021-06-02
ACC003851,CUST03851,Savings,104621.1,0,Active,2021-03-29
ACC003852,CUST03852,Current,137473.53,0,Active,2019-03-29
ACC003853,CUST03853,Savings,66343.88,0,Active,2024-04-26
ACC003854,CUST03854,Savings,108050.38,0,Active,2021-10-07
ACC003855,CUST03855,Savings,48530.44,0,Active,2024-05-26
ACC003856,CUST03856,Savings,63290.13,0,Active,2024-12-01
ACC003857,CUST03857,Current,172663.8,0,Active,2023-06-28
ACC003858,CUST03858,Savings,174997.45,0,Active,2020-10-04
ACC003859,CUST03859,Savings,141240.4,0,Active,2024-02-22
ACC003860,CUST03860,Savings,80992.23,0,Active,2022-01-16
ACC003861,CUST03861,Savings,42252.1,0,Active,2020-09-06
ACC003862,CUST03862,Current,216107.48,0,Active,2021-07-06
ACC003863,CUST03863,Savings,182492.77,0,Active,2019-07-02
ACC003864,CUST03864,Savings,26005.93,0,Active,2022-04-24
ACC003865,CUST03865,Savings,176743.53,0,Active,2023-07-17
ACC003866,CUST03866,Savings,84401.49,0,Active,2020-06-05
ACC003867,CUST03867,Savings,159451.22,0,Active,2022-07-24
ACC003868,CUST03868,Current,36737.92,0,Active,2022-08-01
ACC003869,CUST03869,Savings,68690.16,0,Active,2020-04-01
ACC003870,CUST03870,Savings,112961.09,0,Active,2023-10-06
ACC003871,CUST03871,Savings,273477.46,0,Active,2019-07-03
ACC003872,CUST03872,Savings,113139.54,0,Active,2024-07-10
ACC003873,CUST03873,Savings,197497.62,0,Active,2021-04-09
ACC003874,CUST03874,Savings,122556.61,0,Active,2020-08-05
ACC003875,CUST03875,Savings,119923.17,0,Inactive,2019-08-20
ACC003876,CUST03876,Current,145767.27,0,Active,2021-12-27
ACC003877,CUST03877,Savings,102895.37,0,Active,2019-04-23
ACC003878,CUST03878,Savings,170265.03,0,Active,2019-10-31
ACC003879,CUST03879,Savings,51087.0,0,Active,2022-10-25
ACC003880,CUST03880,Savings,103335.24,0,Inactive,2018-11-10
ACC003881,CUST03881,Savings,286643.19,0,Inactive,2020-12-23
ACC003882,CUST03882,Savings,202200.9,0,Active,2024-03-04
ACC003883,CUST03883,Current,129038.01,0,Active,2018-05-12
ACC003884,CUST03884,Savings,186438.81,0,Active,2025-08-01
ACC003885,CUST03885,Credit,244486.63,62161,Active,2021-09-05
ACC003886,CUST03886,Savings,23228.37,0,Active,2025-01-27
ACC003887,CUST03887,Credit,89583.31,264761,Active,2024-04-22
ACC003888,CUST03888,Current,68531.2,0,Active,2021-05-12
ACC003889,CUST03889,Savings,38784.08,0,Active,2022-01-23
ACC003890,CUST03890,Savings,309854.02,0,Active,2021-12-23
ACC003891,CUST03891,Savings,149875.3,0,Active,2020-09-12
ACC003892,CUST03892,Savings,182683.45,0,Active,2018-10-10
ACC003893,CUST03893,Savings,70538.46,0,Active,2019-05-30
ACC003894,CUST03894,Savings,88369.11,0,Active,2023-04-28
ACC003895,CUST03895,Savings,106333.45,0,Inactive,2024-02-15
ACC003896,CUST03896,Savings,134891.5,0,Active,2024-08-19
ACC003897,CUST03897,Current,166614.11,0,Active,2020-03-17
ACC003898,CUST03898,Savings,27587.85,0,Active,2024-02-16
ACC003899,CUST03899,Savings,160496.4,0,Active,2022-06-11
ACC003900,CUST03900,Savings,92116.65,0,Active,2019-03-05
ACC003901,CUST03901,Current,249938.5,0,Active,2020-06-27
ACC003902,CUST03902,Savings,221747.65,0,Active,2018-04-22
ACC003903,CUST03903,Savings,126853.93,0,Active,2022-06-14
ACC003904,CUST03904,Savings,108782.83,0,Active,2021-08-03
ACC003905,CUST03905,Savings,87725.39,0,Active,2023-02-12
ACC003906,CUST03906,Credit,135354.9,200651,Active,2018-10-28
ACC003907,CUST03907,Savings,215112.66,0,Active,2018-12-25
ACC003908,CUST03908,Credit,110313.04,53665,Active,2024-05-16
ACC003909,CUST03909,Savings,74274.81,0,Active,2024-08-31
ACC003910,CUST03910,Savings,108812.86,0,Active,2018-04-22
ACC003911,CUST03911,Savings,128259.06,0,Active,2021-10-16
ACC003912,CUST03912,Credit,48677.55,147515,Active,2023-04-29
ACC003913,CUST03913,Current,40071.31,0,Active,2024-11-11
ACC003914,CUST03914,Savings,75559.97,0,Active,2024-06-30
ACC003915,CUST03915,Savings,249643.72,0,Active,2020-12-29
ACC003916,CUST03916,Savings,208250.82,0,Active,2018-12-24
ACC003917,CUST03917,Savings,33426.38,0,Active,2023-01-14
ACC003918,CUST03918,Savings,56619.99,0,Active,2021-09-09
ACC003919,CUST03919,Savings,164966.68,0,Active,2023-01-01
ACC003920,CUST03920,Savings,81850.96,0,Active,2020-01-04
ACC003921,CUST03921,Savings,139685.7,0,Active,2018-05-12
ACC003922,CUST03922,Savings,34927.55,0,Active,2018-05-12
ACC003923,CUST03923,Savings,107463.56,0,Active,2021-06-03
ACC003924,CUST03924,Current,100714.41,0,Active,2021-11-11
ACC003925,CUST03925,Current,183193.44,0,Active,2019-03-25
ACC003926,CUST03926,Savings,134908.95,0,Active,2024-09-29
ACC003927,CUST03927,Current,116282.05,0,Active,2022-02-03
ACC003928,CUST03928,Savings,28980.73,0,Active,2018-07-19
ACC003929,CUST03929,Current,291863.92,0,Active,2024-05-01
ACC003930,CUST03930,Savings,158124.71,0,Active,2025-05-16
ACC003931,CUST03931,Savings,66624.07,0,Active,2024-10-04
ACC003932,CUST03932,Savings,114501.55,0,Inactive,2024-02-10
ACC003933,CUST03933,Savings,83477.11,0,Active,2025-04-29
ACC003934,CUST03934,Savings,93782.65,0,Inactive,2023-12-09
ACC003935,CUST03935,Savings,206407.62,0,Active,2022-09-18
ACC003936,CUST03936,Savings,56430.76,0,Active,2023-03-05
ACC003937,CUST03937,Savings,161972.06,0,Active,2024-12-24
ACC003938,CUST03938,Savings,211386.91,0,Active,2023-03-25
ACC003939,CUST03939,Savings,147482.89,0,Active,2022-12-05
ACC003940,CUST03940,Savings,96768.6,0,Active,2022-01-17
ACC003941,CUST03941,Credit,63427.61,149965,Active,2023-02-05
ACC003942,CUST03942,Savings,69500.28,0,Active,2023-01-22
ACC003943,CUST03943,Savings,115942.51,0,Active,2021-10-01
ACC003944,CUST03944,Credit,110170.16,288115,Active,2021-02-14
ACC003945,CUST03945,Savings,173757.93,0,Active,2018-09-30
ACC003946,CUST03946,Savings,36881.69,0,Active,2019-02-12
ACC003947,CUST03947,Savings,204934.52,0,Active,2021-10-12
ACC003948,CUST03948,Savings,399785.56,0,Active,2025-02-15
ACC003949,CUST03949,Savings,102556.79,0,Active,2019-04-09
ACC003950,CUST03950,Savings,92930.93,0,Active,2022-02-22
ACC003951,CUST03951,Current,98559.04,0,Active,2018-11-06
ACC003952,CUST03952,Savings,113512.91,0,Active,2025-08-01
ACC003953,CUST03953,Savings,88373.18,0,Active,2018-09-02
ACC003954,CUST03954,Savings,23623.99,0,Active,2024-08-29
ACC003955,CUST03955,Savings,97204.84,0,Active,2024-08-20
ACC003956,CUST03956,Current,117697.1,0,Active,2019-06-29
ACC003957,CUST03957,Current,217584.19,0,Active,2024-04-05
ACC003958,CUST03958,Current,55921.56,0,Active,2022-05-09
ACC003959,CUST03959,Current,267056.23,0,Active,2020-03-18
ACC003960,CUST03960,Savings,84548.65,0,Active,2020-01-17
ACC003961,CUST03961,Credit,60646.28,170634,Active,2022-05-07
ACC003962,CUST03962,Current,158148.65,0,Active,2023-05-26
ACC003963,CUST03963,Savings,78399.73,0,Active,2023-11-20
ACC003964,CUST03964,Current,103779.43,0,Active,2018-11-04
ACC003965,CUST03965,Savings,108181.4,0,Active,2021-05-27
ACC003966,CUST03966,Savings,152913.31,0,Active,2021-06-21
ACC003967,CUST03967,Savings,101883.77,0,Active,2023-08-24
ACC003968,CUST03968,Savings,95060.24,0,Active,2023-11-30
ACC003969,CUST03969,Savings,83143.54,0,Active,2022-07-13
ACC003970,CUST03970,Savings,144057.86,0,Active,2018-02-16
ACC003971,CUST03971,Savings,75761.74,0,Inactive,2024-08-05
ACC003972,CUST03972,Savings,221706.75,0,Active,2024-01-16
ACC003973,CUST03973,Savings,108920.99,0,Active,2019-10-11
ACC003974,CUST03974,Savings,30235.29,0,Active,2024-08-29
ACC003975,CUST03975,Savings,128203.97,0,Active,2019-04-10
ACC003976,CUST03976,Current,140858.21,0,Active,2018-03-29
ACC003977,CUST03977,Savings,223126.83,0,Active,2022-02-22
ACC003978,CUST03978,Savings,65370.38,0,Active,2023-11-27
ACC003979,CUST03979,Savings,59037.71,0,Active,2023-08-04
ACC003980,CUST03980,Current,155885.2,0,Active,2020-02-17
ACC003981,CUST03981,Savings,202569.48,0,Active,2022-07-15
ACC003982,CUST03982,Savings,63627.83,0,Active,2024-11-25
ACC003983,CUST03983,Savings,125455.57,0,Active,2019-08-05
ACC003984,CUST03984,Savings,102969.34,0,Active,2022-01-19
ACC003985,CUST03985,Savings,65151.5,0,Active,2020-03-05
ACC003986,CUST03986,Savings,99267.76,0,Active,2025-08-28
ACC003987,CUST03987,Savings,194415.35,0,Active,2020-06-08
ACC003988,CUST03988,Savings,109204.95,0,Active,2024-05-20
ACC003989,CUST03989,Savings,96039.41,0,Active,2023-03-15
ACC003990,CUST03990,Savings,151154.7,0,Active,2018-12-26
ACC003991,CUST03991,Savings,204512.54,0,Active,2024-07-12
ACC003992,CUST03992,Current,55243.07,0,Active,2018-12-30
ACC003993,CUST03993,Savings,128552.65,0,Inactive,2025-03-08
ACC003994,CUST03994,Savings,84895.66,0,Active,2021-08-06
ACC003995,CUST03995,Savings,109502.2,0,Active,2024-08-03
ACC003996,CUST03996,Savings,158116.33,0,Inactive,2021-08-11
ACC003997,CUST03997,Savings,89219.67,0,Active,2020-03-31
ACC003998,CUST03998,Current,101406.27,0,Active,2025-05-11
ACC003999,CUST03999,Savings,185393.92,0,Active,2018-05-23
ACC004000,CUST04000,Savings,138855.33,0,Active,2025-01-26
ACC004001,CUST04001,Savings,99994.18,0,Active,2019-10-23
ACC004002,CUST04002,Savings,116051.18,0,Active,2024-01-16
ACC004003,CUST04003,Savings,110970.68,0,Active,2019-02-09
ACC004004,CUST04004,Credit,28499.46,142438,Inactive,2019-05-17
ACC004005,CUST04005,Savings,117241.71,0,Active,2022-07-18
ACC004006,CUST04006,Current,43344.64,0,Active,2018-03-05
ACC004007,CUST04007,Credit,201265.25,249860,Active,2021-04-02
ACC004008,CUST04008,Savings,42611.31,0,Active,2024-09-20
ACC004009,CUST04009,Savings,82230.44,0,Active,2023-02-01
ACC004010,CUST04010,Savings,72512.58,0,Active,2019-03-08
ACC004011,CUST04011,Savings,243912.85,0,Active,2024-10-07
ACC004012,CUST04012,Savings,196517.2,0,Active,2025-04-07
ACC004013,CUST04013,Savings,16397.64,0,Active,2018-07-08
ACC004014,CUST04014,Credit,105881.92,170513,Active,2022-09-30
ACC004015,CUST04015,Current,48929.5,0,Active,2025-06-25
ACC004016,CUST04016,Savings,117508.15,0,Active,2022-08-15
ACC004017,CUST04017,Savings,156036.91,0,Active,2022-05-01
ACC004018,CUST04018,Savings,123491.91,0,Active,2021-12-30
ACC004019,CUST04019,Savings,161532.01,0,Active,2019-02-26
ACC004020,CUST04020,Savings,90741.68,0,Active,2021-02-28
ACC004021,CUST04021,Current,125842.86,0,Active,2023-10-01
ACC004022,CUST04022,Savings,158230.78,0,Active,2019-06-17
ACC004023,CUST04023,Current,80235.02,0,Active,2025-02-11
ACC004024,CUST04024,Savings,60050.66,0,Active,2018-05-12
ACC004025,CUST04025,Savings,69928.52,0,Active,2025-08-15
ACC004026,CUST04026,Savings,99164.57,0,Active,2018-07-14
ACC004027,CUST04027,Savings,107651.29,0,Active,2022-05-22
ACC004028,CUST04028,Savings,130174.52,0,Active,2024-09-16
ACC004029,CUST04029,Credit,65403.72,265745,Active,2023-06-17
ACC004030,CUST04030,Savings,160876.06,0,Active,2025-06-12
ACC004031,CUST04031,Savings,275155.09,0,Active,2019-01-30
ACC004032,CUST04032,Savings,72866.35,0,Active,2025-08-29
ACC004033,CUST04033,Savings,360423.46,0,Active,2020-12-15
ACC004034,CUST04034,Savings,295782.13,0,Inactive,2021-05-04
ACC004035,CUST04035,Savings,107444.58,0,Active,2021-09-24
ACC004036,CUST04036,Savings,97341.33,0,Active,2025-05-05
ACC004037,CUST04037,Savings,69268.06,0,Active,2018-06-07
ACC004038,CUST04038,Savings,174545.88,0,Active,2021-11-09
ACC004039,CUST04039,Savings,111872.77,0,Active,2021-10-10
ACC004040,CUST04040,Current,119071.87,0,Active,2020-08-01
ACC004041,CUST04041,Savings,60925.62,0,Active,2019-04-26
ACC004042,CUST04042,Savings,177370.32,0,Inactive,2024-12-08
ACC004043,CUST04043,Current,92586.44,0,Active,2023-12-09
ACC004044,CUST04044,Savings,51541.28,0,Active,2022-11-22
ACC004045,CUST04045,Current,102335.19,0,Active,2023-06-09
ACC004046,CUST04046,Savings,63631.64,0,Inactive,2024-03-23
ACC004047,CUST04047,Savings,223309.02,0,Active,2022-08-16
ACC004048,CUST04048,Savings,293632.15,0,Active,2018-12-18
ACC004049,CUST04049,Savings,104130.17,0,Active,2019-11-10
ACC004050,CUST04050,Credit,193442.26,219978,Active,2020-09-29
ACC004051,CUST04051,Savings,190740.38,0,Active,2019-01-03
ACC004052,CUST04052,Savings,6672.52,0,Active,2018-05-09
ACC004053,CUST04053,Current,70000.32,0,Active,2022-12-20
ACC004054,CUST04054,Savings,114852.45,0,Active,2022-02-23
ACC004055,CUST04055,Savings,81573.78,0,Active,2020-01-03
ACC004056,CUST04056,Credit,66423.35,299339,Active,2023-01-10
ACC004057,CUST04057,Savings,197972.53,0,Active,2023-10-18
ACC004058,CUST04058,Savings,79529.86,0,Active,2023-07-03
ACC004059,CUST04059,Savings,130377.19,0,Active,2019-08-09
ACC004060,CUST04060,Savings,188283.5,0,Active,2025-06-16
ACC004061,CUST04061,Savings,230687.04,0,Active,2021-10-30
ACC004062,CUST04062,Savings,51723.21,0,Active,2024-10-06
ACC004063,CUST04063,Savings,54927.37,0,Active,2019-12-01
ACC004064,CUST04064,Savings,121972.27,0,Active,2018-08-18
ACC004065,CUST04065,Credit,23348.63,92389,Active,2018-09-12
ACC004066,CUST04066,Savings,56797.94,0,Active,2025-06-19
ACC004067,CUST04067,Savings,210246.02,0,Active,2023-01-23
ACC004068,CUST04068,Savings,153780.76,0,Active,2021-08-10
ACC004069,CUST04069,Savings,99163.8,0,Active,2018-01-05
ACC004070,CUST04070,Savings,140770.29,0,Active,2021-05-12
ACC004071,CUST04071,Savings,159883.6,0,Active,2022-10-06
ACC004072,CUST04072,Savings,39680.54,0,Active,2018-03-27
ACC004073,CUST04073,Current,78623.08,0,Active,2020-09-16
ACC004074,CUST04074,Savings,226244.32,0,Active,2022-10-10
ACC004075,CUST04075,Savings,123253.51,0,Active,2022-12-10
ACC004076,CUST04076,Savings,127590.62,0,Active,2023-01-20
ACC004077,CUST04077,Savings,104295.07,0,Active,2018-06-02
ACC004078,CUST04078,Savings,28658.76,0,Active,2020-03-09
ACC004079,CUST04079,Savings,72096.98,0,Active,2024-10-17
ACC004080,CUST04080,Savings,135901.49,0,Active,2020-02-23
ACC004081,CUST04081,Savings,79819.95,0,Active,2020-11-28
ACC004082,CUST04082,Current,53035.37,0,Active,2019-04-28
ACC004083,CUST04083,Current,57998.03,0,Active,2019-03-13
ACC004084,CUST04084,Savings,228844.49,0,Active,2021-05-02
ACC004085,CUST04085,Savings,77075.74,0,Active,2022-11-19
ACC004086,CUST04086,Current,203685.83,0,Active,2021-03-04
ACC004087,CUST04087,Savings,127938.9,0,Active,2020-01-29
ACC004088,CUST04088,Current,92274.58,0,Active,2022-02-09
ACC004089,CUST04089,Savings,64342.01,0,Active,2021-07-07
ACC004090,CUST04090,Savings,156153.39,0,Inactive,2023-11-26
ACC004091,CUST04091,Credit,189850.29,128964,Active,2018-11-05
ACC004092,CUST04092,Savings,164776.73,0,Active,2024-12-22
ACC004093,CUST04093,Credit,42791.49,272585,Active,2023-04-19
ACC004094,CUST04094,Savings,76937.97,0,Active,2022-11-01
ACC004095,CUST04095,Savings,82976.07,0,Active,2020-01-25
ACC004096,CUST04096,Savings,24245.46,0,Active,2021-08-13
ACC004097,CUST04097,Savings,139955.93,0,Active,2022-09-02
ACC004098,CUST04098,Savings,151607.56,0,Active,2019-09-30
ACC004099,CUST04099,Credit,148598.07,201269,Active,2020-06-02
ACC004100,CUST04100,Savings,134760.38,0,Active,2021-10-19
ACC004101,CUST04101,Savings,87518.51,0,Active,2025-01-26
ACC004102,CUST04102,Savings,62663.32,0,Active,2020-12-13
ACC004103,CUST04103,Savings,87323.68,0,Active,2019-07-21
ACC004104,CUST04104,Savings,128544.81,0,Active,2024-02-13
ACC004105,CUST04105,Current,214314.39,0,Active,2021-01-26
ACC004106,CUST04106,Savings,111843.66,0,Active,2022-09-26
ACC004107,CUST04107,Savings,109570.79,0,Active,2020-07-16
ACC004108,CUST04108,Savings,26076.09,0,Active,2020-09-01
ACC004109,CUST04109,Savings,133565.91,0,Active,2024-05-16
ACC004110,CUST04110,Savings,223034.65,0,Active,2021-04-23
ACC004111,CUST04111,Savings,99650.1,0,Active,2024-04-13
ACC004112,CUST04112,Savings,95088.34,0,Active,2023-01-12
ACC004113,CUST04113,Savings,83971.08,0,Active,2025-07-13
ACC004114,CUST04114,Credit,159189.28,274264,Active,2024-11-13
ACC004115,CUST04115,Credit,25086.8,192410,Active,2019-01-10
ACC004116,CUST04116,Savings,203798.71,0,Active,2022-09-25
ACC004117,CUST04117,Savings,92518.95,0,Active,2018-09-21
ACC004118,CUST04118,Savings,134985.95,0,Active,2019-04-16
ACC004119,CUST04119,Savings,166336.59,0,Active,2025-04-07
ACC004120,CUST04120,Credit,57513.38,156681,Active,2025-07-10
ACC004121,CUST04121,Savings,105370.89,0,Active,2022-06-04
ACC004122,CUST04122,Savings,91280.65,0,Active,2021-08-26
ACC004123,CUST04123,Savings,48410.6,0,Active,2021-05-23
ACC004124,CUST04124,Savings,189004.26,0,Active,2021-07-01
ACC004125,CUST04125,Savings,86727.52,0,Active,2022-12-24
ACC004126,CUST04126,Savings,47006.58,0,Active,2020-10-26
ACC004127,CUST04127,Savings,109281.85,0,Active,2025-06-23
ACC004128,CUST04128,Savings,38105.67,0,Active,2019-10-12
ACC004129,CUST04129,Savings,79836.58,0,Active,2022-06-20
ACC004130,CUST04130,Savings,127042.49,0,Active,2022-03-01
ACC004131,CUST04131,Current,35192.1,0,Active,2021-09-08
ACC004132,CUST04132,Current,153409.8,0,Active,2018-09-14
ACC004133,CUST04133,Credit,112733.25,80779,Active,2024-07-11
ACC004134,CUST04134,Current,166879.74,0,Active,2021-03-03
ACC004135,CUST04135,Savings,165827.75,0,Active,2022-02-22
ACC004136,CUST04136,Savings,78076.0,0,Active,2025-03-02
ACC004137,CUST04137,Savings,79458.58,0,Active,2020-11-10
ACC004138,CUST04138,Credit,140825.43,175780,Active,2021-03-22
ACC004139,CUST04139,Current,51489.6,0,Active,2019-11-23
ACC004140,CUST04140,Savings,51728.53,0,Active,2024-11-16
ACC004141,CUST04141,Savings,71238.37,0,Active,2018-08-31
ACC004142,CUST04142,Savings,40621.68,0,Active,2022-12-11
ACC004143,CUST04143,Credit,46627.54,80889,Active,2023-05-16
ACC004144,CUST04144,Current,47738.27,0,Active,2023-05-25
ACC004145,CUST04145,Savings,86926.46,0,Active,2022-05-23
ACC004146,CUST04146,Savings,84432.09,0,Active,2018-07-22
ACC004147,CUST04147,Savings,181358.71,0,Active,2020-02-01
ACC004148,CUST04148,Savings,87903.93,0,Active,2018-08-02
ACC004149,CUST04149,Savings,100559.43,0,Inactive,2024-06-23
ACC004150,CUST04150,Savings,264310.94,0,Active,2018-03-28
ACC004151,CUST04151,Savings,16947.94,0,Active,2021-02-24
ACC004152,CUST04152,Savings,119946.22,0,Active,2020-04-21
ACC004153,CUST04153,Credit,92605.06,114317,Active,2022-06-20
ACC004154,CUST04154,Savings,127157.18,0,Inactive,2021-02-15
ACC004155,CUST04155,Savings,74171.35,0,Active,2018-02-12
ACC004156,CUST04156,Savings,87553.16,0,Active,2020-09-07
ACC004157,CUST04157,Savings,208753.26,0,Active,2025-06-23
ACC004158,CUST04158,Savings,139707.66,0,Active,2021-07-23
ACC004159,CUST04159,Current,90314.04,0,Active,2020-04-12
ACC004160,CUST04160,Savings,63666.78,0,Active,2022-12-06
ACC004161,CUST04161,Savings,51360.2,0,Active,2020-03-04
ACC004162,CUST04162,Savings,77212.99,0,Inactive,2021-09-14
ACC004163,CUST04163,Savings,95358.87,0,Active,2021-02-12
ACC004164,CUST04164,Savings,263757.76,0,Active,2025-08-03
ACC004165,CUST04165,Current,114825.1,0,Active,2023-05-23
ACC004166,CUST04166,Savings,68744.8,0,Active,2018-07-13
ACC004167,CUST04167,Savings,17018.36,0,Active,2018-01-22
ACC004168,CUST04168,Savings,62464.39,0,Inactive,2021-10-27
ACC004169,CUST04169,Savings,77280.08,0,Active,2023-12-14
ACC004170,CUST04170,Credit,121492.98,297074,Active,2022-05-12
ACC004171,CUST04171,Savings,79097.23,0,Active,2021-07-07
ACC004172,CUST04172,Savings,270650.52,0,Active,2021-03-12
ACC004173,CUST04173,Current,91312.43,0,Active,2018-02-21
ACC004174,CUST04174,Savings,184847.6,0,Active,2022-02-19
ACC004175,CUST04175,Current,32993.53,0,Active,2023-04-17
ACC004176,CUST04176,Current,101962.23,0,Active,2023-02-11
ACC004177,CUST04177,Savings,62902.7,0,Active,2021-01-17
ACC004178,CUST04178,Savings,187740.41,0,Active,2022-02-01
ACC004179,CUST04179,Savings,82428.0,0,Active,2021-04-26
ACC004180,CUST04180,Savings,212040.02,0,Active,2023-11-26
ACC004181,CUST04181,Savings,152230.06,0,Active,2020-11-26
ACC004182,CUST04182,Savings,75709.53,0,Active,2023-10-08
ACC004183,CUST04183,Savings,50699.95,0,Active,2020-08-11
ACC004184,CUST04184,Savings,65449.26,0,Active,2019-03-10
ACC004185,CUST04185,Savings,87618.14,0,Active,2019-11-18
ACC004186,CUST04186,Savings,151669.05,0,Active,2025-05-31
ACC004187,CUST04187,Savings,104079.88,0,Active,2024-10-03
ACC004188,CUST04188,Current,167471.91,0,Active,2022-06-02
ACC004189,CUST04189,Savings,221288.49,0,Active,2020-01-31
ACC004190,CUST04190,Savings,107443.41,0,Active,2022-05-27
ACC004191,CUST04191,Current,54571.87,0,Active,2023-05-10
ACC004192,CUST04192,Savings,130609.75,0,Inactive,2022-06-25
ACC004193,CUST04193,Savings,287307.01,0,Active,2025-01-31
ACC004194,CUST04194,Savings,172847.23,0,Active,2022-11-21
ACC004195,CUST04195,Savings,124878.1,0,Active,2018-07-23
ACC004196,CUST04196,Savings,59422.59,0,Active,2021-02-20
ACC004197,CUST04197,Current,93314.27,0,Active,2025-03-11
ACC004198,CUST04198,Current,34607.37,0,Active,2020-09-09
ACC004199,CUST04199,Savings,48626.19,0,Active,2020-12-23
ACC004200,CUST04200,Savings,132178.36,0,Active,2020-04-02
ACC004201,CUST04201,Savings,29116.11,0,Active,2019-03-13
ACC004202,CUST04202,Savings,84926.78,0,Active,2021-11-14
ACC004203,CUST04203,Savings,44990.63,0,Active,2024-07-05
ACC004204,CUST04204,Current,50302.72,0,Active,2018-12-31
ACC004205,CUST04205,Savings,108624.81,0,Active,2024-12-14
ACC004206,CUST04206,Savings,65508.37,0,Active,2020-08-21
ACC004207,CUST04207,Current,38888.7,0,Active,2020-12-05
ACC004208,CUST04208,Savings,74010.78,0,Active,2019-07-15
ACC004209,CUST04209,Savings,37907.78,0,Active,2020-02-17
ACC004210,CUST04210,Savings,204729.24,0,Active,2023-08-23
ACC004211,CUST04211,Savings,156456.66,0,Active,2022-08-04
ACC004212,CUST04212,Savings,156059.9,0,Active,2023-02-03
ACC004213,CUST04213,Savings,61440.38,0,Active,2020-11-21
ACC004214,CUST04214,Savings,134708.5,0,Active,2018-06-10
ACC004215,CUST04215,Savings,118143.17,0,Active,2025-05-20
ACC004216,CUST04216,Savings,64536.85,0,Active,2019-06-07
ACC004217,CUST04217,Savings,100142.65,0,Active,2019-06-04
ACC004218,CUST04218,Savings,33379.11,0,Active,2022-02-25
ACC004219,CUST04219,Credit,51628.1,100738,Active,2024-09-21
ACC004220,CUST04220,Credit,98467.95,262357,Active,2025-06-15
ACC004221,CUST04221,Savings,76748.78,0,Active,2021-06-20
ACC004222,CUST04222,Current,127904.32,0,Active,2025-01-15
ACC004223,CUST04223,Savings,65676.35,0,Inactive,2025-06-22
ACC004224,CUST04224,Savings,83976.23,0,Active,2023-07-22
ACC004225,CUST04225,Savings,103508.8,0,Active,2020-01-19
ACC004226,CUST04226,Savings,62130.53,0,Active,2018-05-03
ACC004227,CUST04227,Credit,83079.32,103731,Active,2024-08-14
ACC004228,CUST04228,Savings,117657.78,0,Active,2023-04-20
ACC004229,CUST04229,Savings,237154.71,0,Active,2021-02-14
ACC004230,CUST04230,Savings,62375.89,0,Active,2018-10-05
ACC004231,CUST04231,Savings,76982.95,0,Active,2021-07-13
ACC004232,CUST04232,Savings,171880.68,0,Active,2024-01-06
ACC004233,CUST04233,Savings,196029.47,0,Active,2022-09-11
ACC004234,CUST04234,Savings,142139.02,0,Active,2020-03-08
ACC004235,CUST04235,Savings,193219.71,0,Active,2020-09-26
ACC004236,CUST04236,Savings,60069.53,0,Active,2021-03-20
ACC004237,CUST04237,Savings,182962.37,0,Active,2018-11-14
ACC004238,CUST04238,Savings,159605.24,0,Active,2018-03-26
ACC004239,CUST04239,Savings,49834.69,0,Active,2020-07-25
ACC004240,CUST04240,Savings,84745.98,0,Active,2018-07-24
ACC004241,CUST04241,Savings,20575.44,0,Active,2025-06-14
ACC004242,CUST04242,Savings,112613.14,0,Active,2020-03-02
ACC004243,CUST04243,Current,181095.4,0,Inactive,2019-02-01
ACC004244,CUST04244,Savings,74491.03,0,Active,2020-06-03
ACC004245,CUST04245,Savings,53887.82,0,Active,2024-09-22
ACC004246,CUST04246,Savings,51367.21,0,Active,2022-05-30
ACC004247,CUST04247,Savings,102579.4,0,Active,2025-04-28
ACC004248,CUST04248,Savings,141412.29,0,Active,2018-12-26
ACC004249,CUST04249,Current,239938.58,0,Active,2020-12-10
ACC004250,CUST04250,Savings,19139.88,0,Active,2020-05-26
ACC004251,CUST04251,Current,223755.84,0,Active,2024-05-20
ACC004252,CUST04252,Credit,116216.6,121307,Active,2023-05-31
ACC004253,CUST04253,Current,176293.08,0,Active,2020-11-10
ACC004254,CUST04254,Current,154328.66,0,Active,2020-09-12
ACC004255,CUST04255,Savings,106400.85,0,Active,2023-05-02
ACC004256,CUST04256,Savings,103994.23,0,Active,2019-10-04
ACC004257,CUST04257,Savings,130029.05,0,Active,2022-05-02
ACC004258,CUST04258,Savings,88824.23,0,Active,2020-09-24
ACC004259,CUST04259,Savings,93257.85,0,Active,2023-04-15
ACC004260,CUST04260,Savings,145389.9,0,Active,2019-07-05
ACC004261,CUST04261,Savings,62227.34,0,Active,2024-05-18
ACC004262,CUST04262,Current,185692.5,0,Active,2022-04-28
ACC004263,CUST04263,Savings,177123.75,0,Active,2022-05-21
ACC004264,CUST04264,Current,77233.45,0,Active,2021-12-29
ACC004265,CUST04265,Savings,146214.45,0,Active,2019-11-06
ACC004266,CUST04266,Credit,135727.48,152882,Active,2025-03-25
ACC004267,CUST04267,Savings,72230.2,0,Active,2021-07-11
ACC004268,CUST04268,Savings,152370.58,0,Active,2019-11-28
ACC004269,CUST04269,Savings,232794.34,0,Active,2018-01-19
ACC004270,CUST04270,Savings,189240.93,0,Active,2024-09-01
ACC004271,CUST04271,Current,38566.54,0,Active,2020-04-22
ACC004272,CUST04272,Savings,138446.13,0,Active,2021-09-17
ACC004273,CUST04273,Savings,172443.63,0,Active,2020-12-15
ACC004274,CUST04274,Savings,69247.92,0,Active,2025-03-28
ACC004275,CUST04275,Current,185712.04,0,Active,2021-06-17
ACC004276,CUST04276,Current,64244.72,0,Active,2025-08-29
ACC004277,CUST04277,Savings,88263.75,0,Active,2025-05-02
ACC004278,CUST04278,Savings,65888.39,0,Active,2023-07-03
ACC004279,CUST04279,Savings,58997.2,0,Active,2023-03-22
ACC004280,CUST04280,Savings,129909.25,0,Active,2022-08-23
ACC004281,CUST04281,Savings,41133.37,0,Active,2025-05-07
ACC004282,CUST04282,Current,91312.69,0,Active,2024-10-22
ACC004283,CUST04283,Savings,129947.33,0,Active,2025-03-30
ACC004284,CUST04284,Savings,66492.34,0,Active,2020-01-16
ACC004285,CUST04285,Savings,203640.93,0,Active,2020-05-10
ACC004286,CUST04286,Credit,95819.0,110578,Active,2022-08-27
ACC004287,CUST04287,Savings,253329.69,0,Active,2021-02-26
ACC004288,CUST04288,Savings,37827.54,0,Active,2023-12-24
ACC004289,CUST04289,Savings,132906.45,0,Active,2025-08-21
ACC004290,CUST04290,Credit,117915.74,159131,Active,2021-02-04
ACC004291,CUST04291,Savings,82385.25,0,Active,2023-11-02
ACC004292,CUST04292,Savings,106783.95,0,Active,2021-03-20
ACC004293,CUST04293,Credit,144355.51,197676,Active,2018-12-31
ACC004294,CUST04294,Savings,160039.28,0,Active,2024-03-21
ACC004295,CUST04295,Current,97746.64,0,Active,2020-03-14
ACC004296,CUST04296,Savings,133896.89,0,Active,2019-02-08
ACC004297,CUST04297,Credit,62028.56,261080,Active,2021-11-03
ACC004298,CUST04298,Credit,161792.75,64793,Active,2018-02-23
ACC004299,CUST04299,Current,225865.7,0,Active,2022-08-01
ACC004300,CUST04300,Savings,168808.19,0,Active,2024-04-08
ACC004301,CUST04301,Current,65979.06,0,Active,2025-06-09
ACC004302,CUST04302,Savings,55611.69,0,Active,2021-01-25
ACC004303,CUST04303,Savings,340967.28,0,Active,2023-12-16
ACC004304,CUST04304,Savings,217600.12,0,Active,2018-11-24
ACC004305,CUST04305,Savings,160369.55,0,Active,2020-09-17
ACC004306,CUST04306,Savings,234143.23,0,Active,2024-09-03
ACC004307,CUST04307,Savings,104702.08,0,Active,2023-08-06
ACC004308,CUST04308,Savings,158708.58,0,Active,2020-12-08
ACC004309,CUST04309,Credit,202447.94,130001,Active,2021-12-29
ACC004310,CUST04310,Savings,88797.63,0,Active,2019-10-12
ACC004311,CUST04311,Current,138387.79,0,Active,2025-03-02
ACC004312,CUST04312,Savings,190046.57,0,Active,2024-03-21
ACC004313,CUST04313,Savings,52996.09,0,Active,2025-01-01
ACC004314,CUST04314,Credit,83381.44,51886,Active,2021-06-16
ACC004315,CUST04315,Savings,187672.21,0,Active,2023-11-18
ACC004316,CUST04316,Savings,119805.23,0,Active,2025-07-08
ACC004317,CUST04317,Savings,110613.43,0,Active,2022-08-19
ACC004318,CUST04318,Savings,102933.22,0,Active,2020-07-10
ACC004319,CUST04319,Savings,198593.57,0,Active,2019-09-06
ACC004320,CUST04320,Savings,56932.6,0,Active,2020-07-01
ACC004321,CUST04321,Current,79879.24,0,Inactive,2018-01-05
ACC004322,CUST04322,Savings,40879.86,0,Inactive,2018-07-22
ACC004323,CUST04323,Savings,87109.87,0,Active,2024-08-05
ACC004324,CUST04324,Savings,116373.36,0,Active,2019-04-22
ACC004325,CUST04325,Savings,26128.81,0,Active,2025-08-23
ACC004326,CUST04326,Savings,62664.17,0,Active,2019-12-30
ACC004327,CUST04327,Savings,119698.2,0,Active,2023-11-11
ACC004328,CUST04328,Current,137134.2,0,Active,2018-06-23
ACC004329,CUST04329,Savings,263445.06,0,Active,2018-10-01
ACC004330,CUST04330,Savings,148975.37,0,Active,2020-02-22
ACC004331,CUST04331,Savings,95455.68,0,Active,2024-08-07
ACC004332,CUST04332,Savings,114533.36,0,Active,2023-03-12
ACC004333,CUST04333,Current,116865.36,0,Active,2023-03-19
ACC004334,CUST04334,Savings,79960.4,0,Active,2025-05-03
ACC004335,CUST04335,Credit,122711.78,77089,Active,2023-09-09
ACC004336,CUST04336,Savings,77533.13,0,Active,2019-12-03
ACC004337,CUST04337,Savings,126302.3,0,Active,2022-01-26
ACC004338,CUST04338,Savings,102869.69,0,Active,2020-11-22
ACC004339,CUST04339,Savings,92876.49,0,Active,2022-02-01
ACC004340,CUST04340,Savings,94513.36,0,Active,2020-01-05
ACC004341,CUST04341,Current,163069.47,0,Active,2022-11-19
ACC004342,CUST04342,Savings,154333.09,0,Active,2018-05-17
ACC004343,CUST04343,Savings,89968.88,0,Active,2020-10-31
ACC004344,CUST04344,Savings,159533.12,0,Active,2018-07-21
ACC004345,CUST04345,Current,101663.71,0,Active,2021-04-26
ACC004346,CUST04346,Savings,102610.97,0,Active,2019-07-21
ACC004347,CUST04347,Credit,80004.51,287810,Active,2021-01-01
ACC004348,CUST04348,Savings,248219.6,0,Active,2024-03-24
ACC004349,CUST04349,Savings,233852.1,0,Active,2025-08-03
ACC004350,CUST04350,Credit,69560.77,176503,Active,2019-04-21
ACC004351,CUST04351,Savings,86721.17,0,Active,2022-01-28
ACC004352,CUST04352,Current,131969.11,0,Active,2022-03-06
ACC004353,CUST04353,Savings,146076.58,0,Active,2024-08-01
ACC004354,CUST04354,Savings,53747.02,0,Active,2021-01-06
ACC004355,CUST04355,Savings,59994.02,0,Active,2020-05-02
ACC004356,CUST04356,Savings,7803.79,0,Active,2019-01-20
ACC004357,CUST04357,Savings,146339.43,0,Active,2019-02-18
ACC004358,CUST04358,Savings,38323.4,0,Active,2018-11-25
ACC004359,CUST04359,Savings,69948.58,0,Active,2023-06-29
ACC004360,CUST04360,Savings,173296.49,0,Active,2023-07-06
ACC004361,CUST04361,Savings,168828.85,0,Active,2023-01-23
ACC004362,CUST04362,Savings,240708.75,0,Active,2024-06-17
ACC004363,CUST04363,Savings,285452.06,0,Active,2025-03-14
ACC004364,CUST04364,Savings,417930.14,0,Active,2020-09-04
ACC004365,CUST04365,Savings,85162.51,0,Active,2024-07-15
ACC004366,CUST04366,Savings,72984.95,0,Active,2019-05-03
ACC004367,CUST04367,Savings,134912.92,0,Active,2020-11-18
ACC004368,CUST04368,Savings,41587.36,0,Active,2022-02-17
ACC004369,CUST04369,Savings,91819.1,0,Inactive,2020-04-03
ACC004370,CUST04370,Savings,116185.57,0,Active,2019-09-21
ACC004371,CUST04371,Credit,140819.43,232433,Active,2021-01-26
ACC004372,CUST04372,Savings,149584.38,0,Active,2022-07-23
ACC004373,CUST04373,Credit,90093.05,223195,Active,2023-07-27
ACC004374,CUST04374,Savings,46132.14,0,Active,2022-09-12
ACC004375,CUST04375,Savings,53251.59,0,Active,2025-07-22
ACC004376,CUST04376,Savings,23612.85,0,Active,2019-11-25
ACC004377,CUST04377,Savings,74666.51,0,Active,2024-07-19
ACC004378,CUST04378,Savings,40892.4,0,Active,2019-07-15
ACC004379,CUST04379,Savings,77983.45,0,Active,2021-02-17
ACC004380,CUST04380,Savings,134133.27,0,Inactive,2024-10-02
ACC004381,CUST04381,Savings,46895.14,0,Active,2020-09-23
ACC004382,CUST04382,Savings,112355.94,0,Active,2020-07-29
ACC004383,CUST04383,Savings,89497.07,0,Active,2022-07-28
ACC004384,CUST04384,Savings,130083.27,0,Active,2019-05-25
ACC004385,CUST04385,Savings,147975.14,0,Active,2018-01-21
ACC004386,CUST04386,Credit,86083.74,93312,Active,2023-08-03
ACC004387,CUST04387,Savings,106812.5,0,Active,2025-08-02
ACC004388,CUST04388,Savings,89713.94,0,Active,2018-11-29
ACC004389,CUST04389,Savings,79501.88,0,Active,2024-04-12
ACC004390,CUST04390,Current,67688.86,0,Active,2020-01-07
ACC004391,CUST04391,Savings,140225.32,0,Active,2024-06-13
ACC004392,CUST04392,Savings,217219.93,0,Active,2022-04-03
ACC004393,CUST04393,Savings,202906.25,0,Active,2024-05-29
ACC004394,CUST04394,Current,43840.94,0,Active,2020-07-06
ACC004395,CUST04395,Savings,214981.56,0,Active,2025-04-13
ACC004396,CUST04396,Savings,57747.45,0,Active,2020-01-19
ACC004397,CUST04397,Savings,116212.13,0,Active,2019-11-18
ACC004398,CUST04398,Savings,128499.29,0,Active,2020-05-22
ACC004399,CUST04399,Savings,36111.49,0,Active,2022-12-24
ACC004400,CUST04400,Current,95660.57,0,Active,2018-06-30
ACC004401,CUST04401,Savings,222462.82,0,Active,2024-05-19
ACC004402,CUST04402,Savings,17470.9,0,Active,2018-07-01
ACC004403,CUST04403,Savings,355505.12,0,Active,2023-04-09
ACC004404,CUST04404,Savings,22747.37,0,Active,2024-03-16
ACC004405,CUST04405,Savings,126608.42,0,Active,2023-04-12
ACC004406,CUST04406,Savings,37417.64,0,Active,2022-10-01
ACC004407,CUST04407,Savings,138442.84,0,Active,2023-01-13
ACC004408,CUST04408,Savings,197920.03,0,Active,2021-11-10
ACC004409,CUST04409,Savings,168413.53,0,Inactive,2024-11-17
ACC004410,CUST04410,Savings,184139.12,0,Active,2022-08-11
ACC004411,CUST04411,Savings,89962.83,0,Active,2024-03-15
ACC004412,CUST04412,Savings,39204.51,0,Active,2024-07-30
ACC004413,CUST04413,Savings,221597.21,0,Active,2023-10-08
ACC004414,CUST04414,Savings,310960.86,0,Active,2018-01-24
ACC004415,CUST04415,Savings,112743.19,0,Active,2023-01-28
ACC004416,CUST04416,Savings,83695.39,0,Inactive,2022-12-07
ACC004417,CUST04417,Savings,63392.11,0,Active,2022-06-30
ACC004418,CUST04418,Savings,162263.16,0,Active,2024-01-26
ACC004419,CUST04419,Savings,189106.55,0,Active,2023-04-07
ACC004420,CUST04420,Current,83718.68,0,Active,2024-01-30
ACC004421,CUST04421,Savings,248728.46,0,Active,2019-04-02
ACC004422,CUST04422,Credit,154562.38,251127,Active,2023-08-22
ACC004423,CUST04423,Savings,111972.33,0,Active,2019-08-14
ACC004424,CUST04424,Savings,129033.0,0,Active,2024-01-12
ACC004425,CUST04425,Savings,54276.66,0,Active,2022-05-11
ACC004426,CUST04426,Savings,161208.68,0,Active,2024-04-19
ACC004427,CUST04427,Savings,56767.63,0,Active,2021-02-28
ACC004428,CUST04428,Savings,77009.49,0,Active,2019-06-22
ACC004429,CUST04429,Savings,101978.05,0,Active,2025-08-02
ACC004430,CUST04430,Savings,283783.37,0,Active,2018-12-07
ACC004431,CUST04431,Savings,122992.55,0,Active,2023-07-14
ACC004432,CUST04432,Current,60633.78,0,Active,2024-08-10
ACC004433,CUST04433,Savings,129317.1,0,Active,2019-02-12
ACC004434,CUST04434,Savings,149260.84,0,Active,2018-02-14
ACC004435,CUST04435,Savings,206753.93,0,Active,2021-01-06
ACC004436,CUST04436,Credit,105088.13,125856,Active,2024-07-25
ACC004437,CUST04437,Current,66808.65,0,Active,2020-11-11
ACC004438,CUST04438,Savings,325917.13,0,Active,2019-09-04
ACC004439,CUST04439,Savings,129483.25,0,Active,2018-08-16
ACC004440,CUST04440,Savings,60887.26,0,Active,2019-09-01
ACC004441,CUST04441,Credit,104523.98,226712,Active,2022-03-19
ACC004442,CUST04442,Savings,77034.65,0,Active,2020-06-24
ACC004443,CUST04443,Savings,213801.18,0,Active,2022-07-30
ACC004444,CUST04444,Savings,148438.6,0,Active,2024-04-09
ACC004445,CUST04445,Savings,87509.39,0,Active,2018-12-02
ACC004446,CUST04446,Savings,189170.63,0,Active,2022-08-12
ACC004447,CUST04447,Savings,99419.42,0,Active,2025-03-05
ACC004448,CUST04448,Credit,103059.85,210389,Inactive,2024-10-15
ACC004449,CUST04449,Credit,65597.36,56835,Active,2024-09-21
ACC004450,CUST04450,Current,65252.84,0,Active,2018-11-09
ACC004451,CUST04451,Savings,313847.15,0,Active,2021-05-10
ACC004452,CUST04452,Savings,184136.8,0,Active,2024-11-16
ACC004453,CUST04453,Savings,26688.1,0,Active,2023-06-30
ACC004454,CUST04454,Credit,55839.12,94186,Active,2022-11-20
ACC004455,CUST04455,Savings,48111.46,0,Active,2021-03-16
ACC004456,CUST04456,Savings,110627.71,0,Active,2018-05-09
ACC004457,CUST04457,Savings,81795.05,0,Active,2018-07-07
ACC004458,CUST04458,Savings,237925.83,0,Active,2024-05-25
ACC004459,CUST04459,Savings,86723.09,0,Active,2022-04-08
ACC004460,CUST04460,Savings,296007.39,0,Active,2020-11-30
ACC004461,CUST04461,Credit,101287.04,109633,Active,2021-08-31
ACC004462,CUST04462,Savings,332031.85,0,Active,2020-02-02
ACC004463,CUST04463,Savings,93988.31,0,Active,2018-08-26
ACC004464,CUST04464,Current,95139.27,0,Active,2021-02-01
ACC004465,CUST04465,Credit,181827.47,132139,Active,2020-08-27
ACC004466,CUST04466,Savings,166956.43,0,Active,2023-06-02
ACC004467,CUST04467,Savings,42534.12,0,Active,2022-06-13
ACC004468,CUST04468,Current,112239.53,0,Active,2024-02-12
ACC004469,CUST04469,Savings,81315.82,0,Active,2020-10-28
ACC004470,CUST04470,Savings,77799.25,0,Active,2024-01-14
ACC004471,CUST04471,Current,111913.81,0,Active,2020-08-29
ACC004472,CUST04472,Current,88929.81,0,Active,2019-06-09
ACC004473,CUST04473,Savings,119073.17,0,Active,2023-04-18
ACC004474,CUST04474,Savings,54124.38,0,Active,2024-04-16
ACC004475,CUST04475,Savings,35529.5,0,Active,2022-01-04
ACC004476,CUST04476,Savings,185819.41,0,Active,2018-11-22
ACC004477,CUST04477,Savings,202236.08,0,Active,2019-06-27
ACC004478,CUST04478,Savings,179276.25,0,Active,2018-06-26
ACC004479,CUST04479,Current,108925.07,0,Active,2022-08-01
ACC004480,CUST04480,Savings,84697.19,0,Active,2022-01-17
ACC004481,CUST04481,Savings,71159.06,0,Active,2024-05-17
ACC004482,CUST04482,Current,62713.52,0,Active,2020-01-04
ACC004483,CUST04483,Savings,101355.55,0,Active,2021-09-11
ACC004484,CUST04484,Savings,199425.45,0,Active,2019-08-11
ACC004485,CUST04485,Credit,67291.58,199892,Active,2022-04-15
ACC004486,CUST04486,Current,199619.7,0,Active,2019-02-01
ACC004487,CUST04487,Savings,36937.79,0,Active,2025-01-08
ACC004488,CUST04488,Savings,122774.62,0,Active,2023-11-22
ACC004489,CUST04489,Savings,138093.42,0,Active,2020-02-28
ACC004490,CUST04490,Savings,76127.64,0,Inactive,2022-12-08
ACC004491,CUST04491,Credit,51713.09,172347,Active,2023-01-06
ACC004492,CUST04492,Savings,172029.99,0,Active,2025-07-10
ACC004493,CUST04493,Savings,109426.77,0,Active,2020-05-15
ACC004494,CUST04494,Current,388216.31,0,Active,2024-07-30
ACC004495,CUST04495,Savings,201146.49,0,Active,2019-09-21
ACC004496,CUST04496,Savings,202052.21,0,Active,2022-07-30
ACC004497,CUST04497,Savings,14224.63,0,Active,2018-01-10
ACC004498,CUST04498,Savings,68178.74,0,Active,2018-10-01
ACC004499,CUST04499,Savings,47519.44,0,Active,2019-08-02
ACC004500,CUST04500,Savings,22544.03,0,Active,2022-07-10
ACC004501,CUST04501,Savings,104182.9,0,Active,2020-11-15
ACC004502,CUST04502,Credit,169584.56,155786,Active,2025-04-14
ACC004503,CUST04503,Savings,55301.78,0,Active,2018-12-14
ACC004504,CUST04504,Current,23693.37,0,Active,2020-05-04
ACC004505,CUST04505,Credit,58503.78,50774,Active,2018-01-04
ACC004506,CUST04506,Savings,96568.5,0,Active,2025-03-09
ACC004507,CUST04507,Savings,92202.6,0,Active,2018-12-12
ACC004508,CUST04508,Credit,107356.99,105083,Active,2023-02-26
ACC004509,CUST04509,Credit,136420.44,119413,Active,2025-03-05
ACC004510,CUST04510,Savings,105756.54,0,Active,2021-06-03
ACC004511,CUST04511,Credit,175002.01,98841,Inactive,2019-01-08
ACC004512,CUST04512,Savings,56017.51,0,Active,2024-05-11
ACC004513,CUST04513,Savings,89809.25,0,Active,2025-02-13
ACC004514,CUST04514,Savings,149625.08,0,Active,2023-07-14
ACC004515,CUST04515,Savings,126108.48,0,Active,2022-01-27
ACC004516,CUST04516,Savings,276729.4,0,Active,2025-02-18
ACC004517,CUST04517,Savings,57648.27,0,Active,2022-10-23
ACC004518,CUST04518,Savings,151192.76,0,Active,2025-07-02
ACC004519,CUST04519,Current,70577.99,0,Active,2018-11-10
ACC004520,CUST04520,Savings,65539.0,0,Active,2019-11-04
ACC004521,CUST04521,Savings,194345.01,0,Active,2024-04-07
ACC004522,CUST04522,Current,105029.79,0,Active,2024-12-27
ACC004523,CUST04523,Current,124839.32,0,Active,2019-06-16
ACC004524,CUST04524,Savings,74171.16,0,Inactive,2021-09-06
ACC004525,CUST04525,Savings,76994.04,0,Active,2022-06-06
ACC004526,CUST04526,Savings,35003.37,0,Active,2025-08-05
ACC004527,CUST04527,Savings,119008.88,0,Active,2020-12-23
ACC004528,CUST04528,Savings,52298.82,0,Active,2020-05-31
ACC004529,CUST04529,Savings,97675.46,0,Active,2023-12-01
ACC004530,CUST04530,Savings,174894.08,0,Active,2025-07-30
ACC004531,CUST04531,Savings,27841.84,0,Active,2019-01-26
ACC004532,CUST04532,Savings,445900.98,0,Active,2018-01-16
ACC004533,CUST04533,Savings,64644.16,0,Active,2020-08-22
ACC004534,CUST04534,Savings,99417.57,0,Active,2022-11-27
ACC004535,CUST04535,Savings,124748.46,0,Active,2024-01-17
ACC004536,CUST04536,Savings,63206.68,0,Active,2022-11-05
ACC004537,CUST04537,Savings,78777.23,0,Active,2018-08-21
ACC004538,CUST04538,Savings,197941.84,0,Active,2019-12-25
ACC004539,CUST04539,Savings,164150.69,0,Active,2020-07-01
ACC004540,CUST04540,Savings,91001.58,0,Active,2023-02-11
ACC004541,CUST04541,Current,106547.26,0,Active,2021-12-20
ACC004542,CUST04542,Savings,116074.01,0,Active,2023-03-22
ACC004543,CUST04543,Savings,147376.29,0,Active,2024-05-08
ACC004544,CUST04544,Credit,153521.41,77343,Active,2025-04-08
ACC004545,CUST04545,Savings,151188.16,0,Active,2020-12-04
ACC004546,CUST04546,Credit,82062.77,103359,Active,2019-12-17
ACC004547,CUST04547,Current,113857.35,0,Active,2024-01-06
ACC004548,CUST04548,Credit,186058.19,78942,Active,2019-06-15
ACC004549,CUST04549,Current,325451.55,0,Inactive,2019-06-01
ACC004550,CUST04550,Savings,111954.4,0,Active,2019-09-06
ACC004551,CUST04551,Savings,75119.7,0,Active,2023-11-25
ACC004552,CUST04552,Savings,62411.89,0,Active,2023-09-20
ACC004553,CUST04553,Savings,151866.52,0,Active,2019-02-02
ACC004554,CUST04554,Savings,33788.84,0,Active,2018-09-13
ACC004555,CUST04555,Current,152750.63,0,Active,2019-05-02
ACC004556,CUST04556,Savings,154299.21,0,Active,2020-08-09
ACC004557,CUST04557,Savings,76877.83,0,Active,2019-09-04
ACC004558,CUST04558,Savings,123114.8,0,Active,2018-04-03
ACC004559,CUST04559,Savings,92888.58,0,Active,2024-01-01
ACC004560,CUST04560,Savings,41149.62,0,Active,2023-08-02
ACC004561,CUST04561,Current,146342.83,0,Active,2018-11-29
ACC004562,CUST04562,Savings,138799.11,0,Active,2024-06-04
ACC004563,CUST04563,Current,80829.11,0,Active,2025-08-27
ACC004564,CUST04564,Savings,322610.21,0,Active,2019-06-24
ACC004565,CUST04565,Current,107084.05,0,Active,2021-01-04
ACC004566,CUST04566,Savings,25758.43,0,Active,2021-08-11
ACC004567,CUST04567,Credit,191590.88,90693,Active,2023-09-21
ACC004568,CUST04568,Current,166887.44,0,Active,2018-10-18
ACC004569,CUST04569,Credit,178207.32,208799,Active,2020-04-11
ACC004570,CUST04570,Savings,54310.8,0,Active,2019-11-06
ACC004571,CUST04571,Current,121180.97,0,Active,2020-09-23
ACC004572,CUST04572,Savings,105991.89,0,Active,2023-09-11
ACC004573,CUST04573,Savings,95707.6,0,Active,2019-10-11
ACC004574,CUST04574,Savings,220170.18,0,Active,2024-08-22
ACC004575,CUST04575,Savings,107978.1,0,Active,2022-10-10
ACC004576,CUST04576,Savings,82623.59,0,Active,2022-10-18
ACC004577,CUST04577,Savings,82100.56,0,Active,2020-05-21
ACC004578,CUST04578,Savings,51484.71,0,Active,2023-06-10
ACC004579,CUST04579,Savings,114352.16,0,Active,2025-05-07
ACC004580,CUST04580,Savings,229701.0,0,Inactive,2021-03-07
ACC004581,CUST04581,Savings,86919.32,0,Active,2025-05-12
ACC004582,CUST04582,Current,125206.51,0,Active,2022-10-19
ACC004583,CUST04583,Savings,94779.91,0,Active,2020-11-23
ACC004584,CUST04584,Savings,101125.91,0,Active,2020-06-13
ACC004585,CUST04585,Savings,171165.98,0,Active,2023-03-02
ACC004586,CUST04586,Savings,51019.44,0,Active,2018-03-25
ACC004587,CUST04587,Current,36364.24,0,Active,2020-02-24
ACC004588,CUST04588,Current,191754.98,0,Active,2023-09-06
ACC004589,CUST04589,Savings,75546.16,0,Active,2024-01-28
ACC004590,CUST04590,Credit,83245.41,145030,Inactive,2025-03-08
ACC004591,CUST04591,Savings,361528.03,0,Active,2024-07-18
ACC004592,CUST04592,Savings,166290.03,0,Inactive,2022-06-10
ACC004593,CUST04593,Savings,59585.93,0,Active,2023-06-19
ACC004594,CUST04594,Savings,199368.87,0,Active,2023-02-10
ACC004595,CUST04595,Savings,168511.13,0,Active,2021-01-31
ACC004596,CUST04596,Savings,6787.51,0,Active,2021-07-13
ACC004597,CUST04597,Current,116882.71,0,Active,2024-03-23
ACC004598,CUST04598,Savings,52796.14,0,Active,2019-09-05
ACC004599,CUST04599,Current,100997.65,0,Active,2022-07-01
ACC004600,CUST04600,Savings,326031.86,0,Active,2020-05-20
ACC004601,CUST04601,Savings,175309.57,0,Active,2025-06-23
ACC004602,CUST04602,Savings,188841.6,0,Active,2020-08-02
ACC004603,CUST04603,Savings,94898.46,0,Active,2024-04-05
ACC004604,CUST04604,Savings,189337.03,0,Active,2019-12-05
ACC004605,CUST04605,Savings,66135.29,0,Active,2022-10-12
ACC004606,CUST04606,Savings,115996.21,0,Active,2018-08-26
ACC004607,CUST04607,Savings,170720.03,0,Active,2024-09-07
ACC004608,CUST04608,Savings,167751.59,0,Active,2019-09-14
ACC004609,CUST04609,Savings,38063.24,0,Active,2020-07-14
ACC004610,CUST04610,Savings,286592.76,0,Active,2023-09-21
ACC004611,CUST04611,Current,57902.1,0,Active,2023-12-02
ACC004612,CUST04612,Savings,397824.12,0,Active,2019-04-07
ACC004613,CUST04613,Savings,173634.41,0,Active,2019-04-02
ACC004614,CUST04614,Savings,165206.79,0,Active,2025-04-13
ACC004615,CUST04615,Savings,61330.29,0,Active,2018-12-15
ACC004616,CUST04616,Current,77600.31,0,Active,2020-07-23
ACC004617,CUST04617,Savings,273666.14,0,Active,2025-04-03
ACC004618,CUST04618,Savings,253820.33,0,Active,2021-07-12
ACC004619,CUST04619,Credit,96548.58,164303,Active,2022-02-18
ACC004620,CUST04620,Current,91544.07,0,Active,2019-08-26
ACC004621,CUST04621,Savings,93218.52,0,Active,2021-12-21
ACC004622,CUST04622,Current,200140.71,0,Active,2022-01-10
ACC004623,CUST04623,Savings,189214.77,0,Active,2022-05-10
ACC004624,CUST04624,Current,134085.1,0,Active,2021-09-13
ACC004625,CUST04625,Savings,116683.11,0,Active,2019-01-05
ACC004626,CUST04626,Savings,95866.74,0,Active,2024-03-19
ACC004627,CUST04627,Current,380067.99,0,Active,2021-06-04
ACC004628,CUST04628,Savings,41234.56,0,Active,2023-09-26
ACC004629,CUST04629,Savings,83919.71,0,Active,2024-09-14
ACC004630,CUST04630,Savings,128672.76,0,Active,2023-01-05
ACC004631,CUST04631,Savings,35398.49,0,Active,2020-12-30
ACC004632,CUST04632,Savings,74277.93,0,Active,2023-04-10
ACC004633,CUST04633,Savings,323665.83,0,Active,2020-10-21
ACC004634,CUST04634,Current,182063.18,0,Active,2023-12-20
ACC004635,CUST04635,Savings,73890.04,0,Active,2023-04-02
ACC004636,CUST04636,Current,72446.54,0,Active,2024-04-19
ACC004637,CUST04637,Current,41462.95,0,Active,2024-01-11
ACC004638,CUST04638,Savings,80652.03,0,Active,2023-03-17
ACC004639,CUST04639,Savings,148288.61,0,Active,2020-11-20
ACC004640,CUST04640,Savings,133685.0,0,Active,2020-12-28
ACC004641,CUST04641,Current,83386.43,0,Active,2021-04-22
ACC004642,CUST04642,Savings,57334.52,0,Active,2024-09-02
ACC004643,CUST04643,Savings,95076.11,0,Active,2021-11-15
ACC004644,CUST04644,Savings,93778.29,0,Inactive,2025-07-12
ACC004645,CUST04645,Current,168775.4,0,Active,2018-06-23
ACC004646,CUST04646,Savings,122457.54,0,Inactive,2025-06-05
ACC004647,CUST04647,Savings,112832.19,0,Active,2020-08-08
ACC004648,CUST04648,Credit,210187.94,151162,Active,2019-03-01
ACC004649,CUST04649,Savings,252507.17,0,Active,2023-12-12
ACC004650,CUST04650,Current,132731.96,0,Active,2018-07-14
ACC004651,CUST04651,Savings,134673.95,0,Active,2024-06-03
ACC004652,CUST04652,Savings,99194.62,0,Active,2023-11-10
ACC004653,CUST04653,Credit,60785.91,265390,Inactive,2019-07-08
ACC004654,CUST04654,Savings,176531.31,0,Active,2021-03-01
ACC004655,CUST04655,Savings,157226.27,0,Active,2020-01-28
ACC004656,CUST04656,Current,104223.84,0,Active,2021-12-10
ACC004657,CUST04657,Savings,122683.51,0,Active,2022-02-04
ACC004658,CUST04658,Savings,202294.03,0,Active,2018-01-14
ACC004659,CUST04659,Savings,221631.58,0,Active,2018-01-28
ACC004660,CUST04660,Savings,14763.71,0,Inactive,2020-08-17
ACC004661,CUST04661,Savings,70724.69,0,Active,2023-07-01
ACC004662,CUST04662,Current,104016.21,0,Active,2021-05-21
ACC004663,CUST04663,Credit,51415.4,154065,Active,2020-08-12
ACC004664,CUST04664,Savings,124622.63,0,Active,2019-04-18
ACC004665,CUST04665,Credit,73180.36,185764,Inactive,2024-05-22
ACC004666,CUST04666,Savings,127129.96,0,Active,2019-01-09
ACC004667,CUST04667,Savings,74627.08,0,Active,2021-10-22
ACC004668,CUST04668,Savings,76697.91,0,Active,2019-06-09
ACC004669,CUST04669,Current,126553.08,0,Active,2022-01-19
ACC004670,CUST04670,Current,180947.05,0,Active,2022-02-14
ACC004671,CUST04671,Savings,151964.94,0,Active,2024-10-03
ACC004672,CUST04672,Savings,104557.58,0,Inactive,2018-08-08
ACC004673,CUST04673,Savings,27541.26,0,Active,2023-04-01
ACC004674,CUST04674,Savings,75501.52,0,Active,2020-06-17
ACC004675,CUST04675,Savings,70241.41,0,Inactive,2018-01-15
ACC004676,CUST04676,Savings,162760.25,0,Active,2018-11-02
ACC004677,CUST04677,Savings,117298.18,0,Active,2018-05-09
ACC004678,CUST04678,Savings,119914.57,0,Inactive,2022-05-17
ACC004679,CUST04679,Savings,62678.62,0,Active,2018-07-06
ACC004680,CUST04680,Savings,226674.17,0,Active,2023-10-05
ACC004681,CUST04681,Savings,119429.22,0,Active,2018-02-11
ACC004682,CUST04682,Credit,60168.43,176512,Active,2018-06-17
ACC004683,CUST04683,Current,63095.77,0,Active,2023-04-22
ACC004684,CUST04684,Savings,129883.4,0,Active,2018-06-28
ACC004685,CUST04685,Savings,58641.57,0,Active,2018-12-10
ACC004686,CUST04686,Current,70836.9,0,Active,2023-02-13
ACC004687,CUST04687,Savings,49690.28,0,Active,2023-09-18
ACC004688,CUST04688,Savings,161993.91,0,Active,2024-07-12
ACC004689,CUST04689,Credit,59579.67,216855,Active,2020-03-31
ACC004690,CUST04690,Savings,247825.1,0,Active,2024-03-15
ACC004691,CUST04691,Current,139497.5,0,Active,2024-01-15
ACC004692,CUST04692,Savings,49553.48,0,Active,2019-06-20
ACC004693,CUST04693,Current,151160.27,0,Active,2025-07-14
ACC004694,CUST04694,Savings,226899.08,0,Active,2021-08-28
ACC004695,CUST04695,Savings,101799.81,0,Active,2020-07-09
ACC004696,CUST04696,Current,241917.57,0,Active,2022-12-15
ACC004697,CUST04697,Savings,141046.09,0,Active,2021-04-19
ACC004698,CUST04698,Savings,73230.33,0,Active,2025-02-05
ACC004699,CUST04699,Savings,326532.91,0,Active,2019-08-25
ACC004700,CUST04700,Savings,40631.52,0,Active,2022-03-30
ACC004701,CUST04701,Current,86999.98,0,Active,2019-01-17
ACC004702,CUST04702,Current,104559.05,0,Active,2019-04-13
ACC004703,CUST04703,Current,295791.22,0,Active,2024-02-07
ACC004704,CUST04704,Savings,164163.3,0,Active,2023-08-24
ACC004705,CUST04705,Credit,148491.84,144740,Active,2021-12-05
ACC004706,CUST04706,Savings,66044.26,0,Active,2019-08-05
ACC004707,CUST04707,Current,99444.6,0,Active,2019-07-31
ACC004708,CUST04708,Savings,74352.1,0,Active,2019-04-23
ACC004709,CUST04709,Savings,145604.85,0,Active,2025-06-08
ACC004710,CUST04710,Savings,206731.54,0,Active,2024-05-16
ACC004711,CUST04711,Savings,368287.07,0,Active,2021-02-12
ACC004712,CUST04712,Credit,79801.75,269161,Active,2018-01-20
ACC004713,CUST04713,Current,39789.57,0,Active,2021-09-17
ACC004714,CUST04714,Savings,87922.42,0,Active,2019-03-10
ACC004715,CUST04715,Savings,190829.66,0,Active,2023-06-11
ACC004716,CUST04716,Savings,60750.19,0,Inactive,2018-12-20
ACC004717,CUST04717,Savings,106866.68,0,Active,2018-01-28
ACC004718,CUST04718,Savings,149592.47,0,Active,2019-12-04
ACC004719,CUST04719,Savings,80847.37,0,Active,2020-03-22
ACC004720,CUST04720,Savings,122530.55,0,Active,2024-02-18
ACC004721,CUST04721,Credit,56834.3,225790,Active,2020-05-09
ACC004722,CUST04722,Savings,214901.38,0,Active,2023-05-21
ACC004723,CUST04723,Savings,92123.59,0,Inactive,2018-08-22
ACC004724,CUST04724,Savings,120412.71,0,Active,2023-11-14
ACC004725,CUST04725,Credit,28470.0,83447,Active,2024-11-13
ACC004726,CUST04726,Current,51516.36,0,Active,2021-12-19
ACC004727,CUST04727,Savings,187211.68,0,Active,2024-06-02
ACC004728,CUST04728,Savings,80118.89,0,Active,2019-10-20
ACC004729,CUST04729,Savings,58806.24,0,Active,2022-09-13
ACC004730,CUST04730,Savings,37456.99,0,Active,2022-07-20
ACC004731,CUST04731,Current,212606.51,0,Active,2018-10-03
ACC004732,CUST04732,Savings,160083.95,0,Active,2025-03-08
ACC004733,CUST04733,Savings,154048.84,0,Active,2024-01-16
ACC004734,CUST04734,Savings,260419.17,0,Active,2020-03-05
ACC004735,CUST04735,Savings,87055.24,0,Active,2018-10-27
ACC004736,CUST04736,Savings,40141.49,0,Active,2022-02-01
ACC004737,CUST04737,Savings,110686.62,0,Active,2018-01-22
ACC004738,CUST04738,Current,288449.96,0,Inactive,2023-05-03
ACC004739,CUST04739,Savings,112064.24,0,Active,2020-05-23
ACC004740,CUST04740,Savings,203683.57,0,Active,2024-07-11
ACC004741,CUST04741,Savings,41276.82,0,Active,2022-09-13
ACC004742,CUST04742,Savings,65154.24,0,Active,2023-07-24
ACC004743,CUST04743,Savings,180874.88,0,Active,2018-01-22
ACC004744,CUST04744,Current,118949.57,0,Inactive,2019-08-30
ACC004745,CUST04745,Savings,100649.73,0,Active,2022-11-06
ACC004746,CUST04746,Current,202094.95,0,Active,2018-03-03
ACC004747,CUST04747,Savings,179492.3,0,Active,2018-11-13
ACC004748,CUST04748,Current,120873.11,0,Active,2019-07-02
ACC004749,CUST04749,Savings,14945.74,0,Active,2024-09-06
ACC004750,CUST04750,Savings,107863.36,0,Active,2024-12-04
ACC004751,CUST04751,Savings,138519.44,0,Active,2018-06-16
ACC004752,CUST04752,Savings,29083.7,0,Active,2023-09-28
ACC004753,CUST04753,Current,135781.02,0,Active,2025-02-10
ACC004754,CUST04754,Current,207306.43,0,Active,2018-07-27
ACC004755,CUST04755,Current,107739.81,0,Active,2019-01-12
ACC004756,CUST04756,Savings,54315.11,0,Active,2023-01-14
ACC004757,CUST04757,Current,16753.14,0,Active,2024-10-10
ACC004758,CUST04758,Savings,137369.67,0,Active,2025-04-15
ACC004759,CUST04759,Savings,32007.85,0,Active,2024-02-10
ACC004760,CUST04760,Savings,153315.27,0,Inactive,2023-11-15
ACC004761,CUST04761,Savings,280630.86,0,Active,2018-12-19
ACC004762,CUST04762,Savings,67184.17,0,Active,2024-06-05
ACC004763,CUST04763,Savings,93566.49,0,Active,2025-01-04
ACC004764,CUST04764,Savings,289665.66,0,Active,2020-09-18
ACC004765,CUST04765,Savings,115789.1,0,Active,2019-04-16
ACC004766,CUST04766,Savings,80632.43,0,Active,2025-05-22
ACC004767,CUST04767,Savings,190821.26,0,Active,2020-07-15
ACC004768,CUST04768,Savings,83488.52,0,Active,2025-02-06
ACC004769,CUST04769,Savings,64227.34,0,Active,2023-06-30
ACC004770,CUST04770,Savings,151948.85,0,Active,2018-10-16
ACC004771,CUST04771,Savings,199582.65,0,Active,2018-06-15
ACC004772,CUST04772,Savings,63918.89,0,Active,2020-03-05
ACC004773,CUST04773,Current,121600.61,0,Active,2024-02-04
ACC004774,CUST04774,Savings,96137.19,0,Active,2022-09-29
ACC004775,CUST04775,Savings,105884.92,0,Active,2024-09-05
ACC004776,CUST04776,Savings,54687.48,0,Active,2021-03-01
ACC004777,CUST04777,Savings,158698.59,0,Active,2024-03-11
ACC004778,CUST04778,Savings,247249.35,0,Active,2021-01-30
ACC004779,CUST04779,Savings,62937.34,0,Active,2023-08-26
ACC004780,CUST04780,Savings,158622.76,0,Active,2025-07-02
ACC004781,CUST04781,Savings,188314.75,0,Active,2024-09-25
ACC004782,CUST04782,Savings,121066.15,0,Active,2024-05-03
ACC004783,CUST04783,Savings,154747.7,0,Active,2024-07-03
ACC004784,CUST04784,Current,67914.44,0,Active,2022-10-18
ACC004785,CUST04785,Savings,239430.03,0,Active,2021-10-20
ACC004786,CUST04786,Savings,200447.83,0,Active,2020-11-29
ACC004787,CUST04787,Savings,213471.89,0,Active,2019-03-20
ACC004788,CUST04788,Savings,48354.12,0,Active,2022-10-04
ACC004789,CUST04789,Savings,143511.97,0,Active,2020-10-19
ACC004790,CUST04790,Credit,71273.52,168212,Active,2018-02-28
ACC004791,CUST04791,Current,250992.05,0,Inactive,2025-07-17
ACC004792,CUST04792,Savings,63841.93,0,Active,2021-10-17
ACC004793,CUST04793,Savings,124002.55,0,Active,2021-09-22
ACC004794,CUST04794,Savings,22788.91,0,Active,2020-04-18
ACC004795,CUST04795,Savings,123620.99,0,Active,2023-05-10
ACC004796,CUST04796,Credit,48757.58,272208,Active,2018-01-28
ACC004797,CUST04797,Current,147818.01,0,Active,2025-03-15
ACC004798,CUST04798,Savings,97920.06,0,Active,2022-08-13
ACC004799,CUST04799,Savings,85065.38,0,Active,2020-06-24
ACC004800,CUST04800,Savings,254571.89,0,Inactive,2023-01-17
ACC004801,CUST04801,Current,339312.96,0,Active,2019-11-06
ACC004802,CUST04802,Savings,38884.9,0,Active,2022-12-05
ACC004803,CUST04803,Savings,86823.04,0,Active,2024-06-09
ACC004804,CUST04804,Current,173246.68,0,Active,2019-07-25
ACC004805,CUST04805,Current,133840.31,0,Active,2021-04-16
ACC004806,CUST04806,Savings,167793.61,0,Active,2025-07-03
ACC004807,CUST04807,Savings,102321.45,0,Inactive,2020-01-28
ACC004808,CUST04808,Credit,205171.95,170012,Active,2018-06-24
ACC004809,CUST04809,Savings,120801.9,0,Inactive,2021-08-23
ACC004810,CUST04810,Savings,138506.92,0,Active,2018-08-07
ACC004811,CUST04811,Savings,48799.3,0,Active,2023-07-06
ACC004812,CUST04812,Savings,113505.82,0,Active,2018-05-12
ACC004813,CUST04813,Savings,174325.21,0,Active,2022-11-21
ACC004814,CUST04814,Savings,129496.34,0,Active,2019-06-07
ACC004815,CUST04815,Credit,116564.99,233361,Active,2023-08-24
ACC004816,CUST04816,Savings,143610.71,0,Active,2024-06-22
ACC004817,CUST04817,Savings,120394.28,0,Active,2019-02-04
ACC004818,CUST04818,Savings,104424.83,0,Active,2024-10-18
ACC004819,CUST04819,Savings,177439.6,0,Active,2022-05-02
ACC004820,CUST04820,Savings,100028.34,0,Active,2020-05-06
ACC004821,CUST04821,Savings,46646.8,0,Active,2020-01-24
ACC004822,CUST04822,Savings,248111.89,0,Inactive,2023-04-19
ACC004823,CUST04823,Savings,72697.41,0,Active,2023-01-30
ACC004824,CUST04824,Savings,37441.19,0,Active,2023-05-27
ACC004825,CUST04825,Current,154019.11,0,Active,2024-01-14
ACC004826,CUST04826,Current,265987.74,0,Active,2021-06-09
ACC004827,CUST04827,Savings,156149.3,0,Active,2020-08-05
ACC004828,CUST04828,Savings,228343.41,0,Active,2022-09-09
ACC004829,CUST04829,Savings,59147.77,0,Active,2025-08-05
ACC004830,CUST04830,Savings,47122.41,0,Active,2024-01-18
ACC004831,CUST04831,Savings,86622.9,0,Active,2020-02-07
ACC004832,CUST04832,Savings,196616.43,0,Active,2025-03-27
ACC004833,CUST04833,Savings,148122.49,0,Active,2022-02-14
ACC004834,CUST04834,Savings,154530.66,0,Active,2020-01-11
ACC004835,CUST04835,Savings,116523.33,0,Active,2018-10-26
ACC004836,CUST04836,Savings,87699.95,0,Active,2022-05-04
ACC004837,CUST04837,Current,119706.29,0,Active,2020-01-24
ACC004838,CUST04838,Current,97883.4,0,Active,2018-12-17
ACC004839,CUST04839,Savings,83864.01,0,Active,2025-01-08
ACC004840,CUST04840,Savings,135993.2,0,Active,2023-12-07
ACC004841,CUST04841,Current,92147.19,0,Active,2025-07-21
ACC004842,CUST04842,Credit,126960.26,171397,Active,2020-04-11
ACC004843,CUST04843,Savings,24951.94,0,Active,2019-05-27
ACC004844,CUST04844,Savings,120777.11,0,Active,2024-04-08
ACC004845,CUST04845,Current,91788.34,0,Active,2019-08-18
ACC004846,CUST04846,Savings,235278.2,0,Active,2024-10-01
ACC004847,CUST04847,Savings,36181.59,0,Active,2023-07-04
ACC004848,CUST04848,Current,115462.62,0,Active,2025-08-28
ACC004849,CUST04849,Savings,175532.13,0,Active,2019-12-12
ACC004850,CUST04850,Savings,100310.1,0,Active,2018-10-06
ACC004851,CUST04851,Savings,89843.03,0,Active,2018-01-01
ACC004852,CUST04852,Savings,175188.17,0,Active,2020-08-09
ACC004853,CUST04853,Current,146017.64,0,Active,2018-11-14
ACC004854,CUST04854,Current,152430.45,0,Active,2025-08-21
ACC004855,CUST04855,Savings,83970.58,0,Active,2024-09-28
ACC004856,CUST04856,Credit,77368.12,80703,Active,2020-06-09
ACC004857,CUST04857,Savings,127052.22,0,Active,2023-12-23
ACC004858,CUST04858,Savings,183532.56,0,Active,2018-08-08
ACC004859,CUST04859,Savings,42458.56,0,Active,2025-06-13
ACC004860,CUST04860,Current,102519.1,0,Active,2023-02-01
ACC004861,CUST04861,Current,79611.83,0,Inactive,2025-07-15
ACC004862,CUST04862,Savings,110129.99,0,Active,2020-04-06
ACC004863,CUST04863,Current,166143.53,0,Active,2023-04-10
ACC004864,CUST04864,Current,63027.88,0,Active,2022-10-09
ACC004865,CUST04865,Savings,155588.37,0,Active,2022-08-30
ACC004866,CUST04866,Savings,85775.11,0,Active,2019-03-12
ACC004867,CUST04867,Savings,200022.42,0,Active,2024-09-03
ACC004868,CUST04868,Credit,65514.97,53656,Active,2018-06-27
ACC004869,CUST04869,Savings,182084.81,0,Active,2024-12-26
ACC004870,CUST04870,Savings,45769.74,0,Active,2020-03-08
ACC004871,CUST04871,Savings,122067.28,0,Active,2020-10-12
ACC004872,CUST04872,Credit,157474.86,237240,Active,2018-03-19
ACC004873,CUST04873,Savings,66679.77,0,Active,2025-02-04
ACC004874,CUST04874,Savings,19581.83,0,Active,2020-03-24
ACC004875,CUST04875,Savings,81304.36,0,Inactive,2023-02-21
ACC004876,CUST04876,Savings,110850.51,0,Active,2019-11-26
ACC004877,CUST04877,Savings,89644.34,0,Active,2021-06-26
ACC004878,CUST04878,Savings,76487.1,0,Active,2018-07-02
ACC004879,CUST04879,Savings,176701.32,0,Active,2021-10-01
ACC004880,CUST04880,Savings,211559.96,0,Active,2020-09-02
ACC004881,CUST04881,Credit,204576.63,239552,Active,2024-12-09
ACC004882,CUST04882,Savings,142506.44,0,Active,2020-07-25
ACC004883,CUST04883,Savings,153761.65,0,Inactive,2021-09-25
ACC004884,CUST04884,Savings,59470.84,0,Active,2025-03-06
ACC004885,CUST04885,Savings,104739.13,0,Active,2018-09-12
ACC004886,CUST04886,Savings,116369.44,0,Active,2019-07-23
ACC004887,CUST04887,Current,129765.12,0,Active,2020-02-17
ACC004888,CUST04888,Current,128435.88,0,Active,2020-12-14
ACC004889,CUST04889,Savings,111018.51,0,Active,2022-09-30
ACC004890,CUST04890,Savings,141554.33,0,Active,2018-02-09
ACC004891,CUST04891,Savings,125109.35,0,Inactive,2023-10-03
ACC004892,CUST04892,Savings,124941.51,0,Active,2024-11-21
ACC004893,CUST04893,Savings,69642.25,0,Active,2024-11-29
ACC004894,CUST04894,Savings,50474.45,0,Active,2023-11-24
ACC004895,CUST04895,Savings,130142.4,0,Active,2024-03-04
ACC004896,CUST04896,Savings,83564.23,0,Active,2022-05-17
ACC004897,CUST04897,Current,71773.29,0,Active,2019-03-07
ACC004898,CUST04898,Current,159790.68,0,Active,2024-10-01
ACC004899,CUST04899,Savings,105422.48,0,Active,2022-06-10
ACC004900,CUST04900,Savings,228923.74,0,Active,2022-01-21
ACC004901,CUST04901,Savings,150206.37,0,Active,2019-03-02
ACC004902,CUST04902,Savings,66845.5,0,Active,2022-03-27
ACC004903,CUST04903,Savings,160913.07,0,Active,2020-11-23
ACC004904,CUST04904,Savings,137694.8,0,Inactive,2019-12-25
ACC004905,CUST04905,Current,65193.27,0,Active,2024-02-18
ACC004906,CUST04906,Savings,77255.64,0,Active,2020-11-18
ACC004907,CUST04907,Savings,156611.87,0,Inactive,2024-12-18
ACC004908,CUST04908,Savings,30681.26,0,Active,2024-04-14
ACC004909,CUST04909,Savings,22063.02,0,Active,2024-07-22
ACC004910,CUST04910,Savings,120828.29,0,Active,2020-05-29
ACC004911,CUST04911,Savings,115564.45,0,Active,2023-10-16
ACC004912,CUST04912,Credit,127188.14,61063,Active,2022-01-27
ACC004913,CUST04913,Savings,115759.64,0,Active,2019-03-09
ACC004914,CUST04914,Credit,140515.64,118539,Active,2022-01-27
ACC004915,CUST04915,Savings,213183.19,0,Active,2020-06-16
ACC004916,CUST04916,Savings,109603.35,0,Active,2025-05-08
ACC004917,CUST04917,Savings,40003.05,0,Active,2018-04-22
ACC004918,CUST04918,Savings,27841.15,0,Active,2020-04-24
ACC004919,CUST04919,Current,88207.44,0,Active,2019-12-25
ACC004920,CUST04920,Credit,89641.09,222036,Active,2023-01-08
ACC004921,CUST04921,Current,45012.59,0,Active,2020-03-16
ACC004922,CUST04922,Savings,18714.06,0,Active,2018-11-29
ACC004923,CUST04923,Savings,84207.57,0,Active,2019-06-20
ACC004924,CUST04924,Savings,265228.59,0,Active,2021-08-28
ACC004925,CUST04925,Savings,137211.86,0,Active,2021-12-14
ACC004926,CUST04926,Savings,130359.62,0,Active,2018-12-11
ACC004927,CUST04927,Savings,98497.62,0,Active,2025-07-09
ACC004928,CUST04928,Credit,88115.68,264517,Active,2020-10-13
ACC004929,CUST04929,Savings,145236.09,0,Active,2018-02-21
ACC004930,CUST04930,Savings,48835.25,0,Active,2025-05-12
ACC004931,CUST04931,Savings,303850.5,0,Active,2020-06-10
ACC004932,CUST04932,Savings,51428.33,0,Active,2024-01-24
ACC004933,CUST04933,Credit,152783.69,55544,Active,2022-12-11
ACC004934,CUST04934,Savings,54746.19,0,Active,2025-01-23
ACC004935,CUST04935,Current,117481.6,0,Active,2024-04-05
ACC004936,CUST04936,Savings,162162.7,0,Active,2020-03-27
ACC004937,CUST04937,Savings,34452.66,0,Active,2020-05-02
ACC004938,CUST04938,Savings,58908.06,0,Active,2019-12-01
ACC004939,CUST04939,Savings,61554.74,0,Inactive,2025-01-27
ACC004940,CUST04940,Current,92751.83,0,Active,2024-10-19
ACC004941,CUST04941,Credit,126170.14,68058,Active,2023-12-19
ACC004942,CUST04942,Current,268236.43,0,Active,2021-03-29
ACC004943,CUST04943,Savings,76821.03,0,Active,2023-09-19
ACC004944,CUST04944,Credit,258728.16,91101,Inactive,2018-04-09
ACC004945,CUST04945,Savings,134434.05,0,Active,2018-03-22
ACC004946,CUST04946,Savings,50223.57,0,Active,2019-09-07
ACC004947,CUST04947,Savings,98776.98,0,Active,2024-06-20
ACC004948,CUST04948,Savings,40508.72,0,Active,2021-04-01
ACC004949,CUST04949,Credit,88238.84,97347,Active,2018-04-08
ACC004950,CUST04950,Current,84482.14,0,Active,2025-01-06
ACC004951,CUST04951,Savings,118634.33,0,Active,2025-06-12
ACC004952,CUST04952,Savings,153077.26,0,Active,2025-04-02
ACC004953,CUST04953,Current,103512.91,0,Active,2022-03-23
ACC004954,CUST04954,Savings,54249.06,0,Active,2019-11-29
ACC004955,CUST04955,Credit,228382.89,234976,Active,2023-01-28
ACC004956,CUST04956,Current,277872.29,0,Active,2025-04-10
ACC004957,CUST04957,Current,97451.38,0,Active,2023-11-01
ACC004958,CUST04958,Savings,131005.74,0,Active,2023-11-09
ACC004959,CUST04959,Savings,94185.14,0,Active,2019-07-31
ACC004960,CUST04960,Current,119200.73,0,Active,2020-12-28
ACC004961,CUST04961,Credit,122954.58,146491,Active,2023-09-13
ACC004962,CUST04962,Savings,45516.44,0,Active,2025-08-07
ACC004963,CUST04963,Savings,89272.52,0,Active,2020-09-07
ACC004964,CUST04964,Savings,191077.19,0,Active,2024-12-12
ACC004965,CUST04965,Savings,181811.92,0,Active,2025-01-08
ACC004966,CUST04966,Savings,88253.31,0,Active,2018-09-08
ACC004967,CUST04967,Savings,124334.21,0,Active,2021-07-07
ACC004968,CUST04968,Credit,92428.08,222843,Active,2019-03-19
ACC004969,CUST04969,Credit,156441.51,279626,Active,2024-07-12
ACC004970,CUST04970,Savings,34227.18,0,Active,2021-01-15
ACC004971,CUST04971,Current,145463.14,0,Active,2019-01-04
ACC004972,CUST04972,Savings,236923.6,0,Active,2021-05-22
ACC004973,CUST04973,Savings,69150.58,0,Active,2023-09-06
ACC004974,CUST04974,Credit,219118.68,227824,Active,2019-06-12
ACC004975,CUST04975,Current,128005.62,0,Inactive,2025-08-12
ACC004976,CUST04976,Savings,103354.84,0,Active,2020-06-18
ACC004977,CUST04977,Savings,87829.78,0,Inactive,2020-07-16
ACC004978,CUST04978,Savings,223415.97,0,Active,2019-10-01
ACC004979,CUST04979,Savings,92613.5,0,Active,2020-10-18
ACC004980,CUST04980,Savings,256769.6,0,Active,2023-03-09
ACC004981,CUST04981,Savings,240450.88,0,Inactive,2019-10-23
ACC004982,CUST04982,Credit,80162.67,123991,Inactive,2021-06-19
ACC004983,CUST04983,Savings,96880.52,0,Active,2024-08-21
ACC004984,CUST04984,Savings,26654.29,0,Active,2020-05-18
ACC004985,CUST04985,Savings,105409.77,0,Active,2021-02-20
ACC004986,CUST04986,Savings,113443.78,0,Active,2019-05-29
ACC004987,CUST04987,Savings,202516.98,0,Active,2023-02-26
ACC004988,CUST04988,Savings,247701.85,0,Active,2022-11-18
ACC004989,CUST04989,Current,164880.53,0,Active,2022-04-16
ACC004990,CUST04990,Savings,193266.6,0,Active,2023-02-22
ACC004991,CUST04991,Savings,96833.19,0,Active,2020-09-02
ACC004992,CUST04992,Savings,47584.55,0,Active,2018-05-06
ACC004993,CUST04993,Savings,127866.37,0,Active,2018-12-24
ACC004994,CUST04994,Savings,200607.39,0,Active,2025-03-19
ACC004995,CUST04995,Savings,12201.69,0,Active,2022-08-13
ACC004996,CUST04996,Current,116685.06,0,Active,2022-06-09
ACC004997,CUST04997,Savings,29681.83,0,Active,2018-01-07
ACC004998,CUST04998,Current,65511.56,0,Active,2020-11-23
ACC004999,CUST04999,Savings,119468.51,0,Active,2019-01-07
ACC005000,CUST05000,Savings,249956.04,0,Active,2023-03-09
ACC005001,CUST00222,Savings,137232.67,0,Active,2018-05-07
ACC005002,CUST02135,Current,198475.73,0,Active,2021-01-21
ACC005003,CUST02980,Credit,158920.14,262567,Active,2020-07-26
ACC005004,CUST03390,Savings,85195.27,0,Active,2025-07-20
ACC005005,CUST02508,Current,177395.58,0,Inactive,2020-01-25
ACC005006,CUST00116,Savings,58340.67,0,Active,2019-04-06
ACC005007,CUST02163,Savings,136047.89,0,Active,2022-10-17
ACC005008,CUST02702,Savings,276319.34,0,Active,2023-08-19
ACC005009,CUST02577,Credit,151820.03,306871,Active,2023-01-02
ACC005010,CUST01627,Savings,158960.6,0,Active,2018-10-17
ACC005011,CUST01805,Current,110198.03,0,Active,2021-03-20
ACC005012,CUST01497,Savings,45145.93,0,Active,2021-11-29
ACC005013,CUST03921,Current,118161.93,0,Active,2025-02-04
ACC005014,CUST01325,Current,220778.53,0,Active,2020-10-21
ACC005015,CUST02402,Savings,170874.07,0,Active,2024-01-24
ACC005016,CUST02983,Current,60780.62,0,Active,2022-03-27
ACC005017,CUST04219,Savings,35595.2,0,Active,2021-02-06
ACC005018,CUST04468,Savings,84540.89,0,Active,2024-03-18
ACC005019,CUST00992,Current,118901.77,0,Active,2021-04-25
ACC005020,CUST04455,Current,124166.14,0,Active,2018-01-21
ACC005021,CUST01208,Savings,125169.2,0,Active,2022-12-16
ACC005022,CUST04328,Current,136423.09,0,Active,2021-09-08
ACC005023,CUST03339,Savings,174173.43,0,Active,2023-12-17
ACC005024,CUST03050,Savings,105551.45,0,Active,2025-08-11
ACC005025,CUST01602,Current,72707.86,0,Active,2022-01-17
ACC005026,CUST02682,Savings,185849.67,0,Active,2021-03-04
ACC005027,CUST00590,Savings,223783.91,0,Active,2021-10-22
ACC005028,CUST01480,Credit,95181.59,309534,Active,2018-03-13
ACC005029,CUST00666,Credit,381268.74,191547,Active,2024-03-12
ACC005030,CUST01330,Savings,303138.3,0,Active,2025-04-26
ACC005031,CUST01686,Current,63876.22,0,Active,2024-08-06
ACC005032,CUST02022,Savings,37693.36,0,Inactive,2023-03-25
ACC005033,CUST01775,Savings,122097.88,0,Active,2019-07-08
ACC005034,CUST01047,Credit,159572.55,310550,Active,2024-05-03
ACC005035,CUST01026,Savings,378154.6,0,Active,2025-06-26
ACC005036,CUST00298,Credit,371092.86,180409,Inactive,2019-01-26
ACC005037,CUST04988,Savings,198749.31,0,Active,2019-10-07
ACC005038,CUST03485,Credit,106923.34,241207,Active,2018-09-26
ACC005039,CUST02492,Savings,259359.53,0,Active,2022-10-21
ACC005040,CUST00849,Savings,146438.13,0,Active,2023-05-20
ACC005041,CUST01214,Current,54517.33,0,Active,2020-10-10
ACC005042,CUST01935,Savings,56030.69,0,Active,2020-11-14
ACC005043,CUST01420,Savings,107377.28,0,Active,2021-03-15
ACC005044,CUST00458,Savings,235393.48,0,Active,2023-05-22
ACC005045,CUST00669,Savings,67702.44,0,Active,2018-01-15
ACC005046,CUST03844,Savings,107229.03,0,Active,2022-03-17
ACC005047,CUST02039,Credit,301668.74,154302,Active,2025-07-04
ACC005048,CUST00090,Credit,170701.87,151259,Inactive,2018-03-19
ACC005049,CUST03454,Savings,182464.51,0,Active,2025-01-05
ACC005050,CUST00453,Credit,240221.21,368539,Active,2025-02-26
ACC005051,CUST03398,Savings,108624.42,0,Active,2024-08-19
ACC005052,CUST00038,Savings,313153.0,0,Active,2023-05-29
ACC005053,CUST00048,Savings,202178.16,0,Active,2020-09-04
ACC005054,CUST03290,Savings,126657.03,0,Active,2023-07-21
ACC005055,CUST03903,Current,280372.86,0,Active,2022-11-18
ACC005056,CUST02247,Current,197091.44,0,Inactive,2024-05-23
ACC005057,CUST00478,Savings,134488.6,0,Active,2020-07-09
ACC005058,CUST01061,Savings,185594.9,0,Active,2025-07-30
ACC005059,CUST03947,Savings,77279.27,0,Active,2020-07-30
ACC005060,CUST02782,Savings,259881.94,0,Active,2019-05-05
ACC005061,CUST00388,Savings,374570.59,0,Active,2018-01-12
ACC005062,CUST04386,Current,43626.94,0,Inactive,2020-11-29
ACC005063,CUST00385,Savings,94480.23,0,Active,2020-04-28
ACC005064,CUST02872,Savings,89408.67,0,Active,2024-03-19
ACC005065,CUST01999,Current,209496.2,0,Inactive,2024-03-01
ACC005066,CUST03010,Savings,154705.4,0,Active,2024-11-14
ACC005067,CUST00182,Savings,103877.74,0,Active,2018-12-31
ACC005068,CUST02741,Current,114095.36,0,Active,2024-03-28
ACC005069,CUST04957,Savings,97858.2,0,Active,2022-11-15
ACC005070,CUST03568,Current,194664.35,0,Active,2021-11-08
ACC005071,CUST03078,Savings,153204.7,0,Active,2023-10-16
ACC005072,CUST01747,Current,110663.94,0,Active,2024-12-04
ACC005073,CUST02989,Savings,98999.42,0,Inactive,2022-08-22
ACC005074,CUST01766,Savings,283130.4,0,Active,2024-01-25
ACC005075,CUST00392,Current,256157.09,0,Active,2025-06-19
ACC005076,CUST04097,Savings,195968.75,0,Active,2023-01-05
ACC005077,CUST03389,Savings,240926.75,0,Active,2018-04-21
ACC005078,CUST03958,Savings,54916.02,0,Active,2020-09-26
ACC005079,CUST02081,Savings,67271.34,0,Active,2020-05-09
ACC005080,CUST02298,Current,62240.86,0,Active,2020-06-06
ACC005081,CUST00007,Savings,137005.63,0,Active,2021-09-30
ACC005082,CUST04582,Current,245436.34,0,Active,2021-12-27
ACC005083,CUST02409,Current,104822.52,0,Inactive,2020-06-09
ACC005084,CUST04000,Current,264632.46,0,Active,2020-01-31
ACC005085,CUST00493,Savings,94347.83,0,Active,2025-04-08
ACC005086,CUST04446,Savings,125714.43,0,Active,2025-01-09
ACC005087,CUST00316,Savings,104062.87,0,Active,2025-02-12
ACC005088,CUST02499,Savings,119839.28,0,Active,2020-09-22
ACC005089,CUST01438,Current,128007.8,0,Active,2020-02-21
ACC005090,CUST01155,Savings,36803.83,0,Active,2019-01-16
ACC005091,CUST04718,Credit,167940.62,85980,Active,2025-02-08
ACC005092,CUST03829,Savings,126181.73,0,Active,2023-05-28
ACC005093,CUST04585,Savings,312765.78,0,Active,2019-08-29
ACC005094,CUST04334,Savings,190432.98,0,Inactive,2023-09-02
ACC005095,CUST01002,Current,163675.68,0,Active,2023-11-25
ACC005096,CUST04840,Current,302375.18,0,Active,2024-10-19
ACC005097,CUST02058,Savings,285330.23,0,Active,2025-01-04
ACC005098,CUST01306,Savings,320599.72,0,Active,2023-09-28
ACC005099,CUST01287,Savings,98117.89,0,Active,2024-10-30
ACC005100,CUST00679,Savings,61155.59,0,Active,2019-10-27
ACC005101,CUST01877,Savings,36958.11,0,Active,2023-08-29
ACC005102,CUST02359,Savings,239060.08,0,Active,2025-02-06
ACC005103,CUST02796,Savings,32366.82,0,Active,2022-12-17
ACC005104,CUST00725,Savings,154559.16,0,Active,2019-11-21
ACC005105,CUST04060,Savings,46476.18,0,Active,2019-06-17
ACC005106,CUST03862,Credit,258943.93,345096,Active,2021-01-26
ACC005107,CUST00686,Savings,181748.26,0,Active,2022-12-04
ACC005108,CUST01882,Current,258100.49,0,Active,2023-08-06
ACC005109,CUST04050,Savings,156529.97,0,Active,2022-10-25
ACC005110,CUST00883,Savings,72513.22,0,Active,2021-03-09
ACC005111,CUST04178,Savings,102344.24,0,Active,2025-06-07
ACC005112,CUST01095,Savings,225631.65,0,Active,2021-07-02
ACC005113,CUST02266,Savings,43371.49,0,Active,2018-04-16
ACC005114,CUST00486,Savings,97091.15,0,Active,2025-02-23
ACC005115,CUST04079,Savings,88408.6,0,Active,2019-01-07
ACC005116,CUST04869,Savings,129072.12,0,Active,2018-04-23
ACC005117,CUST04018,Current,194123.37,0,Active,2018-08-21
ACC005118,CUST02374,Current,254372.94,0,Active,2021-12-30
ACC005119,CUST00512,Savings,52316.51,0,Active,2025-06-30
ACC005120,CUST02842,Current,75927.33,0,Active,2024-11-09
ACC005121,CUST03367,Current,56806.99,0,Active,2023-12-28
ACC005122,CUST02432,Savings,132233.83,0,Active,2019-02-26
ACC005123,CUST02224,Current,61845.99,0,Active,2023-09-04
ACC005124,CUST01112,Credit,167156.87,164248,Inactive,2024-01-29
ACC005125,CUST01961,Savings,274049.85,0,Active,2022-03-27
ACC005126,CUST01670,Current,37980.8,0,Active,2019-10-21
ACC005127,CUST02824,Savings,77727.57,0,Active,2021-11-01
ACC005128,CUST04446,Current,322509.82,0,Active,2020-05-23
ACC005129,CUST00966,Savings,152032.25,0,Active,2018-05-13
ACC005130,CUST04858,Savings,98162.51,0,Active,2018-10-30
ACC005131,CUST01839,Current,511161.65,0,Active,2024-02-02
ACC005132,CUST00091,Savings,113830.79,0,Active,2024-12-29
ACC005133,CUST00751,Savings,189709.28,0,Active,2019-08-27
ACC005134,CUST03512,Savings,80032.17,0,Active,2022-06-09
ACC005135,CUST00555,Savings,70734.96,0,Active,2018-09-21
ACC005136,CUST04798,Savings,196227.99,0,Active,2018-07-13
ACC005137,CUST02235,Savings,338971.94,0,Active,2023-02-22
ACC005138,CUST02259,Savings,100944.59,0,Active,2020-05-29
ACC005139,CUST00762,Savings,67164.12,0,Active,2019-01-14
ACC005140,CUST01460,Current,236735.01,0,Active,2024-01-29
ACC005141,CUST03335,Credit,101582.96,197247,Active,2024-01-04
ACC005142,CUST00001,Savings,168506.86,0,Active,2024-09-25
ACC005143,CUST04231,Savings,99007.43,0,Active,2020-12-06
ACC005144,CUST02901,Savings,109801.42,0,Active,2024-06-03
ACC005145,CUST04833,Savings,75650.76,0,Active,2020-09-12
ACC005146,CUST04498,Current,199260.34,0,Active,2020-01-20
ACC005147,CUST02923,Savings,171455.44,0,Active,2024-01-25
ACC005148,CUST03419,Savings,167953.06,0,Active,2024-10-07
ACC005149,CUST03961,Current,85623.11,0,Active,2021-12-01
ACC005150,CUST03008,Current,162738.84,0,Active,2022-03-31
ACC005151,CUST03943,Current,364822.31,0,Active,2019-07-21
ACC005152,CUST00254,Current,67482.69,0,Active,2018-04-07
ACC005153,CUST04791,Savings,80419.98,0,Active,2022-02-26
ACC005154,CUST04708,Savings,83356.94,0,Active,2021-06-05
ACC005155,CUST00510,Savings,144231.79,0,Active,2025-08-18
ACC005156,CUST02849,Current,64008.61,0,Active,2019-04-04
ACC005157,CUST04028,Savings,181894.4,0,Active,2019-07-17
ACC005158,CUST01872,Credit,34792.82,114769,Active,2018-03-24
ACC005159,CUST00324,Savings,213250.66,0,Active,2022-02-03
ACC005160,CUST01144,Savings,166151.41,0,Active,2023-06-11
ACC005161,CUST00385,Savings,360123.25,0,Active,2023-12-13
ACC005162,CUST02899,Savings,69674.36,0,Active,2023-06-10
ACC005163,CUST03862,Credit,242155.59,168873,Active,2023-09-18
ACC005164,CUST00512,Current,126416.9,0,Active,2019-09-29
ACC005165,CUST00867,Savings,111405.93,0,Active,2024-04-05
ACC005166,CUST04852,Savings,67357.87,0,Inactive,2018-04-23
ACC005167,CUST03900,Savings,99936.18,0,Active,2021-08-31
ACC005168,CUST01736,Savings,102847.37,0,Active,2020-08-22
ACC005169,CUST03438,Savings,46707.4,0,Active,2024-12-25
ACC005170,CUST02573,Credit,165120.3,191709,Active,2022-10-17
ACC005171,CUST03886,Savings,152585.27,0,Active,2023-12-13
ACC005172,CUST00169,Savings,189264.59,0,Active,2019-09-01
ACC005173,CUST02470,Current,91712.26,0,Active,2018-11-28
ACC005174,CUST01795,Current,217923.13,0,Active,2021-07-26
ACC005175,CUST02721,Savings,282269.8,0,Active,2018-07-14
ACC005176,CUST01341,Savings,116743.61,0,Inactive,2023-01-24
ACC005177,CUST02900,Credit,70656.08,52007,Active,2024-10-07
ACC005178,CUST00922,Current,139769.01,0,Active,2019-08-30
ACC005179,CUST03517,Savings,135885.77,0,Active,2025-05-29
ACC005180,CUST03796,Savings,120556.43,0,Active,2022-08-09
ACC005181,CUST02828,Savings,189520.11,0,Active,2022-07-10
ACC005182,CUST02490,Current,108030.8,0,Active,2021-05-06
ACC005183,CUST04632,Savings,66844.89,0,Active,2023-02-06
ACC005184,CUST04743,Savings,147546.39,0,Active,2021-05-11
ACC005185,CUST03809,Savings,194844.2,0,Active,2018-08-10
ACC005186,CUST03338,Savings,204157.71,0,Active,2025-06-10
ACC005187,CUST04162,Savings,103609.01,0,Active,2022-07-07
ACC005188,CUST03548,Current,160192.21,0,Active,2019-10-07
ACC005189,CUST00646,Current,286666.99,0,Active,2024-12-11
ACC005190,CUST04785,Savings,285284.03,0,Active,2020-12-12
ACC005191,CUST02668,Savings,246162.32,0,Active,2024-03-30
ACC005192,CUST02147,Current,44500.0,0,Active,2024-09-01
ACC005193,CUST00021,Savings,108655.7,0,Active,2022-07-18
ACC005194,CUST02973,Savings,274812.95,0,Active,2022-09-18
ACC005195,CUST00662,Current,44302.67,0,Inactive,2021-05-10
ACC005196,CUST01738,Savings,129299.56,0,Active,2023-08-23
ACC005197,CUST01740,Current,90734.14,0,Active,2022-05-03
ACC005198,CUST04251,Savings,162230.13,0,Active,2020-08-18
ACC005199,CUST04158,Current,25815.11,0,Active,2023-03-08
ACC005200,CUST02817,Savings,260041.74,0,Active,2025-01-10
ACC005201,CUST04265,Savings,133150.68,0,Inactive,2021-01-20
ACC005202,CUST00915,Savings,63788.72,0,Active,2019-03-01
ACC005203,CUST01879,Savings,82574.2,0,Active,2023-09-07
ACC005204,CUST03694,Savings,165562.49,0,Active,2022-01-23
ACC005205,CUST02508,Savings,78344.69,0,Active,2023-07-21
ACC005206,CUST02010,Savings,332812.02,0,Active,2018-12-30
ACC005207,CUST03317,Savings,123799.92,0,Active,2025-01-06
ACC005208,CUST02510,Savings,299128.96,0,Active,2022-02-22
ACC005209,CUST02696,Credit,147698.79,205670,Active,2019-02-01
ACC005210,CUST01262,Current,199238.22,0,Active,2021-04-07
ACC005211,CUST02412,Current,192390.51,0,Active,2018-01-30
ACC005212,CUST04150,Current,98180.29,0,Active,2019-03-27
ACC005213,CUST03206,Savings,200673.14,0,Active,2021-09-28
ACC005214,CUST01304,Current,103726.08,0,Active,2021-06-15
ACC005215,CUST01218,Current,41191.8,0,Active,2021-09-26
ACC005216,CUST02373,Savings,117112.27,0,Active,2020-12-01
ACC005217,CUST04407,Current,57489.26,0,Active,2023-08-10
ACC005218,CUST03609,Current,101448.63,0,Active,2022-07-14
ACC005219,CUST00598,Current,130500.67,0,Active,2020-07-10
ACC005220,CUST02415,Current,72124.06,0,Active,2018-12-26
ACC005221,CUST04027,Savings,184350.72,0,Active,2024-05-19
ACC005222,CUST03366,Savings,102948.48,0,Active,2019-06-30
ACC005223,CUST04634,Savings,56266.43,0,Active,2023-11-15
ACC005224,CUST02416,Savings,72915.82,0,Active,2022-04-24
ACC005225,CUST03108,Current,142326.86,0,Active,2019-08-18
ACC005226,CUST04169,Savings,113952.68,0,Inactive,2018-03-29
ACC005227,CUST04737,Savings,158639.81,0,Active,2020-08-23
ACC005228,CUST02527,Savings,142931.94,0,Active,2022-09-26
ACC005229,CUST04143,Credit,68363.75,164428,Active,2020-11-14
ACC005230,CUST00736,Savings,89319.76,0,Active,2025-05-26
ACC005231,CUST04172,Current,216910.96,0,Active,2021-04-07
ACC005232,CUST02788,Credit,76393.39,383618,Active,2022-04-17
ACC005233,CUST01342,Savings,303101.65,0,Active,2024-03-29
ACC005234,CUST03730,Savings,47755.51,0,Active,2021-05-07
ACC005235,CUST04967,Savings,212879.83,0,Active,2021-12-26
ACC005236,CUST04678,Current,125020.04,0,Active,2022-11-20
ACC005237,CUST04948,Savings,68666.35,0,Active,2021-10-11
ACC005238,CUST04591,Current,139937.1,0,Active,2022-11-29
ACC005239,CUST00985,Current,78086.92,0,Active,2019-04-17
ACC005240,CUST00896,Credit,93105.84,327624,Active,2024-09-27
ACC005241,CUST01406,Savings,104537.63,0,Active,2021-07-28
ACC005242,CUST00289,Savings,203353.87,0,Inactive,2022-02-25
ACC005243,CUST02045,Savings,88487.82,0,Active,2018-05-09
ACC005244,CUST00853,Savings,153001.45,0,Active,2018-07-06
ACC005245,CUST03827,Credit,207847.27,168117,Active,2020-03-16
ACC005246,CUST00598,Current,137655.43,0,Active,2022-11-18
ACC005247,CUST02643,Credit,166947.13,230371,Active,2019-08-22
ACC005248,CUST01702,Current,130045.25,0,Active,2023-08-07
ACC005249,CUST00408,Current,182141.6,0,Active,2018-01-28
ACC005250,CUST01756,Savings,55117.75,0,Active,2019-10-29
ACC005251,CUST02178,Current,287985.58,0,Active,2021-06-26
ACC005252,CUST03675,Current,84870.59,0,Active,2025-06-26
ACC005253,CUST03133,Savings,125783.46,0,Active,2025-04-17
ACC005254,CUST04242,Savings,31881.41,0,Active,2022-02-23
ACC005255,CUST02031,Savings,96027.77,0,Active,2019-11-29
ACC005256,CUST02966,Savings,156769.15,0,Active,2019-11-16
ACC005257,CUST04601,Savings,309963.7,0,Active,2022-02-03
ACC005258,CUST00680,Savings,186910.21,0,Active,2021-07-24
ACC005259,CUST04343,Savings,100859.31,0,Active,2019-10-28
ACC005260,CUST02995,Savings,44842.67,0,Active,2023-03-28
ACC005261,CUST02191,Savings,269509.9,0,Active,2023-10-19
ACC005262,CUST04877,Savings,97841.84,0,Active,2025-04-01
ACC005263,CUST03135,Savings,156511.62,0,Active,2024-07-14
ACC005264,CUST01651,Savings,101034.89,0,Active,2018-01-02
ACC005265,CUST00545,Savings,168012.81,0,Active,2025-02-17
ACC005266,CUST02163,Savings,262730.35,0,Active,2021-10-22
ACC005267,CUST00184,Savings,201955.28,0,Active,2021-03-08
ACC005268,CUST04713,Savings,112643.57,0,Active,2025-04-04
ACC005269,CUST00818,Savings,273114.94,0,Active,2019-05-01
ACC005270,CUST01536,Savings,348303.47,0,Active,2025-03-07
ACC005271,CUST01453,Credit,231685.71,263336,Active,2024-06-10
ACC005272,CUST00911,Savings,103012.75,0,Active,2019-11-20
ACC005273,CUST03390,Savings,213137.63,0,Active,2025-07-24
ACC005274,CUST04985,Savings,230336.97,0,Active,2021-09-13
ACC005275,CUST02565,Current,113970.2,0,Active,2025-05-18
ACC005276,CUST04628,Savings,348276.65,0,Active,2023-10-19
ACC005277,CUST04298,Savings,256075.91,0,Inactive,2023-09-07
ACC005278,CUST02554,Savings,117609.53,0,Active,2023-07-19
ACC005279,CUST01188,Savings,102944.54,0,Active,2023-06-14
ACC005280,CUST02534,Current,227352.38,0,Active,2018-11-04
ACC005281,CUST01439,Current,400889.1,0,Active,2018-09-16
ACC005282,CUST00080,Current,57910.47,0,Active,2022-11-10
ACC005283,CUST02805,Savings,172753.25,0,Active,2023-11-19
ACC005284,CUST04190,Current,210925.03,0,Active,2018-01-17
ACC005285,CUST03143,Savings,261385.38,0,Active,2021-01-26
ACC005286,CUST01276,Current,212133.96,0,Active,2018-11-17
ACC005287,CUST01843,Savings,98672.91,0,Inactive,2021-08-20
ACC005288,CUST04900,Savings,53328.04,0,Active,2018-11-15
ACC005289,CUST01403,Savings,110194.18,0,Active,2022-08-10
ACC005290,CUST01519,Credit,208044.65,204609,Active,2023-01-17
ACC005291,CUST03556,Savings,92069.63,0,Active,2021-09-07
ACC005292,CUST00241,Current,284586.37,0,Active,2019-06-29
ACC005293,CUST04257,Savings,123327.47,0,Active,2024-04-18
ACC005294,CUST04295,Current,88378.1,0,Active,2025-01-01
ACC005295,CUST01591,Credit,184060.11,396298,Inactive,2023-05-12
ACC005296,CUST01528,Savings,115679.51,0,Active,2024-12-10
ACC005297,CUST01237,Savings,101186.43,0,Active,2021-09-20
ACC005298,CUST01631,Savings,373745.18,0,Active,2023-11-01
ACC005299,CUST03388,Savings,91704.94,0,Active,2020-09-18
ACC005300,CUST01333,Credit,107753.31,144627,Active,2021-04-25
ACC005301,CUST04238,Credit,185623.25,157296,Active,2021-02-09
ACC005302,CUST01774,Savings,282160.19,0,Active,2022-10-22
ACC005303,CUST02366,Savings,175509.42,0,Active,2019-06-01
ACC005304,CUST04712,Savings,141953.82,0,Active,2018-01-01
ACC005305,CUST02896,Savings,398266.44,0,Active,2023-06-03
ACC005306,CUST02699,Savings,104602.65,0,Active,2021-12-12
ACC005307,CUST00906,Savings,104930.19,0,Active,2022-10-13
ACC005308,CUST00531,Savings,92567.3,0,Active,2025-07-18
ACC005309,CUST04429,Savings,169213.91,0,Active,2020-02-23
ACC005310,CUST03508,Savings,75524.71,0,Active,2020-02-13
ACC005311,CUST04909,Savings,63063.09,0,Active,2019-12-08
ACC005312,CUST02478,Savings,107548.68,0,Active,2019-05-02
ACC005313,CUST04458,Savings,43262.52,0,Active,2018-08-21
ACC005314,CUST03861,Savings,156553.0,0,Active,2018-12-30
ACC005315,CUST03762,Savings,169468.09,0,Active,2022-03-02
ACC005316,CUST01882,Current,186620.16,0,Active,2018-03-30
ACC005317,CUST01086,Current,218479.1,0,Active,2024-07-31
ACC005318,CUST03983,Savings,109461.95,0,Active,2025-02-27
ACC005319,CUST03303,Savings,263953.89,0,Active,2021-09-21
ACC005320,CUST03502,Credit,249314.55,309504,Active,2020-08-11
ACC005321,CUST04975,Savings,68631.43,0,Active,2021-03-31
ACC005322,CUST02778,Savings,130289.74,0,Active,2021-10-30
ACC005323,CUST01605,Current,22357.66,0,Active,2024-04-12
ACC005324,CUST02142,Savings,266066.5,0,Active,2022-04-25
ACC005325,CUST01555,Savings,216279.54,0,Active,2025-04-07
ACC005326,CUST01990,Savings,300580.64,0,Active,2023-08-16
ACC005327,CUST01622,Credit,47477.18,382320,Active,2019-09-16
ACC005328,CUST01683,Current,178378.39,0,Active,2018-02-06
ACC005329,CUST04353,Savings,96582.96,0,Active,2022-12-12
ACC005330,CUST01222,Savings,31413.51,0,Active,2019-05-02
ACC005331,CUST02450,Savings,234610.66,0,Active,2022-07-24
ACC005332,CUST00364,Savings,58715.38,0,Active,2025-08-28
ACC005333,CUST02492,Savings,165170.74,0,Active,2022-06-03
ACC005334,CUST03302,Credit,95883.53,173407,Active,2018-09-26
ACC005335,CUST04045,Savings,148767.46,0,Active,2018-03-26
ACC005336,CUST01689,Current,220216.79,0,Active,2020-11-18
ACC005337,CUST02967,Current,149012.83,0,Active,2025-03-05
ACC005338,CUST04782,Credit,74543.11,273398,Active,2023-05-22
ACC005339,CUST03112,Savings,378908.04,0,Inactive,2020-07-25
ACC005340,CUST01028,Current,110440.81,0,Active,2022-07-02
ACC005341,CUST01366,Current,84433.13,0,Active,2023-11-24
ACC005342,CUST04805,Current,127841.79,0,Active,2023-06-09
ACC005343,CUST00528,Current,48299.39,0,Active,2018-01-08
ACC005344,CUST01796,Savings,89403.42,0,Active,2021-04-03
ACC005345,CUST04885,Savings,114628.26,0,Active,2024-03-18
ACC005346,CUST01771,Current,156115.0,0,Active,2019-05-16
ACC005347,CUST04268,Savings,138602.54,0,Active,2019-07-02
ACC005348,CUST00386,Credit,178655.09,366389,Active,2018-05-01
ACC005349,CUST03793,Savings,130994.28,0,Active,2023-12-16
ACC005350,CUST04365,Credit,247703.49,395029,Active,2022-08-23
ACC005351,CUST03464,Savings,196600.22,0,Active,2019-10-25
ACC005352,CUST02224,Current,170676.05,0,Active,2023-08-22
ACC005353,CUST03825,Savings,270785.31,0,Active,2023-04-12
ACC005354,CUST02526,Savings,270768.56,0,Active,2022-04-09
ACC005355,CUST02853,Savings,144677.77,0,Active,2025-06-16
ACC005356,CUST03390,Savings,107102.57,0,Active,2022-03-20
ACC005357,CUST00111,Credit,152742.47,374690,Active,2024-06-25
ACC005358,CUST02801,Savings,124272.28,0,Active,2021-12-27
ACC005359,CUST01494,Savings,104471.5,0,Active,2023-02-12
ACC005360,CUST04163,Credit,149201.48,242155,Active,2019-09-26
ACC005361,CUST02581,Savings,167629.09,0,Active,2023-05-18
ACC005362,CUST00953,Savings,191213.04,0,Active,2019-10-19
ACC005363,CUST04180,Credit,295000.82,92000,Active,2022-04-20
ACC005364,CUST01204,Current,157883.95,0,Active,2021-10-21
ACC005365,CUST01749,Current,132757.48,0,Active,2019-08-05
ACC005366,CUST02477,Savings,231333.94,0,Active,2021-04-05
ACC005367,CUST03313,Savings,79502.32,0,Active,2025-01-24
ACC005368,CUST04081,Savings,43610.45,0,Active,2024-01-30
ACC005369,CUST03422,Savings,176957.04,0,Inactive,2022-08-28
ACC005370,CUST03678,Savings,110178.46,0,Inactive,2024-11-08
ACC005371,CUST00804,Current,115363.49,0,Active,2019-07-04
ACC005372,CUST02392,Current,78272.02,0,Active,2022-10-13
ACC005373,CUST04079,Current,257725.58,0,Active,2023-09-09
ACC005374,CUST00665,Current,44954.02,0,Active,2024-05-29
ACC005375,CUST02350,Savings,187239.76,0,Active,2020-11-24
ACC005376,CUST02818,Savings,133868.74,0,Active,2023-02-07
ACC005377,CUST01242,Current,305274.84,0,Active,2019-01-04
ACC005378,CUST02545,Savings,231912.05,0,Active,2019-07-22
ACC005379,CUST02293,Savings,64818.69,0,Active,2020-12-24
ACC005380,CUST04722,Savings,196703.46,0,Active,2022-12-08
ACC005381,CUST01133,Savings,174012.34,0,Active,2018-10-16
ACC005382,CUST00798,Savings,128003.54,0,Active,2019-02-18
ACC005383,CUST00751,Savings,188039.22,0,Active,2021-01-25
ACC005384,CUST00435,Savings,89270.45,0,Active,2021-08-24
ACC005385,CUST00263,Savings,141927.96,0,Active,2022-09-23
ACC005386,CUST04605,Savings,135300.89,0,Active,2022-11-14
ACC005387,CUST04190,Current,80955.97,0,Active,2025-01-19
ACC005388,CUST02853,Savings,110340.24,0,Active,2018-03-27
ACC005389,CUST02574,Credit,99021.07,172669,Active,2020-03-13
ACC005390,CUST00078,Savings,167558.27,0,Active,2022-09-07
ACC005391,CUST00201,Savings,266182.91,0,Active,2020-08-26
ACC005392,CUST03549,Credit,55318.0,142756,Active,2021-06-07
ACC005393,CUST00210,Credit,170507.27,261376,Active,2024-03-08
ACC005394,CUST01786,Savings,96754.06,0,Active,2024-12-10
ACC005395,CUST00842,Savings,223791.67,0,Active,2025-08-01
ACC005396,CUST00274,Savings,169315.26,0,Active,2019-10-15
ACC005397,CUST00135,Current,46110.1,0,Active,2024-12-15
ACC005398,CUST03323,Credit,149274.95,305216,Active,2020-12-15
ACC005399,CUST02893,Savings,123930.35,0,Inactive,2019-06-20
ACC005400,CUST03417,Current,59419.27,0,Active,2021-02-07
ACC005401,CUST00648,Savings,97548.91,0,Active,2022-11-11
ACC005402,CUST01635,Savings,145389.49,0,Inactive,2020-05-10
ACC005403,CUST02347,Savings,99346.08,0,Active,2018-07-31
ACC005404,CUST03451,Savings,238357.68,0,Active,2020-10-02
ACC005405,CUST02014,Savings,123256.35,0,Inactive,2020-08-25
ACC005406,CUST01770,Credit,93207.21,364124,Active,2019-10-08
ACC005407,CUST04894,Current,150181.38,0,Active,2025-07-30
ACC005408,CUST00749,Savings,161692.91,0,Active,2019-05-08
ACC005409,CUST01850,Savings,224949.34,0,Active,2019-10-19
ACC005410,CUST00898,Current,138589.09,0,Active,2024-05-13
ACC005411,CUST02863,Savings,157872.71,0,Active,2022-06-05
ACC005412,CUST01865,Savings,110156.99,0,Active,2020-06-23
ACC005413,CUST01690,Current,309477.48,0,Active,2022-08-07
ACC005414,CUST02110,Savings,168732.11,0,Active,2019-12-25
ACC005415,CUST02248,Current,147339.33,0,Active,2021-10-21
ACC005416,CUST03942,Current,99346.58,0,Active,2023-07-01
ACC005417,CUST01752,Current,241348.3,0,Active,2021-08-22
ACC005418,CUST01056,Savings,42687.87,0,Inactive,2024-12-24
ACC005419,CUST02760,Savings,150688.12,0,Active,2023-03-20
ACC005420,CUST00389,Current,90042.82,0,Active,2019-11-25
ACC005421,CUST01969,Credit,212416.6,56371,Active,2023-06-04
ACC005422,CUST01596,Savings,162628.59,0,Active,2022-08-28
ACC005423,CUST03869,Savings,148603.66,0,Active,2022-01-15
ACC005424,CUST03839,Savings,69510.53,0,Active,2019-04-05
ACC005425,CUST04255,Savings,129171.69,0,Active,2023-07-10
ACC005426,CUST04555,Savings,166389.55,0,Active,2022-07-25
ACC005427,CUST02718,Savings,225035.42,0,Active,2025-04-22
ACC005428,CUST02919,Credit,178787.32,361543,Active,2021-11-29
ACC005429,CUST00482,Savings,212404.4,0,Active,2020-06-18
ACC005430,CUST03812,Current,52356.93,0,Active,2019-03-06
ACC005431,CUST00875,Credit,146597.68,197020,Active,2023-03-10
ACC005432,CUST03374,Savings,230013.47,0,Active,2021-04-09
ACC005433,CUST02804,Current,25616.96,0,Active,2025-03-08
ACC005434,CUST01439,Savings,117290.86,0,Inactive,2019-07-07
ACC005435,CUST01531,Savings,167323.78,0,Active,2025-08-31
ACC005436,CUST01674,Savings,247365.36,0,Active,2023-07-05
ACC005437,CUST02766,Current,142886.07,0,Active,2022-05-19
ACC005438,CUST01454,Savings,133480.64,0,Active,2019-02-28
ACC005439,CUST01199,Savings,158917.44,0,Active,2019-06-23
ACC005440,CUST04395,Savings,168243.96,0,Active,2025-03-31
ACC005441,CUST00814,Savings,77728.15,0,Active,2019-12-26
ACC005442,CUST04953,Savings,99243.05,0,Active,2024-08-23
ACC005443,CUST03233,Credit,37542.27,52427,Active,2019-05-26
ACC005444,CUST03705,Savings,90051.57,0,Active,2019-03-15
ACC005445,CUST02730,Savings,66248.43,0,Active,2018-05-04
ACC005446,CUST00157,Savings,77263.22,0,Active,2019-10-07
ACC005447,CUST03503,Savings,399821.68,0,Active,2023-09-21
ACC005448,CUST02523,Savings,239310.01,0,Active,2019-04-06
ACC005449,CUST03524,Savings,67277.32,0,Active,2019-06-21
ACC005450,CUST00754,Credit,56359.39,277256,Active,2023-11-15
ACC005451,CUST03828,Savings,93459.83,0,Active,2025-01-06
ACC005452,CUST03308,Savings,55036.63,0,Active,2018-12-12
ACC005453,CUST02896,Savings,156471.88,0,Active,2024-04-19
ACC005454,CUST02336,Savings,154890.93,0,Active,2022-02-27
ACC005455,CUST03150,Savings,76499.89,0,Active,2021-05-06
ACC005456,CUST03816,Savings,197517.9,0,Active,2022-01-31
ACC005457,CUST04625,Current,197636.51,0,Active,2020-08-15
ACC005458,CUST02642,Credit,87494.59,217823,Active,2024-08-12
ACC005459,CUST00084,Savings,74845.87,0,Active,2019-11-28
ACC005460,CUST02728,Current,104318.33,0,Active,2021-09-15
ACC005461,CUST04240,Savings,184051.63,0,Active,2020-11-16
ACC005462,CUST01690,Savings,381199.25,0,Active,2022-05-01
ACC005463,CUST04646,Savings,181538.54,0,Active,2021-01-26
ACC005464,CUST01169,Savings,63501.65,0,Active,2019-11-21
ACC005465,CUST02911,Current,161351.93,0,Active,2022-08-19
ACC005466,CUST01495,Credit,143074.2,293245,Active,2019-12-27
ACC005467,CUST04805,Savings,138176.21,0,Inactive,2021-09-11
ACC005468,CUST04417,Credit,56108.49,86066,Active,2021-05-25
ACC005469,CUST02610,Current,161094.65,0,Active,2020-11-17
ACC005470,CUST02327,Savings,131632.42,0,Active,2018-10-21
ACC005471,CUST01671,Savings,61712.88,0,Active,2019-01-24
ACC005472,CUST00100,Current,327762.68,0,Active,2018-03-01
ACC005473,CUST03873,Current,57431.2,0,Active,2018-11-21
ACC005474,CUST01865,Savings,173329.87,0,Active,2022-09-02
ACC005475,CUST03750,Savings,122204.7,0,Active,2018-10-26
ACC005476,CUST01877,Savings,107771.93,0,Active,2018-08-25
ACC005477,CUST02124,Savings,263902.55,0,Active,2020-07-30
ACC005478,CUST04688,Savings,222960.0,0,Active,2022-03-19
ACC005479,CUST02032,Savings,122501.82,0,Active,2019-08-05
ACC005480,CUST00149,Savings,79346.12,0,Active,2019-09-20
ACC005481,CUST01041,Credit,100305.76,352970,Active,2022-06-17
ACC005482,CUST02729,Savings,112460.9,0,Active,2025-04-22
ACC005483,CUST03981,Savings,225133.15,0,Active,2025-04-30
ACC005484,CUST00750,Savings,165875.79,0,Active,2019-03-11
ACC005485,CUST03153,Savings,229307.4,0,Active,2019-06-05
ACC005486,CUST04380,Savings,54724.51,0,Active,2025-08-27
ACC005487,CUST00477,Savings,240178.8,0,Active,2022-08-23
ACC005488,CUST01243,Current,285319.22,0,Active,2023-11-27
ACC005489,CUST01149,Current,82889.92,0,Active,2018-05-17
ACC005490,CUST02195,Savings,209443.66,0,Active,2019-03-14
ACC005491,CUST02510,Savings,272234.1,0,Active,2020-05-01
ACC005492,CUST02180,Savings,94002.52,0,Active,2021-09-06
ACC005493,CUST01990,Savings,65696.49,0,Active,2021-09-19
ACC005494,CUST01029,Savings,152733.8,0,Active,2025-04-24
ACC005495,CUST02794,Savings,36468.96,0,Active,2021-04-19
ACC005496,CUST04003,Current,238386.76,0,Active,2025-04-14
ACC005497,CUST00710,Savings,76151.28,0,Active,2020-05-02
ACC005498,CUST01680,Savings,115082.52,0,Active,2019-02-17
ACC005499,CUST04529,Current,197794.25,0,Active,2018-09-29
ACC005500,CUST02755,Savings,183242.69,0,Active,2019-08-17
ACC005501,CUST04490,Savings,194482.27,0,Active,2024-05-24
ACC005502,CUST02624,Credit,82622.92,320614,Active,2025-08-05
ACC005503,CUST01715,Savings,160470.61,0,Active,2024-03-04
ACC005504,CUST01719,Savings,216404.92,0,Active,2022-11-29
ACC005505,CUST03225,Current,92160.86,0,Active,2021-10-17
ACC005506,CUST04198,Savings,341149.74,0,Active,2021-12-07
ACC005507,CUST00632,Savings,118189.02,0,Active,2018-12-04
ACC005508,CUST03797,Credit,34338.05,372965,Active,2024-11-02
ACC005509,CUST01713,Credit,117805.76,141778,Active,2024-03-20
ACC005510,CUST03710,Credit,270217.77,99445,Active,2021-11-24
ACC005511,CUST02903,Savings,73075.84,0,Active,2021-11-06
ACC005512,CUST04392,Savings,69265.21,0,Active,2018-11-03
ACC005513,CUST04739,Current,167958.07,0,Active,2024-02-28
ACC005514,CUST00857,Savings,65442.8,0,Active,2024-09-26
ACC005515,CUST00101,Current,63627.41,0,Active,2020-10-15
ACC005516,CUST04085,Savings,78999.3,0,Active,2018-10-25
ACC005517,CUST03674,Savings,309727.56,0,Active,2019-12-11
ACC005518,CUST00799,Savings,178578.59,0,Active,2024-12-15
ACC005519,CUST01942,Credit,138575.81,166347,Active,2022-10-30
ACC005520,CUST00722,Savings,82264.81,0,Active,2022-09-09
ACC005521,CUST00949,Savings,214942.6,0,Active,2022-10-30
ACC005522,CUST03083,Savings,188957.36,0,Active,2022-01-03
ACC005523,CUST03860,Savings,322078.97,0,Active,2023-10-27
ACC005524,CUST03764,Savings,72471.84,0,Active,2018-07-06
ACC005525,CUST00993,Savings,66562.37,0,Active,2023-10-05
ACC005526,CUST01915,Savings,35075.54,0,Active,2021-09-01
ACC005527,CUST02466,Savings,181051.08,0,Inactive,2018-12-15
ACC005528,CUST04622,Savings,154254.78,0,Active,2024-09-18
ACC005529,CUST02015,Savings,105245.19,0,Active,2021-05-23
ACC005530,CUST04266,Current,34541.14,0,Active,2024-02-06
ACC005531,CUST04178,Savings,287984.41,0,Active,2022-04-20
ACC005532,CUST01816,Savings,149584.07,0,Active,2018-11-15
ACC005533,CUST01752,Savings,256541.06,0,Active,2024-11-08
ACC005534,CUST01662,Current,270280.11,0,Active,2023-05-15
ACC005535,CUST01625,Current,178047.0,0,Inactive,2021-11-21
ACC005536,CUST03454,Savings,193171.47,0,Active,2020-11-16
ACC005537,CUST03940,Current,90263.35,0,Active,2020-12-24
ACC005538,CUST02049,Savings,142553.66,0,Active,2020-09-25
ACC005539,CUST03423,Current,232880.83,0,Active,2022-04-26
ACC005540,CUST00835,Current,79151.98,0,Active,2023-08-07
ACC005541,CUST03239,Savings,223663.87,0,Active,2021-08-10
ACC005542,CUST01494,Savings,215632.21,0,Active,2018-11-30
ACC005543,CUST04927,Savings,212450.7,0,Active,2024-08-19
ACC005544,CUST03835,Savings,136754.05,0,Active,2020-10-18
ACC005545,CUST01935,Credit,83071.21,319437,Active,2024-02-24
ACC005546,CUST00186,Savings,340081.12,0,Active,2018-09-29
ACC005547,CUST00047,Savings,278190.31,0,Active,2024-10-17
ACC005548,CUST03479,Savings,138693.8,0,Active,2018-02-21
ACC005549,CUST04536,Savings,154399.49,0,Active,2024-08-11
ACC005550,CUST04538,Savings,113563.88,0,Active,2022-11-27
ACC005551,CUST03689,Current,36963.45,0,Active,2023-06-20
ACC005552,CUST02464,Savings,126660.04,0,Active,2020-05-30
ACC005553,CUST02220,Current,178899.8,0,Active,2024-12-29
ACC005554,CUST04381,Current,93840.0,0,Active,2025-02-06
ACC005555,CUST01812,Savings,109995.47,0,Active,2022-09-21
ACC005556,CUST04502,Current,109380.12,0,Active,2022-07-21
ACC005557,CUST04402,Savings,143675.91,0,Active,2019-05-13
ACC005558,CUST04715,Current,116408.59,0,Active,2022-04-26
ACC005559,CUST00964,Current,76493.51,0,Active,2021-10-31
ACC005560,CUST00079,Savings,143390.27,0,Active,2020-01-06
ACC005561,CUST02864,Current,173633.1,0,Active,2022-06-12
ACC005562,CUST03461,Savings,151197.39,0,Inactive,2021-03-19
ACC005563,CUST02716,Savings,34676.88,0,Active,2024-07-30
ACC005564,CUST04624,Savings,192386.56,0,Active,2025-04-26
ACC005565,CUST01684,Savings,61957.66,0,Active,2020-10-29
ACC005566,CUST04515,Savings,171956.91,0,Active,2024-12-31
ACC005567,CUST03057,Savings,176297.51,0,Active,2024-08-21
ACC005568,CUST04969,Savings,46947.6,0,Active,2023-01-05
ACC005569,CUST02306,Savings,219498.77,0,Active,2020-06-29
ACC005570,CUST02766,Savings,338127.75,0,Active,2023-02-23
ACC005571,CUST01212,Credit,112019.41,247777,Inactive,2019-02-02
ACC005572,CUST03212,Current,171977.04,0,Active,2020-01-10
ACC005573,CUST01473,Current,100476.54,0,Active,2025-01-19
ACC005574,CUST03439,Current,61371.76,0,Active,2021-12-22
ACC005575,CUST04974,Savings,231349.63,0,Active,2018-05-24
ACC005576,CUST01812,Savings,174451.48,0,Active,2020-06-25
ACC005577,CUST00472,Current,86572.13,0,Active,2024-12-11
ACC005578,CUST01704,Credit,63246.8,90395,Active,2019-08-20
ACC005579,CUST03138,Current,348399.95,0,Active,2019-03-24
ACC005580,CUST03964,Savings,52527.93,0,Active,2023-12-24
ACC005581,CUST01179,Current,188474.45,0,Active,2019-08-12
ACC005582,CUST01473,Savings,148197.53,0,Active,2018-10-01
ACC005583,CUST00931,Credit,206608.43,399975,Active,2021-01-06
ACC005584,CUST00422,Credit,297992.31,120353,Active,2019-08-27
ACC005585,CUST00258,Savings,16490.12,0,Active,2021-03-15
ACC005586,CUST03561,Savings,68216.05,0,Active,2025-04-11
ACC005587,CUST01024,Savings,124266.92,0,Active,2020-11-17
ACC005588,CUST01051,Current,311158.44,0,Active,2020-05-31
ACC005589,CUST03646,Current,103259.32,0,Inactive,2023-03-04
ACC005590,CUST01932,Savings,91161.19,0,Active,2021-12-25
ACC005591,CUST01377,Savings,24797.61,0,Active,2018-01-24
ACC005592,CUST03342,Savings,85553.47,0,Active,2021-07-18
ACC005593,CUST00929,Savings,184778.21,0,Active,2019-05-31
ACC005594,CUST02372,Savings,124751.5,0,Active,2020-06-17
ACC005595,CUST01354,Credit,84168.72,321517,Active,2023-01-18
ACC005596,CUST03668,Savings,350812.07,0,Active,2020-08-16
ACC005597,CUST04830,Current,111665.86,0,Active,2022-05-31
ACC005598,CUST04252,Savings,143666.47,0,Active,2022-01-29
ACC005599,CUST02692,Savings,80810.25,0,Active,2018-01-21
ACC005600,CUST04667,Credit,61057.67,113974,Active,2025-07-07
ACC005601,CUST01784,Savings,198959.75,0,Active,2021-04-06
ACC005602,CUST04943,Savings,40433.32,0,Active,2024-01-20
ACC005603,CUST00491,Savings,175784.29,0,Active,2024-09-28
ACC005604,CUST00427,Current,11692.65,0,Active,2023-12-12
ACC005605,CUST04795,Current,161608.08,0,Active,2021-08-29
ACC005606,CUST04049,Savings,65354.88,0,Active,2019-01-21
ACC005607,CUST03450,Current,74970.98,0,Active,2024-04-02
ACC005608,CUST00810,Current,112216.37,0,Inactive,2019-05-13
ACC005609,CUST00199,Savings,57703.05,0,Active,2021-07-27
ACC005610,CUST04245,Savings,32678.13,0,Active,2020-07-23
ACC005611,CUST03904,Savings,119269.74,0,Active,2022-02-08
ACC005612,CUST04588,Savings,204738.02,0,Active,2023-10-22
ACC005613,CUST02226,Savings,152671.79,0,Active,2019-10-14
ACC005614,CUST00660,Savings,247026.27,0,Active,2023-09-09
ACC005615,CUST01280,Credit,36004.28,73228,Active,2021-09-19
ACC005616,CUST01814,Savings,103736.45,0,Active,2023-12-25
ACC005617,CUST00644,Savings,136145.68,0,Active,2020-06-28
ACC005618,CUST03859,Savings,75018.72,0,Active,2025-05-18
ACC005619,CUST01619,Current,139726.31,0,Active,2023-03-10
ACC005620,CUST02313,Savings,239439.49,0,Active,2022-09-11
ACC005621,CUST03025,Savings,178719.2,0,Active,2021-11-05
ACC005622,CUST02013,Savings,258805.61,0,Active,2021-01-01
ACC005623,CUST02741,Savings,157812.66,0,Active,2018-04-27
ACC005624,CUST04708,Savings,125172.85,0,Active,2024-07-05
ACC005625,CUST01727,Savings,299836.93,0,Active,2024-11-07
ACC005626,CUST03626,Savings,143087.36,0,Active,2025-01-15
ACC005627,CUST00539,Savings,336343.5,0,Active,2023-08-12
ACC005628,CUST03290,Current,222286.46,0,Active,2019-09-21
ACC005629,CUST00328,Current,86309.04,0,Active,2019-10-25
ACC005630,CUST00381,Savings,117618.09,0,Active,2018-04-02
ACC005631,CUST04059,Savings,298379.32,0,Active,2021-11-02
ACC005632,CUST03257,Savings,247076.07,0,Active,2020-10-31
ACC005633,CUST00974,Savings,202990.34,0,Active,2021-01-31
ACC005634,CUST04124,Current,190514.98,0,Active,2019-06-16
ACC005635,CUST04157,Savings,53880.23,0,Active,2021-03-11
ACC005636,CUST01033,Savings,63005.09,0,Inactive,2018-11-21
ACC005637,CUST00287,Savings,153330.19,0,Active,2024-01-21
ACC005638,CUST02068,Current,76048.96,0,Active,2022-04-19
ACC005639,CUST04439,Savings,112784.98,0,Active,2018-03-18
ACC005640,CUST04488,Savings,107836.56,0,Active,2022-04-15
ACC005641,CUST02175,Savings,185054.63,0,Active,2019-12-24
ACC005642,CUST02537,Current,156845.05,0,Active,2020-10-26
ACC005643,CUST02652,Current,236405.8,0,Active,2024-10-22
ACC005644,CUST00672,Savings,158599.83,0,Active,2021-04-24
ACC005645,CUST03026,Current,151590.61,0,Active,2022-12-21
ACC005646,CUST01160,Savings,133283.66,0,Active,2020-09-22
ACC005647,CUST01168,Savings,256845.92,0,Active,2024-05-08
ACC005648,CUST01648,Credit,134153.23,235799,Active,2025-04-18
ACC005649,CUST04121,Savings,84636.24,0,Active,2019-01-07
ACC005650,CUST03734,Savings,195802.09,0,Active,2022-11-09
ACC005651,CUST03671,Savings,124386.19,0,Active,2021-07-12
ACC005652,CUST03855,Savings,220744.51,0,Active,2019-03-04
ACC005653,CUST04540,Current,272256.27,0,Active,2023-06-10
ACC005654,CUST02033,Savings,117768.51,0,Active,2018-02-07
ACC005655,CUST04153,Savings,266835.87,0,Active,2024-09-09
ACC005656,CUST01834,Current,223985.11,0,Active,2022-11-07
ACC005657,CUST03120,Savings,94387.79,0,Active,2023-05-18
ACC005658,CUST02510,Credit,77003.54,346645,Active,2022-03-24
ACC005659,CUST03471,Savings,72858.88,0,Active,2022-08-29
ACC005660,CUST01037,Savings,61978.54,0,Active,2024-09-05
ACC005661,CUST00928,Savings,252431.46,0,Active,2020-12-11
ACC005662,CUST01580,Savings,118800.7,0,Active,2023-07-29
ACC005663,CUST03665,Credit,323762.2,338279,Active,2022-08-31
ACC005664,CUST00032,Savings,87222.29,0,Active,2018-11-27
ACC005665,CUST03496,Savings,97952.16,0,Active,2022-10-15
ACC005666,CUST00861,Savings,180024.11,0,Active,2024-08-26
ACC005667,CUST02933,Savings,314438.09,0,Active,2024-05-07
ACC005668,CUST01531,Current,95233.55,0,Active,2023-11-13
ACC005669,CUST00551,Current,209797.39,0,Active,2025-08-23
ACC005670,CUST00448,Savings,133834.59,0,Active,2021-03-02
ACC005671,CUST00461,Credit,181261.29,60948,Active,2021-06-28
ACC005672,CUST04212,Current,79917.82,0,Active,2020-06-10
ACC005673,CUST03488,Savings,197542.74,0,Active,2019-05-09
ACC005674,CUST01797,Savings,113047.71,0,Active,2025-01-11
ACC005675,CUST04268,Credit,100827.96,309649,Active,2025-08-28
ACC005676,CUST00022,Savings,130667.11,0,Active,2020-06-16
ACC005677,CUST03927,Savings,187653.01,0,Active,2020-12-19
ACC005678,CUST01657,Savings,120965.96,0,Active,2022-08-11
ACC005679,CUST00061,Savings,101446.7,0,Active,2018-12-22
ACC005680,CUST03050,Savings,123407.18,0,Active,2024-09-10
ACC005681,CUST02053,Current,121593.46,0,Active,2020-02-19
ACC005682,CUST01587,Savings,178988.84,0,Inactive,2021-02-16
ACC005683,CUST00974,Current,105555.09,0,Active,2021-08-08
ACC005684,CUST03379,Savings,103929.4,0,Active,2024-02-26
ACC005685,CUST00468,Savings,80373.45,0,Active,2018-10-04
ACC005686,CUST02823,Savings,185594.42,0,Active,2022-06-26
ACC005687,CUST02706,Current,144864.52,0,Active,2018-11-29
ACC005688,CUST03800,Current,255964.03,0,Active,2022-01-25
ACC005689,CUST00819,Savings,237814.22,0,Active,2019-02-17
ACC005690,CUST01399,Savings,153302.41,0,Inactive,2022-07-17
ACC005691,CUST02790,Credit,125835.3,276608,Active,2022-08-11
ACC005692,CUST00479,Savings,134088.13,0,Active,2020-02-28
ACC005693,CUST00498,Current,90937.75,0,Active,2018-03-06
ACC005694,CUST01555,Savings,80924.34,0,Active,2018-09-23
ACC005695,CUST00065,Savings,73631.03,0,Active,2023-12-16
ACC005696,CUST04848,Savings,119604.64,0,Active,2024-06-09
ACC005697,CUST01370,Savings,18655.3,0,Active,2023-06-15
ACC005698,CUST02899,Current,307646.93,0,Active,2025-04-26
ACC005699,CUST03133,Savings,357591.93,0,Active,2019-08-20
ACC005700,CUST00145,Savings,68393.82,0,Active,2021-10-15
ACC005701,CUST01305,Savings,354470.03,0,Active,2021-10-25
ACC005702,CUST03081,Savings,69031.49,0,Inactive,2024-07-27
ACC005703,CUST01162,Savings,134536.7,0,Active,2020-02-27
ACC005704,CUST01477,Savings,167414.41,0,Active,2019-11-03
ACC005705,CUST01474,Savings,141582.33,0,Active,2025-05-12
ACC005706,CUST00907,Savings,95065.28,0,Active,2020-04-11
ACC005707,CUST04655,Credit,92201.33,188275,Inactive,2022-10-28
ACC005708,CUST04707,Savings,211108.56,0,Active,2023-09-06
ACC005709,CUST02335,Savings,260157.38,0,Active,2020-07-09
ACC005710,CUST03150,Current,38224.04,0,Active,2021-05-24
ACC005711,CUST01554,Savings,154985.93,0,Active,2019-06-19
ACC005712,CUST03594,Credit,188473.88,159365,Active,2024-02-10
ACC005713,CUST01671,Savings,148777.09,0,Inactive,2020-07-19
ACC005714,CUST00203,Savings,52240.75,0,Active,2018-09-09
ACC005715,CUST02380,Current,180074.22,0,Active,2024-09-06
ACC005716,CUST02806,Current,240615.21,0,Active,2023-11-23
ACC005717,CUST02067,Savings,79548.84,0,Active,2021-10-11
ACC005718,CUST02660,Savings,94402.67,0,Active,2022-02-21
ACC005719,CUST02849,Savings,150341.99,0,Active,2024-01-06
ACC005720,CUST00674,Savings,127936.48,0,Active,2020-10-06
ACC005721,CUST02532,Savings,94721.2,0,Active,2024-04-22
ACC005722,CUST03053,Current,60845.89,0,Active,2018-04-18
ACC005723,CUST03808,Savings,99812.81,0,Active,2021-01-31
ACC005724,CUST04677,Savings,27579.75,0,Active,2022-08-04
ACC005725,CUST04747,Savings,190366.73,0,Active,2023-09-08
ACC005726,CUST02525,Savings,85561.09,0,Active,2021-05-02
ACC005727,CUST02278,Current,207827.2,0,Active,2023-05-04
ACC005728,CUST02546,Savings,116508.82,0,Active,2019-09-07
ACC005729,CUST02928,Savings,145190.36,0,Active,2024-08-09
ACC005730,CUST00620,Current,43556.7,0,Active,2018-03-18
ACC005731,CUST00086,Savings,198439.25,0,Active,2020-05-12
ACC005732,CUST03817,Savings,473026.76,0,Active,2024-06-12
ACC005733,CUST04931,Savings,105960.35,0,Active,2021-09-22
ACC005734,CUST04293,Savings,143586.83,0,Active,2019-08-22
ACC005735,CUST03499,Current,154380.86,0,Active,2025-02-20
ACC005736,CUST03755,Current,55438.44,0,Active,2023-03-14
ACC005737,CUST02620,Savings,66409.49,0,Active,2024-07-13
ACC005738,CUST01949,Savings,182282.79,0,Active,2021-03-20
ACC005739,CUST00818,Savings,79579.64,0,Active,2024-06-22
ACC005740,CUST03381,Savings,115892.12,0,Active,2022-07-12
ACC005741,CUST00611,Savings,145388.48,0,Active,2018-02-23
ACC005742,CUST00550,Savings,186044.26,0,Active,2024-04-07
ACC005743,CUST02109,Credit,119791.3,340921,Active,2024-11-23
ACC005744,CUST01968,Savings,121715.67,0,Active,2024-01-03
ACC005745,CUST01752,Savings,431809.56,0,Active,2022-04-21
ACC005746,CUST04492,Current,226901.55,0,Active,2020-02-06
ACC005747,CUST02291,Savings,107798.34,0,Inactive,2023-01-23
ACC005748,CUST01802,Current,122585.78,0,Active,2024-01-03
ACC005749,CUST03453,Current,342683.63,0,Active,2023-10-23
ACC005750,CUST04527,Savings,186423.74,0,Active,2019-04-13
ACC005751,CUST03329,Savings,243556.52,0,Active,2019-10-29
ACC005752,CUST02929,Savings,106096.65,0,Active,2020-07-31
ACC005753,CUST02497,Savings,98504.86,0,Active,2024-09-22
ACC005754,CUST00737,Savings,296932.7,0,Active,2024-10-02
ACC005755,CUST04034,Savings,128231.15,0,Active,2023-08-06
ACC005756,CUST00649,Savings,127019.0,0,Active,2021-07-12
ACC005757,CUST01523,Savings,101788.51,0,Active,2023-04-05
ACC005758,CUST03394,Savings,238158.5,0,Active,2022-12-05
ACC005759,CUST02140,Savings,149779.07,0,Inactive,2018-02-05
ACC005760,CUST03163,Savings,63627.31,0,Active,2022-12-08
ACC005761,CUST04918,Current,94724.29,0,Active,2020-10-28
ACC005762,CUST01382,Savings,266547.51,0,Active,2024-10-01
ACC005763,CUST01141,Credit,151883.85,79390,Active,2022-03-25
ACC005764,CUST00716,Savings,239511.18,0,Inactive,2018-12-18
ACC005765,CUST01021,Savings,168496.38,0,Active,2020-11-24
ACC005766,CUST02582,Current,69600.32,0,Active,2025-06-06
ACC005767,CUST01655,Savings,179153.27,0,Inactive,2022-03-02
ACC005768,CUST00327,Savings,130077.5,0,Active,2018-05-24
ACC005769,CUST00875,Savings,96402.34,0,Active,2023-11-18
ACC005770,CUST00786,Current,101726.21,0,Active,2024-12-11
ACC005771,CUST03699,Current,236080.61,0,Active,2019-06-15
ACC005772,CUST01049,Savings,154895.67,0,Active,2021-01-31
ACC005773,CUST00160,Savings,148525.48,0,Active,2020-04-12
ACC005774,CUST00678,Savings,313664.49,0,Active,2019-01-01
ACC005775,CUST01932,Credit,86419.86,61630,Active,2023-10-15
ACC005776,CUST04758,Savings,126354.02,0,Active,2019-03-18
ACC005777,CUST01324,Savings,91163.9,0,Active,2023-01-27
ACC005778,CUST02695,Savings,177155.0,0,Active,2020-07-28
ACC005779,CUST00887,Savings,150101.49,0,Active,2021-11-13
ACC005780,CUST02731,Credit,107430.47,100631,Active,2024-06-11
ACC005781,CUST03808,Savings,115739.29,0,Active,2022-12-08
ACC005782,CUST01411,Current,222940.45,0,Inactive,2018-02-28
ACC005783,CUST03180,Current,255557.25,0,Active,2021-12-09
ACC005784,CUST00986,Credit,94446.48,377153,Active,2024-07-05
ACC005785,CUST04057,Savings,484443.44,0,Active,2022-10-06
ACC005786,CUST01176,Current,54348.06,0,Active,2019-01-21
ACC005787,CUST01633,Current,67752.98,0,Active,2023-05-06
ACC005788,CUST01196,Credit,112633.85,219852,Active,2024-02-15
ACC005789,CUST01554,Savings,83430.82,0,Active,2018-05-09
ACC005790,CUST02345,Savings,76999.29,0,Active,2023-07-31
ACC005791,CUST02396,Current,252052.9,0,Active,2020-11-04
ACC005792,CUST03918,Savings,180857.08,0,Active,2021-05-19
ACC005793,CUST03728,Current,141050.03,0,Active,2024-09-10
ACC005794,CUST02448,Credit,96729.03,362889,Active,2020-06-26
ACC005795,CUST00550,Current,69668.16,0,Active,2022-02-09
ACC005796,CUST00208,Current,67531.21,0,Active,2019-12-15
ACC005797,CUST00146,Savings,251359.64,0,Active,2018-08-26
ACC005798,CUST00073,Credit,245615.43,72867,Active,2023-03-14
ACC005799,CUST03312,Current,114250.41,0,Active,2022-08-22
ACC005800,CUST02264,Current,51221.17,0,Active,2023-10-21
ACC005801,CUST04340,Savings,189823.0,0,Active,2021-11-22
ACC005802,CUST00987,Current,114506.41,0,Active,2018-11-13
ACC005803,CUST00125,Savings,228338.58,0,Active,2024-05-29
ACC005804,CUST01024,Savings,66797.93,0,Active,2024-06-04
ACC005805,CUST02019,Savings,140392.38,0,Inactive,2023-09-18
ACC005806,CUST01895,Current,62772.33,0,Active,2019-12-18
ACC005807,CUST04875,Savings,84905.03,0,Active,2023-02-11
ACC005808,CUST03932,Savings,83611.5,0,Active,2020-05-24
ACC005809,CUST00154,Current,113166.63,0,Active,2022-01-11
ACC005810,CUST04351,Current,263305.28,0,Active,2023-08-20
ACC005811,CUST02800,Savings,144704.94,0,Active,2020-06-11
ACC005812,CUST00981,Savings,207449.81,0,Active,2020-11-27
ACC005813,CUST01493,Savings,139524.85,0,Active,2021-08-29
ACC005814,CUST04403,Savings,103842.19,0,Active,2022-12-22
ACC005815,CUST04268,Savings,31125.34,0,Active,2020-05-27
ACC005816,CUST02668,Savings,69193.39,0,Active,2025-09-01
ACC005817,CUST00376,Savings,133351.62,0,Active,2022-07-26
ACC005818,CUST02832,Savings,147307.26,0,Active,2019-07-19
ACC005819,CUST00205,Savings,228798.09,0,Active,2019-01-12
ACC005820,CUST02809,Current,42208.16,0,Inactive,2025-03-10
ACC005821,CUST00241,Savings,391694.07,0,Active,2024-07-05
ACC005822,CUST00143,Savings,30831.79,0,Active,2020-11-15
ACC005823,CUST02755,Savings,128324.02,0,Active,2023-05-07
ACC005824,CUST04522,Current,92439.84,0,Active,2021-12-18
ACC005825,CUST02400,Savings,70017.96,0,Active,2025-05-17
ACC005826,CUST00187,Current,302848.36,0,Inactive,2019-12-20
ACC005827,CUST03588,Savings,94800.47,0,Active,2024-06-30
ACC005828,CUST03686,Credit,39870.84,371681,Active,2021-06-09
ACC005829,CUST02001,Savings,56769.73,0,Active,2022-08-31
ACC005830,CUST04538,Savings,244516.22,0,Active,2018-06-16
ACC005831,CUST04347,Current,58710.53,0,Active,2021-07-18
ACC005832,CUST04388,Savings,48836.68,0,Inactive,2023-03-10
ACC005833,CUST01704,Savings,148938.7,0,Active,2021-09-24
ACC005834,CUST00949,Savings,112676.3,0,Active,2019-08-25
ACC005835,CUST00730,Savings,173399.61,0,Active,2021-02-12
ACC005836,CUST04944,Savings,104131.31,0,Active,2025-03-31
ACC005837,CUST04420,Current,200380.31,0,Active,2022-12-20
ACC005838,CUST02162,Current,52964.16,0,Active,2019-09-03
ACC005839,CUST01073,Savings,46037.4,0,Active,2024-02-13
ACC005840,CUST02156,Savings,156983.47,0,Active,2024-04-16
ACC005841,CUST03494,Savings,112777.98,0,Active,2020-12-02
ACC005842,CUST03122,Current,100643.96,0,Active,2024-05-17
ACC005843,CUST00535,Current,189764.1,0,Active,2023-09-20
ACC005844,CUST03909,Savings,423086.43,0,Active,2019-12-25
ACC005845,CUST02405,Current,46877.06,0,Active,2023-01-22
ACC005846,CUST02889,Current,268717.67,0,Active,2024-09-12
ACC005847,CUST04596,Savings,194430.6,0,Active,2021-09-21
ACC005848,CUST00195,Savings,97887.64,0,Active,2020-12-30
ACC005849,CUST03095,Credit,315516.29,107615,Active,2025-01-20
ACC005850,CUST03863,Savings,57000.22,0,Active,2020-05-04
ACC005851,CUST00795,Savings,169889.38,0,Inactive,2020-07-26
ACC005852,CUST01490,Savings,118682.82,0,Active,2018-10-15
ACC005853,CUST03865,Savings,97899.01,0,Active,2019-04-07
ACC005854,CUST01854,Savings,62735.69,0,Active,2022-07-03
ACC005855,CUST03627,Current,517790.04,0,Active,2024-06-17
ACC005856,CUST04795,Credit,97380.71,206567,Active,2023-05-10
ACC005857,CUST00066,Savings,21862.12,0,Active,2022-10-18
ACC005858,CUST01769,Savings,212802.54,0,Active,2021-02-14
ACC005859,CUST00072,Savings,161358.24,0,Active,2024-05-16
ACC005860,CUST04859,Current,111800.37,0,Active,2022-06-22
ACC005861,CUST03794,Current,105282.22,0,Active,2021-06-27
ACC005862,CUST00338,Savings,126813.2,0,Active,2019-08-12
ACC005863,CUST03408,Savings,213828.72,0,Active,2024-01-25
ACC005864,CUST03625,Current,162699.27,0,Active,2023-12-26
ACC005865,CUST04885,Savings,178477.77,0,Active,2022-10-18
ACC005866,CUST04293,Savings,178422.84,0,Active,2024-09-22
ACC005867,CUST01387,Credit,219369.63,65176,Active,2021-06-19
ACC005868,CUST01381,Savings,255858.56,0,Active,2019-04-28
ACC005869,CUST04563,Savings,86070.43,0,Active,2019-04-20
ACC005870,CUST03294,Savings,148832.81,0,Active,2018-04-30
ACC005871,CUST03555,Savings,249089.58,0,Active,2025-08-07
ACC005872,CUST04271,Savings,85652.05,0,Active,2020-09-18
ACC005873,CUST01783,Savings,281150.95,0,Active,2024-05-31
ACC005874,CUST03703,Current,85152.43,0,Active,2024-05-28
ACC005875,CUST00105,Savings,166228.11,0,Active,2020-10-31
ACC005876,CUST03988,Savings,113022.69,0,Active,2021-02-28
ACC005877,CUST01498,Savings,101819.34,0,Active,2018-07-08
ACC005878,CUST01495,Savings,173352.68,0,Active,2020-11-29
ACC005879,CUST04917,Savings,257048.01,0,Active,2020-05-15
ACC005880,CUST00359,Savings,111351.46,0,Active,2019-07-31
ACC005881,CUST01011,Savings,270119.17,0,Active,2020-01-17
ACC005882,CUST01690,Savings,83116.81,0,Active,2020-08-20
ACC005883,CUST04465,Credit,259168.31,312603,Inactive,2022-05-06
ACC005884,CUST04944,Savings,142157.25,0,Active,2021-03-09
ACC005885,CUST04792,Savings,160330.0,0,Inactive,2020-02-28
ACC005886,CUST03119,Current,61431.82,0,Active,2019-06-16
ACC005887,CUST01328,Savings,99164.48,0,Active,2023-06-08
ACC005888,CUST00719,Savings,131062.65,0,Active,2022-09-15
ACC005889,CUST01429,Current,241082.55,0,Active,2018-12-28
ACC005890,CUST01039,Savings,117045.7,0,Active,2021-08-28
ACC005891,CUST01945,Savings,78803.55,0,Active,2022-12-07
ACC005892,CUST04108,Credit,152676.63,316342,Active,2019-05-21
ACC005893,CUST01304,Savings,366500.93,0,Active,2024-07-18
ACC005894,CUST04973,Savings,162613.98,0,Active,2018-06-27
ACC005895,CUST03572,Savings,116208.78,0,Active,2021-12-26
ACC005896,CUST02120,Savings,153449.69,0,Active,2019-04-10
ACC005897,CUST03876,Current,75244.83,0,Active,2024-09-04
ACC005898,CUST04978,Savings,290847.05,0,Active,2019-05-27
ACC005899,CUST00712,Savings,288035.7,0,Active,2023-09-26
ACC005900,CUST01663,Savings,73251.27,0,Active,2020-06-07
ACC005901,CUST02413,Savings,284004.31,0,Active,2020-07-19
ACC005902,CUST00966,Savings,154375.83,0,Active,2019-02-20
ACC005903,CUST00019,Savings,196668.24,0,Active,2020-04-01
ACC005904,CUST01301,Savings,132707.73,0,Active,2019-04-01
ACC005905,CUST01283,Savings,138777.08,0,Active,2023-12-04
ACC005906,CUST03821,Current,90046.44,0,Active,2021-03-02
ACC005907,CUST03142,Savings,74012.68,0,Inactive,2024-11-28
ACC005908,CUST03681,Credit,71431.07,196913,Active,2019-05-10
ACC005909,CUST02582,Savings,245153.75,0,Active,2021-04-28
ACC005910,CUST01744,Savings,148386.51,0,Active,2019-11-01
ACC005911,CUST02835,Current,76257.95,0,Active,2021-01-26
ACC005912,CUST00158,Savings,141271.16,0,Active,2020-06-03
ACC005913,CUST00353,Current,41564.56,0,Active,2025-03-07
ACC005914,CUST02858,Savings,75265.33,0,Active,2024-11-11
ACC005915,CUST04411,Current,258721.36,0,Active,2022-08-30
ACC005916,CUST03722,Savings,96175.25,0,Active,2023-02-04
ACC005917,CUST04907,Savings,240993.59,0,Active,2019-06-21
ACC005918,CUST03060,Current,126231.5,0,Active,2022-01-22
ACC005919,CUST04921,Savings,197418.02,0,Active,2018-04-24
ACC005920,CUST00618,Savings,63314.39,0,Active,2025-08-08
ACC005921,CUST04379,Savings,180578.76,0,Active,2018-09-27
ACC005922,CUST00599,Current,25286.81,0,Active,2018-05-21
ACC005923,CUST01093,Savings,101795.28,0,Active,2022-09-01
ACC005924,CUST01005,Current,266517.73,0,Active,2020-03-24
ACC005925,CUST01846,Current,135985.13,0,Active,2025-01-31
ACC005926,CUST02152,Savings,72857.96,0,Active,2018-03-15
ACC005927,CUST04619,Savings,254091.85,0,Active,2021-06-15
ACC005928,CUST04386,Savings,391474.37,0,Active,2021-09-23
ACC005929,CUST00706,Current,114300.2,0,Active,2018-09-28
ACC005930,CUST00240,Savings,43811.62,0,Active,2023-03-31
ACC005931,CUST03881,Savings,137142.2,0,Active,2021-03-03
ACC005932,CUST00011,Current,204308.52,0,Active,2019-02-24
ACC005933,CUST00503,Current,118175.92,0,Active,2019-05-08
ACC005934,CUST04788,Savings,28251.12,0,Active,2019-09-02
ACC005935,CUST00263,Savings,192604.19,0,Active,2019-04-12
ACC005936,CUST04627,Savings,83448.15,0,Active,2023-09-25
ACC005937,CUST02626,Savings,100872.57,0,Active,2023-12-05
ACC005938,CUST01630,Savings,45401.73,0,Active,2023-10-06
ACC005939,CUST04913,Credit,20108.89,113606,Active,2023-05-19
ACC005940,CUST03608,Savings,61759.72,0,Active,2023-05-09
ACC005941,CUST00534,Current,95344.5,0,Active,2023-01-16
ACC005942,CUST04219,Credit,94037.95,229118,Active,2022-08-23
ACC005943,CUST04474,Savings,298294.38,0,Active,2018-11-02
ACC005944,CUST03187,Savings,67202.33,0,Active,2022-07-10
ACC005945,CUST01274,Savings,229476.44,0,Active,2022-08-02
ACC005946,CUST04833,Savings,145390.47,0,Active,2023-04-16
ACC005947,CUST03796,Savings,322653.94,0,Inactive,2019-08-25
ACC005948,CUST00223,Savings,127463.71,0,Active,2023-04-29
ACC005949,CUST01455,Savings,30753.49,0,Active,2021-07-19
ACC005950,CUST04109,Credit,120688.45,334397,Active,2023-03-29
ACC005951,CUST04372,Savings,21115.28,0,Active,2020-09-20
ACC005952,CUST02143,Savings,60951.9,0,Active,2019-10-09
ACC005953,CUST01193,Savings,121838.5,0,Active,2018-03-14
ACC005954,CUST01121,Savings,123642.25,0,Active,2022-11-13
ACC005955,CUST00306,Savings,225073.73,0,Active,2023-01-28
ACC005956,CUST04156,Current,171948.28,0,Active,2025-07-24
ACC005957,CUST04559,Current,305063.64,0,Active,2022-12-13
ACC005958,CUST02480,Current,224929.52,0,Active,2025-08-23
ACC005959,CUST02456,Savings,209321.73,0,Active,2018-08-28
ACC005960,CUST02535,Savings,373410.18,0,Active,2025-02-14
ACC005961,CUST02959,Current,218711.71,0,Active,2024-04-04
ACC005962,CUST04603,Current,276551.92,0,Active,2021-12-08
ACC005963,CUST00450,Savings,41752.45,0,Active,2024-09-25
ACC005964,CUST03510,Savings,109771.83,0,Active,2023-08-07
ACC005965,CUST04442,Current,167773.79,0,Active,2023-09-09
ACC005966,CUST00500,Savings,139541.82,0,Active,2024-08-14
ACC005967,CUST02273,Current,81511.32,0,Active,2022-12-25
ACC005968,CUST02120,Current,210756.68,0,Active,2024-05-03
ACC005969,CUST01671,Current,239648.61,0,Active,2024-06-22
ACC005970,CUST00763,Savings,126843.02,0,Active,2023-03-27
ACC005971,CUST02272,Savings,113301.64,0,Active,2025-03-16
ACC005972,CUST03653,Savings,96727.59,0,Active,2019-08-02
ACC005973,CUST03354,Savings,215812.85,0,Active,2021-06-15
ACC005974,CUST04323,Credit,111889.72,247477,Active,2019-08-25
ACC005975,CUST04993,Savings,136934.21,0,Inactive,2021-02-07
ACC005976,CUST04010,Credit,260169.63,372209,Active,2024-01-09
ACC005977,CUST04606,Savings,158449.11,0,Inactive,2022-10-21
ACC005978,CUST01584,Savings,136950.01,0,Active,2019-10-12
ACC005979,CUST01848,Savings,91667.75,0,Active,2021-06-09
ACC005980,CUST01511,Savings,132363.99,0,Active,2021-12-06
ACC005981,CUST02832,Savings,83167.43,0,Active,2025-03-28
ACC005982,CUST04816,Current,152677.7,0,Active,2020-12-13
ACC005983,CUST03456,Savings,99208.11,0,Active,2024-07-14
ACC005984,CUST04094,Current,107519.02,0,Active,2019-02-24
ACC005985,CUST00519,Savings,132990.54,0,Active,2021-10-23
ACC005986,CUST04570,Savings,326670.94,0,Active,2022-08-08
ACC005987,CUST02843,Savings,166079.49,0,Active,2021-04-22
ACC005988,CUST03740,Credit,61430.39,307984,Inactive,2018-10-26
ACC005989,CUST00386,Current,111875.89,0,Active,2022-01-11
ACC005990,CUST02123,Savings,93099.55,0,Active,2025-07-11
ACC005991,CUST03800,Savings,90394.06,0,Active,2021-04-12
ACC005992,CUST04389,Savings,92569.75,0,Active,2024-04-05
ACC005993,CUST01648,Savings,113883.58,0,Active,2025-04-26
ACC005994,CUST02070,Current,84601.14,0,Active,2022-06-24
ACC005995,CUST01230,Current,84859.47,0,Active,2020-01-26
ACC005996,CUST01278,Savings,93335.23,0,Active,2024-07-03
ACC005997,CUST00577,Credit,90444.98,106802,Active,2022-06-13
ACC005998,CUST03411,Savings,76435.65,0,Active,2024-06-05
ACC005999,CUST04426,Savings,187702.28,0,Active,2019-01-13
ACC006000,CUST03608,Savings,104564.97,0,Active,2025-05-14
ACC006001,CUST02514,Current,117123.84,0,Active,2024-06-09
ACC006002,CUST01071,Savings,111599.04,0,Active,2020-01-04
ACC006003,CUST01251,Savings,88171.96,0,Active,2023-11-24
ACC006004,CUST03916,Savings,74474.38,0,Active,2018-06-02
ACC006005,CUST04526,Savings,198274.26,0,Active,2025-04-16
ACC006006,CUST02025,Current,77321.18,0,Active,2018-03-31
ACC006007,CUST02995,Savings,79846.39,0,Active,2025-07-20
ACC006008,CUST04694,Current,232176.74,0,Active,2022-01-13
ACC006009,CUST00391,Savings,94322.4,0,Active,2019-11-29
ACC006010,CUST00747,Current,132326.21,0,Active,2022-09-28
ACC006011,CUST01392,Current,108282.48,0,Active,2019-05-03
ACC006012,CUST01883,Savings,129285.93,0,Active,2025-08-13
ACC006013,CUST02906,Savings,293211.47,0,Active,2020-03-18
ACC006014,CUST01059,Current,83279.09,0,Active,2018-06-27
ACC006015,CUST03862,Savings,188067.64,0,Active,2021-02-23
ACC006016,CUST02701,Current,197842.37,0,Active,2023-12-14
ACC006017,CUST01106,Savings,189571.61,0,Active,2018-06-19
ACC006018,CUST01703,Credit,286002.48,360776,Active,2022-01-30
ACC006019,CUST00493,Current,29094.99,0,Active,2025-08-29
ACC006020,CUST03993,Current,51175.9,0,Active,2025-08-16
ACC006021,CUST00095,Savings,73304.46,0,Inactive,2024-10-26
ACC006022,CUST02713,Savings,97742.06,0,Active,2024-03-03
ACC006023,CUST02674,Savings,154138.9,0,Active,2020-05-28
ACC006024,CUST03837,Savings,75957.56,0,Active,2021-01-22
ACC006025,CUST00067,Savings,75572.18,0,Active,2024-11-03
ACC006026,CUST02930,Current,140214.31,0,Active,2022-09-19
ACC006027,CUST00111,Savings,175835.5,0,Active,2019-04-23
ACC006028,CUST04775,Credit,130914.64,176157,Active,2023-01-07
ACC006029,CUST02739,Savings,180915.69,0,Active,2022-03-06
ACC006030,CUST00463,Current,44118.3,0,Inactive,2022-12-08
ACC006031,CUST03703,Savings,84691.14,0,Active,2024-11-10
ACC006032,CUST03925,Savings,71089.02,0,Active,2023-09-03
ACC006033,CUST02228,Savings,94341.92,0,Active,2021-01-18
ACC006034,CUST00764,Savings,126708.97,0,Active,2020-06-04
ACC006035,CUST03311,Current,36943.12,0,Active,2023-08-24
ACC006036,CUST01638,Credit,93728.74,376027,Active,2024-08-21
ACC006037,CUST03131,Current,84139.86,0,Active,2020-11-11
ACC006038,CUST02173,Current,47080.28,0,Active,2022-03-05
ACC006039,CUST03096,Savings,183483.96,0,Active,2019-11-16
ACC006040,CUST03767,Savings,130462.15,0,Active,2020-10-19
ACC006041,CUST04097,Credit,94762.5,233178,Active,2024-05-17
ACC006042,CUST03746,Savings,314938.39,0,Inactive,2021-02-09
ACC006043,CUST03900,Current,50192.54,0,Active,2018-11-25
ACC006044,CUST01435,Savings,324738.39,0,Active,2018-04-23
ACC006045,CUST01650,Current,113231.57,0,Active,2018-08-21
ACC006046,CUST04989,Savings,79753.44,0,Active,2019-12-02
ACC006047,CUST01562,Savings,96341.99,0,Active,2023-06-20
ACC006048,CUST03464,Savings,102785.19,0,Active,2019-12-25
ACC006049,CUST04332,Savings,348728.14,0,Active,2023-02-25
ACC006050,CUST03744,Savings,154610.96,0,Active,2019-08-14
ACC006051,CUST01045,Savings,63644.65,0,Active,2021-11-05
ACC006052,CUST00642,Savings,197642.19,0,Active,2022-12-17
ACC006053,CUST02011,Savings,103382.81,0,Active,2019-03-31
ACC006054,CUST01768,Credit,15806.22,111678,Active,2021-02-23
ACC006055,CUST03237,Savings,194792.32,0,Active,2022-07-11
ACC006056,CUST03514,Savings,197756.27,0,Active,2022-09-15
ACC006057,CUST00124,Savings,106948.95,0,Active,2024-07-27
ACC006058,CUST03400,Savings,87303.16,0,Active,2021-10-12
ACC006059,CUST02377,Savings,209156.77,0,Active,2023-12-27
ACC006060,CUST02765,Current,84379.44,0,Active,2019-01-23
ACC006061,CUST01374,Savings,235885.72,0,Active,2022-01-29
ACC006062,CUST03120,Savings,85735.61,0,Active,2018-11-23
ACC006063,CUST04972,Current,121349.86,0,Active,2023-02-18
ACC006064,CUST04857,Savings,163964.95,0,Inactive,2020-03-16
ACC006065,CUST02863,Savings,144533.25,0,Active,2023-08-26
ACC006066,CUST03255,Savings,81104.52,0,Active,2020-01-31
ACC006067,CUST01582,Current,158593.07,0,Active,2024-11-29
ACC006068,CUST00579,Savings,192217.23,0,Active,2022-12-17
ACC006069,CUST04521,Savings,65868.22,0,Active,2018-10-20
ACC006070,CUST02481,Savings,166597.37,0,Active,2023-06-18
ACC006071,CUST01812,Savings,119015.27,0,Active,2023-04-29
ACC006072,CUST02223,Savings,68867.27,0,Active,2022-05-13
ACC006073,CUST04939,Savings,154652.35,0,Active,2025-05-15
ACC006074,CUST01652,Savings,204693.72,0,Active,2018-04-26
ACC006075,CUST02580,Savings,90848.32,0,Active,2018-04-29
ACC006076,CUST00840,Credit,159328.69,231157,Active,2022-04-20
ACC006077,CUST01936,Savings,102852.94,0,Active,2021-11-09
ACC006078,CUST02706,Savings,182179.04,0,Active,2021-03-28
ACC006079,CUST01357,Current,226241.81,0,Active,2022-09-22
ACC006080,CUST02242,Savings,149911.48,0,Active,2019-04-28
ACC006081,CUST03453,Savings,191132.74,0,Active,2022-10-21
ACC006082,CUST00177,Current,210446.94,0,Active,2020-12-02
ACC006083,CUST00723,Current,90433.94,0,Active,2019-12-27
ACC006084,CUST01841,Savings,101721.27,0,Active,2024-08-14
ACC006085,CUST02772,Credit,161692.19,136869,Active,2021-09-02
ACC006086,CUST04118,Savings,254657.21,0,Active,2020-10-06
ACC006087,CUST00158,Current,58415.86,0,Active,2021-03-27
ACC006088,CUST01227,Current,171890.05,0,Active,2018-11-24
ACC006089,CUST00099,Savings,242928.46,0,Active,2019-09-21
ACC006090,CUST01019,Credit,116770.12,250948,Active,2024-12-30
ACC006091,CUST00267,Savings,128821.28,0,Active,2024-09-24
ACC006092,CUST02695,Savings,127018.81,0,Active,2025-03-02
ACC006093,CUST01966,Current,122717.58,0,Active,2021-12-07
ACC006094,CUST04015,Current,79439.42,0,Active,2021-07-06
ACC006095,CUST02564,Savings,119591.2,0,Active,2025-01-29
ACC006096,CUST01998,Current,81143.32,0,Active,2023-03-08
ACC006097,CUST02815,Savings,183939.95,0,Active,2021-12-24
ACC006098,CUST03347,Current,39836.42,0,Active,2022-03-18
ACC006099,CUST02279,Savings,205854.09,0,Active,2021-01-06
ACC006100,CUST01789,Savings,223726.68,0,Active,2024-10-07
ACC006101,CUST01487,Current,143748.61,0,Active,2024-01-27
ACC006102,CUST04242,Current,311013.04,0,Active,2024-09-21
ACC006103,CUST01354,Current,165426.95,0,Active,2018-02-26
ACC006104,CUST00158,Current,154345.35,0,Active,2021-05-21
ACC006105,CUST03352,Savings,38261.28,0,Active,2018-11-20
ACC006106,CUST02240,Savings,231668.72,0,Active,2023-07-24
ACC006107,CUST04167,Savings,73718.76,0,Active,2019-10-18
ACC006108,CUST00412,Savings,67997.89,0,Active,2022-01-19
ACC006109,CUST00167,Savings,147170.52,0,Active,2019-07-11
ACC006110,CUST03246,Savings,81423.34,0,Active,2019-10-23
ACC006111,CUST02613,Current,115816.78,0,Active,2024-11-02
ACC006112,CUST04217,Savings,241778.5,0,Active,2021-12-09
ACC006113,CUST00066,Credit,290965.56,295906,Active,2023-04-15
ACC006114,CUST03137,Savings,90854.02,0,Active,2020-11-08
ACC006115,CUST01497,Savings,118672.49,0,Active,2021-12-02
ACC006116,CUST03735,Savings,400785.38,0,Active,2022-05-27
ACC006117,CUST04194,Current,289449.19,0,Active,2022-07-10
ACC006118,CUST01116,Savings,212836.84,0,Active,2018-09-16
ACC006119,CUST04269,Savings,81287.09,0,Active,2021-04-12
ACC006120,CUST00016,Savings,91875.12,0,Active,2022-09-26
ACC006121,CUST01309,Current,211598.13,0,Active,2019-08-30
ACC006122,CUST03781,Current,34110.59,0,Active,2024-10-17
ACC006123,CUST01603,Savings,233627.34,0,Active,2018-04-10
ACC006124,CUST02216,Savings,266366.37,0,Active,2019-09-19
ACC006125,CUST04152,Current,108371.17,0,Active,2018-04-05
ACC006126,CUST01196,Savings,293594.54,0,Active,2024-09-10
ACC006127,CUST03018,Savings,169556.34,0,Active,2022-01-03
ACC006128,CUST03174,Credit,61436.25,298132,Active,2018-04-29
ACC006129,CUST01028,Savings,139401.47,0,Active,2024-01-23
ACC006130,CUST01814,Current,86664.48,0,Active,2025-05-13
ACC006131,CUST01869,Savings,149894.32,0,Active,2020-10-02
ACC006132,CUST02766,Current,58469.95,0,Active,2022-01-03
ACC006133,CUST01114,Current,305906.32,0,Active,2024-02-01
ACC006134,CUST00556,Savings,182457.78,0,Active,2023-05-02
ACC006135,CUST02776,Savings,101216.07,0,Active,2024-03-02
ACC006136,CUST00158,Savings,152190.05,0,Active,2024-08-31
ACC006137,CUST03968,Credit,129867.21,173486,Active,2024-04-08
ACC006138,CUST04268,Current,311965.29,0,Inactive,2019-07-24
ACC006139,CUST02275,Savings,128352.68,0,Active,2022-11-16
ACC006140,CUST03924,Current,147127.25,0,Active,2023-08-24
ACC006141,CUST00558,Savings,52551.82,0,Active,2024-12-10
ACC006142,CUST02206,Savings,149110.09,0,Active,2021-12-14
ACC006143,CUST03790,Savings,165964.79,0,Active,2021-03-22
ACC006144,CUST01184,Savings,67665.49,0,Active,2023-09-06
ACC006145,CUST00164,Savings,196764.8,0,Active,2018-05-25
ACC006146,CUST02087,Current,31362.9,0,Active,2024-07-11
ACC006147,CUST03727,Credit,118202.22,311291,Active,2023-03-29
ACC006148,CUST03429,Credit,51141.66,56950,Inactive,2018-11-01
ACC006149,CUST00074,Credit,136034.66,313512,Active,2024-02-05
ACC006150,CUST00563,Savings,104458.0,0,Active,2022-04-26
ACC006151,CUST02589,Savings,172630.41,0,Active,2019-08-07
ACC006152,CUST00540,Current,127300.74,0,Active,2018-10-20
ACC006153,CUST02260,Savings,170013.06,0,Active,2023-04-15
ACC006154,CUST00189,Credit,137842.26,101927,Inactive,2022-02-26
ACC006155,CUST03161,Savings,240055.94,0,Active,2021-07-11
ACC006156,CUST03490,Savings,221094.55,0,Active,2022-08-17
ACC006157,CUST00948,Current,83881.34,0,Active,2019-01-01
ACC006158,CUST02176,Savings,229970.27,0,Active,2021-10-01
ACC006159,CUST03771,Current,165179.52,0,Active,2022-01-06
ACC006160,CUST01123,Savings,252574.57,0,Active,2021-07-03
ACC006161,CUST02070,Savings,69340.4,0,Active,2024-03-05
ACC006162,CUST00922,Savings,58236.32,0,Active,2021-03-17
ACC006163,CUST02129,Savings,59017.88,0,Active,2022-01-30
ACC006164,CUST03573,Credit,293066.95,92533,Active,2023-07-09
ACC006165,CUST03828,Savings,255399.48,0,Active,2025-05-24
ACC006166,CUST02446,Current,220950.59,0,Active,2024-06-20
ACC006167,CUST00009,Savings,53867.44,0,Active,2021-11-13
ACC006168,CUST01369,Savings,222394.9,0,Active,2022-02-01
ACC006169,CUST04467,Savings,56295.94,0,Active,2019-07-26
ACC006170,CUST00094,Savings,16101.3,0,Active,2023-01-22
ACC006171,CUST02349,Current,103072.57,0,Active,2018-10-21
ACC006172,CUST01098,Savings,119980.06,0,Active,2019-10-03
ACC006173,CUST03168,Current,273418.13,0,Active,2025-05-13
ACC006174,CUST00853,Savings,68657.28,0,Active,2022-08-05
ACC006175,CUST01700,Savings,417648.2,0,Active,2021-10-19
ACC006176,CUST01543,Savings,149320.01,0,Active,2018-07-10
ACC006177,CUST03239,Savings,124709.42,0,Active,2024-06-03
ACC006178,CUST01094,Current,124319.57,0,Active,2024-01-21
ACC006179,CUST00953,Savings,58056.98,0,Active,2021-06-06
ACC006180,CUST01255,Savings,108537.05,0,Active,2024-04-24
ACC006181,CUST00625,Current,155891.51,0,Active,2021-09-08
ACC006182,CUST03328,Savings,224990.57,0,Active,2023-04-15
ACC006183,CUST02929,Current,105926.25,0,Active,2023-06-13
ACC006184,CUST04862,Savings,148460.18,0,Active,2023-09-15
ACC006185,CUST00348,Current,205937.06,0,Active,2023-01-01
ACC006186,CUST01888,Savings,103930.42,0,Active,2019-01-19
ACC006187,CUST00959,Current,233182.38,0,Active,2025-06-25
ACC006188,CUST01603,Savings,183315.8,0,Active,2021-05-27
ACC006189,CUST04257,Current,212721.04,0,Active,2020-07-01
ACC006190,CUST03564,Current,36218.95,0,Active,2020-04-25
ACC006191,CUST00564,Savings,111711.71,0,Active,2025-06-25
ACC006192,CUST04782,Current,89094.62,0,Active,2019-08-01
ACC006193,CUST00101,Savings,30195.85,0,Active,2018-05-12
ACC006194,CUST04225,Current,337461.61,0,Active,2021-05-10
ACC006195,CUST02505,Savings,221927.51,0,Active,2022-11-23
ACC006196,CUST04409,Savings,46451.57,0,Active,2020-07-12
ACC006197,CUST04956,Credit,278797.84,139919,Active,2019-08-15
ACC006198,CUST03195,Current,129572.82,0,Active,2020-02-28
ACC006199,CUST02140,Current,173559.34,0,Active,2021-06-22
ACC006200,CUST04273,Current,90755.39,0,Active,2019-12-18
