customer_id,name,gender,age,occupation,annual_income,city,join_date
CUST00001,Rahul Jain,Female,34,Manager,2030985,Patna,2019-05-11
CUST00002,Ananya Mehta,Female,23,Student,115457,Ahmedabad,2020-05-27
CUST00003,Vivaan Ranjan,Female,54,Engineer,999318,Patna,2019-03-24
CUST00004,Aditya Jain,Male,51,Engineer,1184151,Ahmedabad,2019-11-13
CUST00005,Reyansh Kumar,Female,27,Business Owner,2924684,Lucknow,2020-06-10
CUST00006,Priya Ranjan,Male,27,Analyst,1027276,Bengaluru,2024-05-22
CUST00007,Ishita Nair,Female,50,Analyst,831737,Ahmedabad,2018-10-25
CUST00008,Sanya Joshi,Female,58,Doctor,1455563,Chennai,2024-11-10
CUST00009,Rohit Nair,Female,32,Business Owner,2984622,Nagpur,2018-07-28
CUST00010,Aarav Verma,Male,24,Analyst,1168061,Hyderabad,2019-09-03
CUST00011,Riya Reddy,Female,51,Engineer,687721,Patna,2024-12-17
CUST00012,Vivaan Mishra,Female,35,Engineer,651980,Raipur,2020-06-30
CUST00013,Sneha Mehta,Female,43,Designer,668203,Pune,2018-04-24
CUST00014,Sneha Jain,Male,40,Government,1035656,Kochi,2020-11-09
CUST00015,Neha Ranjan,Female,47,Manager,2291224,Bengaluru,2024-03-20
CUST00016,Rahul Nair,Female,43,Engineer,1749107,Coimbatore,2025-07-30
CUST00017,Aman Das,Male,42,Business Owner,3303987,Pune,2023-02-09
CUST00018,Vivaan Iyer,Male,55,Government,1129716,Lucknow,2019-05-13
CUST00019,Rohit Nair,Male,52,Engineer,1494940,Chandigarh,2021-01-29
CUST00020,Aditya Ranjan,Female,41,Engineer,1270479,Chandigarh,2021-09-17
CUST00021,Sanya Joshi,Male,50,Doctor,2495433,Patna,2023-06-23
CUST00022,Aditya Mehta,Female,25,Student,176228,Ahmedabad,2019-07-10
CUST00023,Sanya Sharma,Female,44,Engineer,1553573,Chandigarh,2020-07-07
CUST00024,Rahul Joshi,Female,39,Engineer,642739,Nagpur,2022-02-19
CUST00025,Arjun Joshi,Female,43,Analyst,827110,Mumbai,2024-09-25
CUST00026,Reyansh Ranjan,Male,58,Designer,679781,Kochi,2023-11-08
CUST00027,Diya Mehta,Female,25,Student,140716,Nagpur,2021-10-09
CUST00028,Aditya Kumar,Female,55,Business Owner,3554969,Chennai,2023-06-25
CUST00029,Aman Iyer,Female,52,Manager,2350782,Patna,2022-10-09
CUST00030,Raj Joshi,Female,41,Analyst,741736,Raipur,2021-02-06
CUST00031,Ishita Joshi,Male,36,Analyst,878411,Raipur,2025-02-25
CUST00032,Aditya Das,Male,54,Business Owner,1130979,Vellore,2019-09-14
CUST00033,Ishita Das,Male,39,Designer,611797,Coimbatore,2024-11-02
CUST00034,Ishita Sharma,Male,40,Engineer,929372,Raipur,2021-03-26
CUST00035,Mohit Reddy,Female,25,Student,138702,Indore,2024-09-03
CUST00036,Karan Joshi,Female,31,Consultant,1618046,Raipur,2024-10-08
CUST00037,Riya Ranjan,Female,41,Engineer,967401,Surat,2021-08-08
CUST00038,Sneha Mishra,Male,50,Engineer,1204436,Bhopal,2025-05-17
CUST00039,Aman Verma,Male,57,Doctor,2754054,Patna,2025-01-24
CUST00040,Rohit Joshi,Female,24,Designer,822584,Guwahati,2022-08-29
CUST00041,Ishita Joshi,Female,74,Retired,202689,Kolkata,2024-08-01
CUST00042,Sneha Kumar,Female,64,Retired,799573,Ranchi,2018-06-28
CUST00043,Karan Mishra,Male,33,Manager,1823389,Delhi,2018-11-03
CUST00044,Priya Mehta,Female,49,Designer,947453,Kolkata,2020-07-20
CUST00045,Priya Iyer,Female,52,Engineer,1228025,Raipur,2024-05-07
CUST00046,Rahul Jain,Female,29,Designer,999233,Bhopal,2025-08-07
CUST00047,Riya Das,Female,43,Engineer,1124493,Patna,2021-04-24
CUST00048,Reyansh Mehta,Male,68,Retired,462801,Chennai,2025-01-14
CUST00049,Rohit Jain,Female,47,Engineer,789023,Nagpur,2019-11-05
CUST00050,Aarav Gupta,Male,45,Government,783542,Surat,2023-02-06
CUST00051,Ishita Mehta,Female,47,Manager,2179435,Noida,2019-04-23
CUST00052,Nikhil Joshi,Male,55,Engineer,803826,Coimbatore,2022-08-27
CUST00053,Riya Sharma,Female,41,Engineer,1377057,Nagpur,2021-02-04
CUST00054,Priya Patel,Male,62,Retired,426441,Pune,2024-09-07
CUST00055,Mohit Gupta,Male,20,Student,131414,Chennai,2019-06-04
CUST00056,Ishita Nair,Male,54,Doctor,1357405,Raipur,2018-09-07
CUST00057,Neha Ranjan,Female,55,Consultant,1276750,Kolkata,2023-02-02
CUST00058,Karan Patel,Female,37,Analyst,739592,Bhubaneswar,2022-03-14
CUST00059,Arjun Ranjan,Female,29,Manager,1172871,Coimbatore,2025-06-18
CUST00060,Riya Verma,Female,43,Doctor,1792291,Vellore,2024-06-09
CUST00061,Aditya Singh,Male,25,Designer,893830,Ahmedabad,2019-01-11
CUST00062,Aditya Gupta,Female,53,Business Owner,3421120,Raipur,2025-06-04
CUST00063,Rohit Mehta,Female,41,Business Owner,4306376,Lucknow,2018-07-06
CUST00064,Mohit Singh,Female,37,Teacher,694061,Ahmedabad,2023-12-22
CUST00065,Ishita Verma,Female,23,Student,22178,Indore,2018-03-27
CUST00066,Neha Reddy,Male,29,Engineer,822011,Delhi,2018-11-09
CUST00067,Mohit Reddy,Female,46,Analyst,607798,Bhubaneswar,2023-03-16
CUST00068,Rohit Verma,Female,44,Analyst,571603,Vellore,2023-03-07
CUST00069,Reyansh Sharma,Female,28,Engineer,1663398,Chandigarh,2019-02-28
CUST00070,Neha Verma,Female,65,Retired,254909,Delhi,2019-01-23
CUST00071,Sanya Ranjan,Female,33,Manager,1550603,Patna,2019-06-08
CUST00072,Reyansh Verma,Female,56,Manager,1349194,Bhopal,2019-02-19
CUST00073,Rahul Das,Female,32,Designer,681995,Bhubaneswar,2023-01-13
CUST00074,Diya Singh,Female,36,Business Owner,3063672,Ahmedabad,2018-08-02
CUST00075,Rahul Jain,Female,57,Business Owner,2988339,Nagpur,2018-04-20
CUST00076,Aman Joshi,Male,48,Engineer,1386248,Lucknow,2023-04-06
CUST00077,Karan Mehta,Female,40,Analyst,1075462,Chandigarh,2018-09-15
CUST00078,Aditya Iyer,Female,56,Consultant,1204499,Kochi,2018-10-05
CUST00079,Nikhil Joshi,Female,54,Business Owner,836249,Bhubaneswar,2019-07-01
CUST00080,Raj Jain,Male,53,Teacher,829911,Bengaluru,2021-07-16
CUST00081,Sneha Patel,Male,26,Business Owner,3484386,Jaipur,2023-07-26
CUST00082,Ishita Nair,Female,51,Business Owner,3164291,Indore,2019-11-14
CUST00083,Reyansh Mishra,Female,46,Doctor,1140577,Indore,2018-05-23
CUST00084,Rohit Patel,Female,48,Engineer,667916,Coimbatore,2021-07-11
CUST00085,Raj Verma,Male,19,Student,261642,Nagpur,2018-10-31
CUST00086,Raj Reddy,Male,44,Engineer,736187,Chandigarh,2020-08-27
CUST00087,Neha Mehta,Male,32,Engineer,737883,Kolkata,2023-01-18
CUST00088,Priya Patel,Female,35,Manager,1986538,Chandigarh,2018-11-20
CUST00089,Vivaan Mehta,Female,43,Engineer,795933,Surat,2025-04-21
CUST00090,Mohit Nair,Female,55,Manager,1413546,Pune,2023-06-07
CUST00091,Priya Singh,Male,44,Engineer,1436169,Chandigarh,2018-07-27
CUST00092,Aditya Ranjan,Female,67,Retired,224302,Jaipur,2020-09-13
CUST00093,Riya Sharma,Female,42,Analyst,799628,Pune,2018-07-29
CUST00094,Riya Reddy,Male,28,Analyst,972230,Ranchi,2020-03-26
CUST00095,Mohit Ranjan,Female,26,Business Owner,4533497,Guwahati,2024-08-28
CUST00096,Ananya Mehta,Male,54,Business Owner,4194193,Delhi,2018-07-30
CUST00097,Rohit Reddy,Female,39,Business Owner,4399699,Ranchi,2018-09-13
CUST00098,Diya Nair,Male,54,Engineer,1390258,Indore,2020-10-06
CUST00099,Sneha Jain,Female,42,Analyst,832441,Surat,2021-11-14
CUST00100,Reyansh Verma,Male,42,Designer,889318,Vellore,2020-09-20
CUST00101,Aman Nair,Male,27,Analyst,846337,Bengaluru,2021-03-22
CUST00102,Aarav Gupta,Male,18,Student,280573,Delhi,2021-10-04
CUST00103,Neha Reddy,Female,56,Doctor,1372474,Jaipur,2024-05-14
CUST00104,Ananya Ranjan,Male,51,Manager,1287514,Bhopal,2023-01-04
CUST00105,Rohit Jain,Female,23,Student,137129,Vellore,2019-04-26
CUST00106,Sanya Reddy,Male,38,Government,1136038,Nagpur,2020-10-10
CUST00107,Mohit Patel,Female,57,Manager,2048503,Bhopal,2019-04-22
CUST00108,Sneha Gupta,Male,56,Engineer,716676,Bhopal,2020-06-11
CUST00109,Riya Jain,Female,28,Engineer,726365,Ranchi,2023-01-12
CUST00110,Sanya Ranjan,Male,31,Teacher,373839,Gurugram,2020-10-10
CUST00111,Diya Mehta,Male,31,Teacher,420559,Chandigarh,2020-09-29
CUST00112,Ishita Jain,Male,58,Engineer,718371,Raipur,2025-05-28
CUST00113,Neha Joshi,Female,22,Student,291880,Bhubaneswar,2022-07-31
CUST00114,Sneha Kumar,Female,20,Student,118145,Coimbatore,2020-04-12
CUST00115,Raj Nair,Male,29,Analyst,554040,Delhi,2021-09-25
CUST00116,Riya Gupta,Female,66,Retired,759572,Jaipur,2022-01-13
CUST00117,Nikhil Das,Female,54,Government,417007,Bhubaneswar,2021-04-24
CUST00118,Reyansh Joshi,Female,39,Engineer,1754781,Coimbatore,2020-01-24
CUST00119,Riya Sharma,Female,61,Retired,678160,Patna,2025-05-24
CUST00120,Reyansh Kumar,Male,25,Engineer,1176173,Kolkata,2024-12-13
CUST00121,Aditya Ranjan,Female,23,Student,41428,Bhubaneswar,2022-03-25
CUST00122,Ananya Sharma,Male,29,Doctor,2289449,Patna,2021-02-22
CUST00123,Sneha Mehta,Female,44,Analyst,1115551,Patna,2022-04-22
CUST00124,Rahul Nair,Male,27,Manager,2169130,Vellore,2021-12-28
CUST00125,Sneha Patel,Female,65,Retired,361771,Patna,2019-03-13
CUST00126,Arjun Sharma,Male,47,Engineer,814394,Hyderabad,2021-12-20
CUST00127,Reyansh Gupta,Female,24,Engineer,1467822,Patna,2021-01-04
CUST00128,Rahul Verma,Male,41,Engineer,1228626,Kolkata,2021-06-01
CUST00129,Neha Gupta,Female,72,Retired,617584,Chennai,2024-06-16
CUST00130,Aditya Mishra,Female,22,Student,59710,Ahmedabad,2025-07-19
CUST00131,Karan Iyer,Male,40,Engineer,1487363,Kolkata,2022-01-12
CUST00132,Ananya Kumar,Male,39,Government,511090,Indore,2022-12-31
CUST00133,Raj Iyer,Female,25,Teacher,498557,Noida,2021-11-27
CUST00134,Mohit Iyer,Male,28,Engineer,693707,Kolkata,2021-09-17
CUST00135,Aarav Joshi,Male,49,Doctor,2712503,Patna,2020-04-22
CUST00136,Diya Ranjan,Female,58,Manager,1138980,Surat,2024-08-01
CUST00137,Sneha Ranjan,Male,43,Teacher,472629,Kochi,2024-06-12
CUST00138,Raj Mishra,Female,34,Doctor,1684748,Gurugram,2024-04-19
CUST00139,Sanya Gupta,Male,50,Analyst,675377,Bhubaneswar,2023-02-17
CUST00140,Priya Gupta,Male,31,Manager,2493844,Ranchi,2023-01-17
CUST00141,Riya Iyer,Female,31,Teacher,495998,Surat,2024-09-10
CUST00142,Neha Mishra,Male,41,Engineer,799701,Patna,2025-08-01
CUST00143,Neha Das,Male,48,Business Owner,4079357,Gurugram,2019-01-17
CUST00144,Nikhil Mishra,Female,62,Retired,336937,Raipur,2021-11-08
CUST00145,Mohit Mishra,Female,53,Manager,1857387,Bhopal,2019-01-18
CUST00146,Aman Verma,Male,34,Teacher,445629,Nagpur,2024-08-28
CUST00147,Neha Patel,Female,24,Business Owner,4707240,Ahmedabad,2019-07-16
CUST00148,Diya Mehta,Female,28,Designer,458727,Gurugram,2020-06-08
CUST00149,Aarav Mishra,Female,48,Government,980278,Hyderabad,2020-04-21
CUST00150,Aarav Patel,Female,42,Analyst,1018927,Bhubaneswar,2019-06-25
CUST00151,Vivaan Reddy,Female,58,Consultant,728926,Gurugram,2023-09-07
CUST00152,Sanya Patel,Female,49,Analyst,1063772,Jaipur,2024-07-30
CUST00153,Mohit Verma,Male,51,Manager,1143241,Nagpur,2019-07-17
CUST00154,Ananya Iyer,Male,57,Engineer,1143680,Indore,2020-12-13
CUST00155,Priya Joshi,Male,75,Retired,320936,Indore,2018-06-30
CUST00156,Aditya Das,Female,25,Student,78687,Chennai,2019-05-05
CUST00157,Aarav Patel,Male,38,Manager,1492040,Bhubaneswar,2021-04-09
CUST00158,Aarav Patel,Male,47,Designer,867851,Ranchi,2025-05-16
CUST00159,Karan Joshi,Female,37,Consultant,895091,Gurugram,2023-02-21
CUST00160,Neha Nair,Female,49,Engineer,1790806,Raipur,2020-08-14
CUST00161,Ishita Nair,Female,63,Retired,673869,Hyderabad,2019-05-07
CUST00162,Mohit Sharma,Female,37,Engineer,911057,Hyderabad,2023-01-27
CUST00163,Nikhil Das,Female,53,Manager,1366172,Patna,2018-11-04
CUST00164,Aarav Ranjan,Female,74,Retired,720226,Chennai,2019-12-09
CUST00165,Ananya Ranjan,Male,41,Engineer,911702,Noida,2022-09-14
CUST00166,Aarav Patel,Male,48,Analyst,1070968,Pune,2018-05-01
CUST00167,Mohit Singh,Male,25,Student,83689,Vellore,2024-08-23
CUST00168,Vivaan Kumar,Male,46,Designer,339807,Delhi,2018-03-23
CUST00169,Rohit Mishra,Female,32,Doctor,2257229,Bhubaneswar,2018-10-25
CUST00170,Diya Reddy,Female,45,Manager,2240637,Noida,2020-07-03
CUST00171,Nikhil Verma,Female,43,Analyst,686340,Bhopal,2019-07-31
CUST00172,Ananya Reddy,Male,44,Manager,923898,Delhi,2018-01-06
CUST00173,Ishita Sharma,Female,50,Teacher,586540,Bengaluru,2020-12-05
CUST00174,Mohit Sharma,Male,34,Engineer,1747239,Kochi,2021-09-18
CUST00175,Karan Verma,Female,68,Retired,204000,Pune,2025-06-04
CUST00176,Ananya Verma,Female,25,Analyst,1169191,Nagpur,2020-01-28
CUST00177,Aditya Mehta,Female,52,Government,464633,Noida,2024-01-27
CUST00178,Nikhil Jain,Male,61,Retired,726491,Lucknow,2019-05-08
CUST00179,Aditya Ranjan,Female,36,Doctor,1228701,Vellore,2024-03-11
CUST00180,Sanya Jain,Female,57,Consultant,921532,Delhi,2022-08-11
CUST00181,Aman Jain,Female,26,Teacher,765018,Surat,2022-03-06
CUST00182,Raj Nair,Male,22,Student,257750,Chennai,2022-07-26
CUST00183,Priya Sharma,Female,56,Business Owner,1837913,Raipur,2018-07-27
CUST00184,Aman Das,Female,53,Manager,1407380,Noida,2021-11-11
CUST00185,Rohit Sharma,Male,42,Consultant,2121229,Mumbai,2023-04-26
CUST00186,Diya Ranjan,Male,40,Analyst,944393,Coimbatore,2018-01-31
CUST00187,Raj Singh,Male,69,Retired,513305,Bhubaneswar,2018-08-21
CUST00188,Neha Joshi,Male,25,Teacher,387034,Guwahati,2023-12-30
CUST00189,Aditya Kumar,Female,34,Designer,491961,Nagpur,2020-07-03
CUST00190,Sneha Iyer,Female,47,Government,603993,Raipur,2022-08-20
CUST00191,Neha Mehta,Male,36,Government,911265,Bengaluru,2018-01-20
CUST00192,Sanya Kumar,Female,20,Student,46159,Chandigarh,2018-02-27
CUST00193,Mohit Verma,Male,24,Manager,1170387,Delhi,2021-05-06
CUST00194,Aarav Das,Male,32,Doctor,1690316,Jaipur,2019-05-20
CUST00195,Rahul Ranjan,Male,40,Manager,2270630,Noida,2024-02-20
CUST00196,Ishita Verma,Male,24,Doctor,1323540,Surat,2023-08-01
CUST00197,Aditya Jain,Male,46,Analyst,668163,Pune,2024-06-09
CUST00198,Riya Reddy,Female,30,Business Owner,2915641,Bhopal,2022-10-11
CUST00199,Sneha Ranjan,Female,32,Engineer,1289251,Raipur,2021-01-18
CUST00200,Mohit Das,Female,34,Manager,1117502,Gurugram,2022-01-08
CUST00201,Priya Mehta,Female,55,Engineer,1462525,Guwahati,2023-10-28
CUST00202,Aman Mishra,Female,39,Manager,2070932,Bhubaneswar,2019-11-09
CUST00203,Aditya Mishra,Female,45,Manager,1745733,Hyderabad,2023-01-06
CUST00204,Neha Patel,Male,30,Engineer,1464736,Delhi,2020-07-02
CUST00205,Riya Joshi,Male,25,Student,59781,Chandigarh,2018-07-07
CUST00206,Nikhil Verma,Female,40,Business Owner,2508495,Mumbai,2023-02-17
CUST00207,Arjun Ranjan,Female,24,Analyst,1080099,Bhopal,2023-08-27
CUST00208,Sanya Mehta,Male,49,Teacher,887179,Gurugram,2020-04-02
CUST00209,Karan Mehta,Female,32,Analyst,1068843,Pune,2022-09-27
CUST00210,Sanya Sharma,Female,33,Business Owner,2050023,Chennai,2023-01-28
CUST00211,Aarav Joshi,Female,39,Analyst,1226596,Kochi,2020-04-11
CUST00212,Rohit Verma,Female,47,Consultant,2131639,Guwahati,2018-06-16
CUST00213,Aman Reddy,Female,22,Student,133701,Lucknow,2018-10-26
CUST00214,Neha Patel,Female,21,Student,35744,Indore,2020-06-13
CUST00215,Sanya Joshi,Female,31,Analyst,752023,Vellore,2018-04-12
CUST00216,Aarav Mehta,Male,55,Consultant,901235,Bhubaneswar,2020-05-13
CUST00217,Aditya Verma,Male,30,Analyst,1369005,Bhopal,2019-12-31
CUST00218,Aarav Mehta,Male,50,Analyst,1160830,Surat,2024-07-26
CUST00219,Aman Singh,Male,56,Manager,1490384,Bengaluru,2019-07-13
CUST00220,Sanya Verma,Female,43,Teacher,355274,Raipur,2020-05-10
CUST00221,Vivaan Mishra,Female,50,Manager,2193701,Raipur,2025-03-25
CUST00222,Raj Patel,Female,30,Engineer,1621712,Patna,2023-01-20
CUST00223,Ananya Mishra,Female,47,Analyst,676831,Delhi,2019-07-05
CUST00224,Ananya Joshi,Male,52,Manager,2253819,Bhopal,2018-11-05
CUST00225,Rahul Iyer,Male,37,Consultant,1168307,Chennai,2022-06-14
CUST00226,Priya Verma,Female,56,Business Owner,1926406,Noida,2022-02-22
CUST00227,Nikhil Singh,Female,48,Engineer,1553456,Ahmedabad,2025-05-01
CUST00228,Rahul Singh,Male,48,Teacher,855529,Gurugram,2018-11-12
CUST00229,Raj Das,Male,35,Analyst,1131264,Bhubaneswar,2025-04-05
CUST00230,Aarav Jain,Female,34,Engineer,1675089,Lucknow,2018-12-18
CUST00231,Diya Das,Male,34,Doctor,1498578,Pune,2020-07-30
CUST00232,Sanya Iyer,Male,36,Teacher,450976,Gurugram,2019-01-17
CUST00233,Karan Singh,Female,57,Analyst,545548,Kolkata,2023-05-09
CUST00234,Raj Joshi,Female,19,Student,214248,Vellore,2022-08-02
CUST00235,Aman Singh,Female,40,Engineer,1488272,Noida,2024-04-09
CUST00236,Neha Reddy,Male,49,Business Owner,4446309,Patna,2019-10-21
CUST00237,Sneha Das,Female,62,Retired,602995,Gurugram,2024-09-13
CUST00238,Vivaan Patel,Male,75,Retired,377715,Bengaluru,2025-05-06
CUST00239,Nikhil Patel,Female,68,Retired,786273,Chennai,2021-02-06
CUST00240,Rohit Gupta,Female,49,Analyst,683537,Ahmedabad,2022-12-19
CUST00241,Karan Patel,Male,53,Analyst,1005382,Gurugram,2020-12-14
CUST00242,Raj Kumar,Male,24,Student,290744,Ahmedabad,2020-12-23
CUST00243,Aman Jain,Female,21,Student,55935,Pune,2023-07-04
CUST00244,Rahul Verma,Female,72,Retired,383291,Mumbai,2021-07-16
CUST00245,Riya Singh,Female,30,Engineer,1358335,Indore,2022-10-03
CUST00246,Raj Singh,Male,49,Teacher,633062,Pune,2023-04-22
CUST00247,Raj Mishra,Female,57,Engineer,1262128,Chennai,2023-05-06
CUST00248,Nikhil Das,Male,47,Engineer,1775139,Nagpur,2021-03-11
CUST00249,Sneha Mishra,Male,25,Student,199790,Noida,2018-11-21
CUST00250,Aarav Singh,Male,42,Teacher,896240,Mumbai,2025-06-04
CUST00251,Arjun Gupta,Male,66,Retired,287295,Surat,2018-12-12
CUST00252,Neha Mishra,Female,38,Government,436862,Nagpur,2023-03-29
CUST00253,Ishita Patel,Female,58,Government,638161,Patna,2020-11-30
CUST00254,Diya Kumar,Male,18,Student,150346,Coimbatore,2024-02-24
CUST00255,Diya Reddy,Female,39,Engineer,1417308,Noida,2021-03-12
CUST00256,Raj Patel,Male,36,Manager,2235660,Nagpur,2019-09-16
CUST00257,Neha Ranjan,Female,65,Retired,427738,Bengaluru,2023-08-04
CUST00258,Aarav Verma,Male,29,Doctor,2545936,Noida,2022-04-26
CUST00259,Sanya Iyer,Male,61,Retired,244235,Vellore,2020-11-03
CUST00260,Priya Sharma,Male,27,Analyst,747428,Kolkata,2024-07-08
CUST00261,Sanya Reddy,Male,29,Doctor,1283365,Indore,2019-05-31
CUST00262,Sanya Joshi,Female,23,Student,11195,Kolkata,2020-02-17
CUST00263,Aarav Reddy,Female,53,Engineer,1762913,Ranchi,2020-01-30
CUST00264,Neha Ranjan,Female,44,Analyst,1358835,Chennai,2019-03-29
CUST00265,Aman Iyer,Female,32,Business Owner,4771581,Kochi,2018-07-21
CUST00266,Rohit Sharma,Male,19,Student,257638,Noida,2021-05-29
CUST00267,Arjun Reddy,Female,63,Retired,635352,Hyderabad,2025-07-25
CUST00268,Riya Ranjan,Female,34,Manager,2019670,Chandigarh,2021-08-17
CUST00269,Reyansh Jain,Female,21,Student,188748,Guwahati,2018-01-27
CUST00270,Riya Jain,Male,70,Retired,477860,Jaipur,2020-08-12
CUST00271,Nikhil Ranjan,Male,37,Designer,614985,Surat,2018-08-18
CUST00272,Reyansh Patel,Male,24,Student,118865,Vellore,2019-09-20
CUST00273,Vivaan Iyer,Female,56,Manager,1210404,Bengaluru,2020-12-11
CUST00274,Priya Verma,Female,32,Teacher,555625,Hyderabad,2022-10-28
CUST00275,Diya Singh,Female,50,Manager,1622521,Delhi,2018-07-03
CUST00276,Aman Sharma,Female,29,Engineer,714374,Ahmedabad,2020-05-06
CUST00277,Vivaan Nair,Male,54,Business Owner,2842923,Raipur,2018-09-30
CUST00278,Aditya Singh,Male,25,Analyst,742397,Gurugram,2023-08-13
CUST00279,Ishita Kumar,Female,39,Analyst,849773,Chandigarh,2018-09-11
CUST00280,Karan Kumar,Male,24,Student,118270,Nagpur,2022-10-13
CUST00281,Karan Jain,Male,58,Government,1139389,Jaipur,2025-05-11
CUST00282,Reyansh Reddy,Male,58,Government,718083,Ranchi,2019-03-14
CUST00283,Mohit Mishra,Female,38,Engineer,654703,Coimbatore,2023-07-06
CUST00284,Diya Nair,Female,26,Engineer,631487,Kolkata,2023-02-18
CUST00285,Sneha Joshi,Male,44,Doctor,1061530,Ahmedabad,2024-04-03
CUST00286,Reyansh Nair,Female,42,Business Owner,4570060,Gurugram,2019-01-06
CUST00287,Mohit Joshi,Male,49,Business Owner,2200542,Raipur,2019-01-09
CUST00288,Reyansh Singh,Male,57,Manager,2054158,Kochi,2020-01-03
CUST00289,Rahul Nair,Female,43,Manager,1175924,Vellore,2024-02-05
CUST00290,Raj Sharma,Male,37,Analyst,930074,Chennai,2019-08-31
CUST00291,Mohit Nair,Female,26,Analyst,591962,Bengaluru,2018-05-27
CUST00292,Rohit Ranjan,Male,48,Manager,1887374,Hyderabad,2020-05-06
CUST00293,Aman Reddy,Male,42,Engineer,1263724,Guwahati,2024-11-01
CUST00294,Sanya Reddy,Male,31,Manager,2190394,Ahmedabad,2018-02-16
CUST00295,Mohit Kumar,Female,28,Engineer,1229741,Nagpur,2021-10-16
CUST00296,Neha Iyer,Male,32,Doctor,2831971,Bhopal,2020-05-03
CUST00297,Neha Joshi,Male,33,Manager,2097435,Ranchi,2021-01-17
CUST00298,Rohit Sharma,Female,52,Engineer,1053278,Lucknow,2023-08-11
CUST00299,Aarav Gupta,Male,44,Engineer,806048,Coimbatore,2024-08-31
CUST00300,Neha Reddy,Female,18,Student,163829,Hyderabad,2025-07-11
CUST00301,Ishita Das,Male,20,Student,7998,Kochi,2019-12-03
CUST00302,Diya Jain,Female,23,Student,68196,Hyderabad,2024-11-29
CUST00303,Priya Kumar,Male,21,Student,297685,Noida,2024-12-01
CUST00304,Ishita Reddy,Female,45,Government,901903,Surat,2024-10-11
CUST00305,Diya Kumar,Male,30,Engineer,1766330,Ranchi,2023-05-30
CUST00306,Nikhil Das,Female,51,Engineer,1317647,Gurugram,2021-08-25
CUST00307,Raj Mishra,Male,43,Engineer,745977,Patna,2024-07-06
CUST00308,Ishita Jain,Female,33,Analyst,805663,Vellore,2021-11-11
CUST00309,Karan Joshi,Female,42,Analyst,1075547,Hyderabad,2025-01-04
CUST00310,Reyansh Gupta,Male,51,Manager,1191648,Delhi,2019-07-05
CUST00311,Karan Iyer,Female,55,Engineer,884742,Chennai,2022-04-25
CUST00312,Nikhil Nair,Male,24,Student,124125,Noida,2019-08-05
CUST00313,Diya Sharma,Female,57,Manager,1890802,Raipur,2024-01-01
CUST00314,Ananya Sharma,Female,45,Engineer,1340115,Vellore,2024-06-26
CUST00315,Aarav Joshi,Male,42,Analyst,632981,Mumbai,2024-10-09
CUST00316,Aman Reddy,Female,47,Government,488501,Mumbai,2022-04-19
CUST00317,Sanya Kumar,Female,46,Analyst,1292182,Ahmedabad,2025-08-31
CUST00318,Sanya Mehta,Female,57,Teacher,681023,Indore,2022-11-04
CUST00319,Neha Mehta,Male,41,Government,1017322,Guwahati,2021-07-07
CUST00320,Aarav Das,Male,24,Engineer,804889,Patna,2018-08-21
CUST00321,Rahul Jain,Female,31,Analyst,894220,Guwahati,2022-10-15
CUST00322,Rahul Verma,Female,34,Government,670782,Indore,2020-04-01
CUST00323,Nikhil Joshi,Female,33,Teacher,621577,Guwahati,2023-01-01
CUST00324,Karan Ranjan,Male,26,Government,1141978,Chennai,2024-01-22
CUST00325,Rahul Reddy,Female,58,Engineer,1299273,Ahmedabad,2025-04-07
CUST00326,Aarav Joshi,Male,36,Engineer,1418108,Pune,2023-06-27
CUST00327,Rahul Mehta,Male,58,Engineer,634431,Gurugram,2024-07-01
CUST00328,Ishita Mishra,Male,55,Government,580616,Ahmedabad,2023-02-12
CUST00329,Reyansh Patel,Male,31,Engineer,1062574,Guwahati,2018-07-06
CUST00330,Diya Ranjan,Male,41,Engineer,1470641,Ranchi,2018-03-06
CUST00331,Karan Kumar,Male,29,Engineer,1472881,Kolkata,2024-11-05
CUST00332,Sanya Iyer,Male,29,Engineer,1329501,Indore,2023-03-17
CUST00333,Riya Gupta,Male,27,Analyst,1335309,Vellore,2022-11-16
CUST00334,Nikhil Das,Female,25,Student,27502,Surat,2022-09-13
CUST00335,Vivaan Jain,Female,31,Manager,1319337,Pune,2019-08-17
CUST00336,Vivaan Gupta,Male,48,Government,533391,Pune,2019-04-01
CUST00337,Rahul Gupta,Male,38,Doctor,1612761,Chandigarh,2022-10-20
CUST00338,Karan Iyer,Female,51,Government,1169105,Raipur,2023-05-18
CUST00339,Aarav Nair,Female,39,Consultant,1451631,Indore,2019-10-25
CUST00340,Rohit Sharma,Female,53,Doctor,2453656,Indore,2022-10-11
CUST00341,Riya Patel,Male,21,Student,28737,Vellore,2025-04-08
CUST00342,Karan Gupta,Male,45,Manager,2479519,Patna,2018-09-17
CUST00343,Sneha Jain,Male,54,Teacher,418815,Noida,2021-03-27
CUST00344,Aarav Gupta,Male,33,Engineer,915617,Hyderabad,2018-09-15
CUST00345,Aman Patel,Female,50,Government,580079,Chennai,2018-07-13
CUST00346,Rahul Gupta,Female,34,Teacher,599461,Coimbatore,2020-01-26
CUST00347,Neha Singh,Male,46,Analyst,970211,Pune,2024-02-16
CUST00348,Arjun Gupta,Male,22,Student,77114,Bhubaneswar,2022-07-04
CUST00349,Aditya Iyer,Female,29,Consultant,747287,Guwahati,2020-03-07
CUST00350,Sanya Verma,Male,18,Student,77566,Kolkata,2022-12-25
CUST00351,Nikhil Reddy,Female,69,Retired,269327,Raipur,2018-12-29
CUST00352,Ishita Mishra,Female,35,Teacher,750314,Chennai,2023-07-17
CUST00353,Aarav Verma,Female,24,Manager,2271145,Patna,2023-07-13
CUST00354,Reyansh Patel,Female,51,Analyst,1227968,Hyderabad,2019-07-09
CUST00355,Sanya Patel,Female,50,Engineer,702162,Noida,2021-05-18
CUST00356,Raj Singh,Male,58,Manager,1682267,Surat,2020-02-11
CUST00357,Rahul Jain,Female,53,Analyst,1358620,Patna,2019-12-07
CUST00358,Aarav Reddy,Female,19,Student,74637,Indore,2022-11-02
CUST00359,Nikhil Jain,Male,54,Engineer,1130605,Bengaluru,2020-01-27
CUST00360,Raj Joshi,Male,41,Teacher,421656,Bhopal,2021-02-28
CUST00361,Raj Iyer,Male,37,Government,772058,Mumbai,2022-07-28
CUST00362,Neha Nair,Male,53,Manager,2377927,Kochi,2022-04-26
CUST00363,Aman Mehta,Male,38,Doctor,2695001,Jaipur,2022-06-12
CUST00364,Arjun Kumar,Female,33,Business Owner,2115352,Chandigarh,2023-08-07
CUST00365,Priya Mehta,Male,46,Manager,1853438,Surat,2018-05-02
CUST00366,Rahul Kumar,Female,25,Manager,1534918,Kochi,2025-06-04
CUST00367,Rahul Sharma,Male,58,Business Owner,4310510,Kolkata,2019-12-26
CUST00368,Aman Iyer,Male,55,Analyst,827637,Patna,2023-09-07
CUST00369,Neha Ranjan,Male,46,Teacher,734208,Bengaluru,2022-10-20
CUST00370,Aarav Iyer,Female,71,Retired,378026,Noida,2018-06-03
CUST00371,Arjun Joshi,Male,41,Analyst,1116551,Chandigarh,2021-10-08
CUST00372,Nikhil Ranjan,Male,43,Business Owner,1331839,Kolkata,2025-01-02
CUST00373,Ishita Ranjan,Female,70,Retired,729152,Raipur,2020-03-30
CUST00374,Nikhil Joshi,Male,25,Teacher,839994,Lucknow,2023-11-10
CUST00375,Ananya Mehta,Male,33,Teacher,563446,Pune,2022-07-21
CUST00376,Aarav Gupta,Female,39,Engineer,1573413,Ahmedabad,2025-05-21
CUST00377,Reyansh Kumar,Male,25,Engineer,776013,Patna,2024-05-27
CUST00378,Arjun Singh,Male,55,Business Owner,3329076,Raipur,2021-01-29
CUST00379,Riya Mishra,Female,58,Teacher,608313,Chandigarh,2018-03-28
CUST00380,Aarav Jain,Female,61,Retired,607341,Nagpur,2020-11-12
CUST00381,Neha Joshi,Female,37,Engineer,1520326,Jaipur,2019-02-16
CUST00382,Aarav Ranjan,Male,50,Manager,2245056,Mumbai,2025-01-17
CUST00383,Mohit Mehta,Female,19,Student,130864,Jaipur,2021-02-28
CUST00384,Mohit Sharma,Female,49,Engineer,1796195,Pune,2024-12-06
CUST00385,Ananya Gupta,Female,47,Analyst,623050,Lucknow,2022-04-14
CUST00386,Priya Patel,Female,42,Doctor,2613474,Coimbatore,2018-12-18
CUST00387,Riya Das,Male,37,Doctor,1974688,Chennai,2018-01-22
CUST00388,Reyansh Verma,Female,49,Business Owner,2204683,Surat,2023-12-13
CUST00389,Neha Ranjan,Male,26,Engineer,1646920,Lucknow,2021-07-16
CUST00390,Arjun Jain,Female,74,Retired,657629,Raipur,2018-06-17
CUST00391,Nikhil Jain,Male,55,Teacher,647917,Chandigarh,2024-07-18
CUST00392,Riya Das,Male,28,Business Owner,3456981,Chennai,2021-08-18
CUST00393,Neha Reddy,Male,53,Engineer,612174,Coimbatore,2018-10-17
CUST00394,Reyansh Verma,Female,62,Retired,498776,Patna,2023-07-04
CUST00395,Aditya Reddy,Female,46,Manager,1834160,Lucknow,2022-02-17
CUST00396,Aman Gupta,Male,26,Engineer,1316690,Guwahati,2019-06-08
CUST00397,Rahul Mehta,Female,42,Government,845554,Bhopal,2021-12-26
CUST00398,Rahul Das,Female,53,Analyst,1383855,Surat,2021-10-30
CUST00399,Sneha Mishra,Female,30,Engineer,1720667,Mumbai,2021-05-25
CUST00400,Aman Mehta,Male,43,Designer,328117,Guwahati,2025-04-15
CUST00401,Aman Sharma,Female,43,Doctor,2669489,Ahmedabad,2024-07-25
CUST00402,Rohit Das,Female,45,Engineer,815301,Ahmedabad,2020-08-07
CUST00403,Karan Sharma,Male,44,Engineer,733191,Indore,2021-03-25
CUST00404,Aman Reddy,Male,38,Engineer,1060749,Raipur,2024-12-22
CUST00405,Vivaan Sharma,Female,19,Student,90854,Pune,2020-12-04
CUST00406,Vivaan Reddy,Female,28,Manager,2078560,Noida,2019-09-12
CUST00407,Riya Singh,Female,52,Government,1060525,Indore,2022-12-14
CUST00408,Rohit Singh,Male,47,Business Owner,4383508,Vellore,2020-12-25
CUST00409,Aarav Nair,Male,39,Manager,1799306,Noida,2018-02-10
CUST00410,Nikhil Sharma,Female,45,Designer,972625,Indore,2022-09-14
CUST00411,Riya Jain,Female,46,Government,1054688,Gurugram,2020-03-19
CUST00412,Aarav Sharma,Female,32,Engineer,1734119,Jaipur,2020-09-15
CUST00413,Rahul Patel,Male,24,Student,195548,Vellore,2024-07-10
CUST00414,Rahul Verma,Male,43,Manager,1120676,Ranchi,2022-10-10
CUST00415,Ananya Das,Female,32,Engineer,1050435,Lucknow,2025-02-19
CUST00416,Aman Sharma,Male,73,Retired,677555,Lucknow,2024-04-08
CUST00417,Ishita Gupta,Female,31,Government,789511,Noida,2018-04-25
CUST00418,Nikhil Gupta,Female,43,Engineer,1052107,Coimbatore,2021-10-15
CUST00419,Sneha Kumar,Female,56,Doctor,2783555,Gurugram,2021-10-20
CUST00420,Nikhil Iyer,Male,29,Engineer,652017,Patna,2023-05-04
CUST00421,Aarav Patel,Female,25,Government,1017499,Bhubaneswar,2020-01-10
CUST00422,Karan Mehta,Male,40,Engineer,840427,Lucknow,2018-08-30
CUST00423,Raj Kumar,Male,60,Retired,254398,Guwahati,2023-07-13
CUST00424,Ananya Iyer,Male,41,Manager,1915381,Bhubaneswar,2020-10-05
CUST00425,Karan Jain,Female,50,Analyst,1387386,Vellore,2018-06-21
CUST00426,Mohit Joshi,Male,24,Designer,594976,Chennai,2021-05-16
CUST00427,Neha Patel,Male,41,Teacher,624056,Hyderabad,2023-02-27
CUST00428,Sanya Sharma,Female,20,Student,2243,Guwahati,2025-07-16
CUST00429,Riya Kumar,Male,48,Teacher,816173,Kochi,2024-11-17
CUST00430,Nikhil Iyer,Female,21,Student,190316,Nagpur,2019-11-30
CUST00431,Sanya Jain,Female,32,Engineer,867241,Patna,2018-01-09
CUST00432,Ananya Jain,Female,51,Analyst,627630,Lucknow,2023-12-21
CUST00433,Neha Gupta,Male,24,Student,42891,Chandigarh,2025-01-08
CUST00434,Aditya Reddy,Female,25,Engineer,1125146,Nagpur,2019-01-27
CUST00435,Aditya Verma,Male,27,Doctor,1172748,Nagpur,2024-04-09
CUST00436,Neha Mehta,Male,24,Student,215538,Bengaluru,2023-02-03
CUST00437,Diya Nair,Male,21,Student,6442,Bhubaneswar,2020-09-22
CUST00438,Ishita Patel,Male,43,Designer,623668,Coimbatore,2023-10-22
CUST00439,Raj Mehta,Female,39,Analyst,557259,Ranchi,2023-03-30
CUST00440,Rahul Das,Male,50,Manager,1940042,Guwahati,2020-09-06
CUST00441,Reyansh Gupta,Female,37,Manager,920745,Kolkata,2020-03-07
CUST00442,Raj Sharma,Male,25,Analyst,797901,Nagpur,2020-12-08
CUST00443,Aditya Verma,Male,31,Engineer,1040899,Kochi,2019-06-20
CUST00444,Reyansh Mishra,Female,44,Engineer,1112857,Pune,2020-05-07
CUST00445,Aman Joshi,Female,34,Engineer,1413937,Raipur,2023-04-25
CUST00446,Ananya Iyer,Male,38,Analyst,745770,Surat,2019-07-05
CUST00447,Neha Gupta,Female,38,Engineer,1575706,Vellore,2018-04-12
CUST00448,Sanya Kumar,Female,46,Doctor,1227822,Mumbai,2020-03-16
CUST00449,Aman Mehta,Male,22,Student,72281,Bhopal,2022-06-17
CUST00450,Raj Nair,Female,21,Student,270441,Ahmedabad,2024-04-06
CUST00451,Nikhil Sharma,Male,24,Teacher,772962,Chennai,2019-07-24
CUST00452,Aditya Singh,Male,72,Retired,519443,Coimbatore,2025-07-27
CUST00453,Vivaan Patel,Male,35,Engineer,745733,Patna,2019-12-05
CUST00454,Ishita Ranjan,Female,34,Consultant,1515777,Delhi,2019-10-13
CUST00455,Neha Jain,Female,56,Analyst,711500,Guwahati,2023-02-28
CUST00456,Sneha Jain,Male,53,Analyst,910087,Chandigarh,2024-05-18
CUST00457,Arjun Iyer,Female,34,Teacher,781256,Kochi,2022-08-07
CUST00458,Ananya Verma,Male,53,Engineer,753502,Chandigarh,2021-09-01
CUST00459,Diya Verma,Male,28,Manager,1194137,Bhopal,2021-04-19
CUST00460,Rahul Joshi,Male,28,Business Owner,3703851,Kochi,2025-02-13
CUST00461,Aditya Sharma,Female,43,Analyst,1127263,Bhubaneswar,2018-04-25
CUST00462,Raj Das,Male,21,Student,50647,Chennai,2024-01-28
CUST00463,Priya Verma,Female,37,Government,808091,Gurugram,2025-04-16
CUST00464,Neha Singh,Female,50,Teacher,690110,Guwahati,2025-06-22
CUST00465,Diya Verma,Male,48,Engineer,1087431,Kolkata,2019-07-18
CUST00466,Karan Mehta,Female,48,Business Owner,3457250,Noida,2018-04-08
CUST00467,Aarav Verma,Female,39,Consultant,1793605,Ahmedabad,2018-10-14
CUST00468,Mohit Joshi,Male,32,Engineer,964224,Pune,2020-09-30
CUST00469,Karan Iyer,Female,42,Engineer,1022368,Lucknow,2019-10-01
CUST00470,Sanya Das,Female,29,Engineer,1726585,Kolkata,2018-10-22
CUST00471,Aman Gupta,Male,33,Engineer,608767,Delhi,2022-08-02
CUST00472,Sneha Jain,Female,72,Retired,260507,Bengaluru,2020-10-07
CUST00473,Sneha Joshi,Male,33,Doctor,1518103,Ahmedabad,2023-10-25
CUST00474,Reyansh Gupta,Male,40,Government,514582,Pune,2022-06-19
CUST00475,Mohit Joshi,Male,20,Student,50788,Indore,2020-03-22
CUST00476,Mohit Verma,Female,37,Engineer,1021403,Kolkata,2018-12-18
CUST00477,Arjun Kumar,Male,25,Engineer,1602222,Gurugram,2022-03-19
CUST00478,Diya Sharma,Female,54,Business Owner,3577942,Guwahati,2021-09-14
CUST00479,Aarav Mehta,Female,25,Engineer,1712810,Kochi,2018-03-10
CUST00480,Ishita Das,Male,52,Teacher,849250,Nagpur,2019-08-10
CUST00481,Priya Kumar,Male,55,Government,1094830,Bhubaneswar,2025-05-26
CUST00482,Sanya Mehta,Female,34,Engineer,1404236,Indore,2019-01-06
CUST00483,Aditya Patel,Male,21,Student,197661,Indore,2019-04-21
CUST00484,Diya Das,Male,24,Teacher,685169,Ranchi,2019-03-13
CUST00485,Diya Patel,Female,33,Engineer,1059075,Gurugram,2023-08-20
CUST00486,Aman Joshi,Female,55,Engineer,1390015,Indore,2021-05-10
CUST00487,Ishita Joshi,Male,49,Government,475312,Bhopal,2024-02-23
CUST00488,Raj Joshi,Male,43,Engineer,943292,Gurugram,2022-01-23
CUST00489,Nikhil Ranjan,Male,48,Consultant,810042,Raipur,2025-01-12
CUST00490,Rahul Patel,Male,39,Teacher,443964,Raipur,2019-05-07
CUST00491,Nikhil Singh,Male,25,Engineer,1174042,Kochi,2021-08-25
CUST00492,Diya Joshi,Male,25,Manager,1988214,Hyderabad,2018-01-22
CUST00493,Ishita Patel,Male,26,Doctor,1576164,Patna,2022-09-29
CUST00494,Rohit Kumar,Male,57,Engineer,1720093,Bhopal,2025-06-07
CUST00495,Ananya Gupta,Female,21,Student,112833,Bengaluru,2025-04-15
CUST00496,Diya Singh,Female,51,Teacher,551984,Mumbai,2019-09-21
CUST00497,Riya Jain,Female,72,Retired,293296,Delhi,2021-01-24
CUST00498,Arjun Iyer,Female,24,Consultant,1804099,Coimbatore,2024-06-01
CUST00499,Reyansh Singh,Female,34,Analyst,689448,Jaipur,2024-05-13
CUST00500,Ishita Mehta,Male,23,Student,240012,Raipur,2021-06-05
CUST00501,Rohit Jain,Male,28,Designer,311214,Lucknow,2023-05-19
CUST00502,Priya Singh,Male,24,Business Owner,3594578,Kolkata,2022-02-12
CUST00503,Aman Gupta,Female,55,Business Owner,3535002,Coimbatore,2020-05-22
CUST00504,Riya Verma,Male,43,Manager,1646049,Chennai,2021-12-03
CUST00505,Priya Nair,Female,30,Engineer,1631895,Raipur,2022-03-14
CUST00506,Raj Gupta,Male,30,Teacher,805040,Jaipur,2019-07-02
CUST00507,Sneha Iyer,Female,34,Doctor,2014844,Gurugram,2019-06-23
CUST00508,Aman Gupta,Female,64,Retired,655426,Kochi,2023-06-14
CUST00509,Arjun Joshi,Male,56,Manager,2370010,Hyderabad,2020-02-12
CUST00510,Vivaan Ranjan,Female,31,Analyst,540230,Ranchi,2023-11-21
CUST00511,Karan Kumar,Female,45,Manager,1538142,Jaipur,2018-07-14
CUST00512,Arjun Verma,Male,37,Engineer,1589977,Mumbai,2025-08-29
CUST00513,Arjun Singh,Male,47,Designer,702704,Patna,2018-06-18
CUST00514,Reyansh Kumar,Female,66,Retired,245939,Ranchi,2024-03-04
CUST00515,Reyansh Gupta,Male,23,Student,61566,Indore,2024-05-08
CUST00516,Diya Gupta,Male,55,Designer,709203,Bengaluru,2020-01-24
CUST00517,Mohit Kumar,Male,56,Engineer,1656582,Chennai,2023-12-26
CUST00518,Neha Verma,Female,20,Student,141785,Ahmedabad,2019-07-02
CUST00519,Sneha Mehta,Female,27,Government,1089247,Lucknow,2025-01-09
CUST00520,Aditya Nair,Male,38,Analyst,713824,Nagpur,2023-02-25
CUST00521,Reyansh Verma,Female,55,Designer,496972,Mumbai,2020-10-01
CUST00522,Reyansh Kumar,Male,57,Government,414210,Chandigarh,2021-01-01
CUST00523,Neha Nair,Male,30,Government,865909,Coimbatore,2020-09-25
CUST00524,Priya Ranjan,Female,25,Business Owner,1560386,Bengaluru,2019-08-27
CUST00525,Riya Jain,Male,31,Analyst,615485,Noida,2018-06-27
CUST00526,Ananya Reddy,Male,35,Engineer,915034,Guwahati,2018-01-09
CUST00527,Reyansh Singh,Female,33,Designer,394840,Coimbatore,2021-12-15
CUST00528,Aditya Das,Female,45,Business Owner,4869996,Delhi,2023-11-29
CUST00529,Riya Mishra,Male,39,Designer,362471,Ranchi,2021-04-22
CUST00530,Riya Sharma,Male,37,Engineer,717158,Chandigarh,2025-06-07
CUST00531,Rohit Joshi,Female,33,Engineer,896280,Ranchi,2023-04-10
CUST00532,Sanya Joshi,Female,42,Manager,1955487,Lucknow,2024-06-01
CUST00533,Sneha Singh,Male,21,Student,142515,Bhubaneswar,2023-04-03
CUST00534,Aarav Kumar,Female,24,Student,28663,Kolkata,2019-10-29
CUST00535,Aman Sharma,Male,43,Engineer,1756980,Patna,2021-07-12
CUST00536,Karan Jain,Male,71,Retired,547412,Hyderabad,2023-08-19
CUST00537,Mohit Iyer,Female,26,Engineer,938109,Vellore,2023-01-07
CUST00538,Sanya Mishra,Male,23,Student,203231,Coimbatore,2023-08-06
CUST00539,Aman Gupta,Female,34,Doctor,2423909,Kochi,2025-04-17
CUST00540,Karan Iyer,Female,47,Government,728881,Coimbatore,2020-12-12
CUST00541,Aditya Patel,Female,24,Engineer,820825,Bhopal,2023-04-03
CUST00542,Raj Joshi,Female,29,Business Owner,2373284,Nagpur,2019-04-14
CUST00543,Raj Mishra,Male,33,Doctor,1031379,Surat,2025-09-01
CUST00544,Mohit Mishra,Male,20,Student,36311,Lucknow,2019-01-14
CUST00545,Aarav Iyer,Male,36,Teacher,808001,Lucknow,2018-11-15
CUST00546,Aarav Nair,Male,44,Analyst,980938,Raipur,2025-02-11
CUST00547,Riya Mishra,Female,37,Analyst,1230276,Chandigarh,2018-03-08
CUST00548,Riya Singh,Male,53,Government,584354,Jaipur,2024-02-02
CUST00549,Rohit Das,Male,30,Teacher,870518,Lucknow,2025-06-27
CUST00550,Aarav Patel,Male,53,Consultant,1672967,Jaipur,2023-09-10
CUST00551,Neha Singh,Female,22,Student,126644,Jaipur,2020-09-17
CUST00552,Arjun Joshi,Male,72,Retired,442189,Patna,2023-08-28
CUST00553,Diya Joshi,Male,34,Analyst,597784,Kochi,2024-05-31
CUST00554,Ananya Verma,Male,46,Engineer,1102733,Gurugram,2025-01-13
CUST00555,Sneha Verma,Female,53,Analyst,648725,Chennai,2018-03-31
CUST00556,Diya Mishra,Male,50,Engineer,1257635,Lucknow,2019-04-26
CUST00557,Riya Verma,Male,60,Retired,426813,Delhi,2018-05-01
CUST00558,Rohit Ranjan,Male,41,Engineer,1609935,Delhi,2020-10-21
CUST00559,Diya Verma,Female,30,Engineer,947399,Mumbai,2022-10-25
CUST00560,Neha Ranjan,Male,52,Analyst,1036196,Pune,2022-01-05
CUST00561,Priya Iyer,Male,33,Engineer,856489,Ahmedabad,2022-04-29
CUST00562,Vivaan Gupta,Female,41,Analyst,1215267,Jaipur,2019-05-04
CUST00563,Vivaan Patel,Male,39,Doctor,919490,Kochi,2018-10-12
CUST00564,Arjun Mishra,Female,41,Engineer,1325246,Kolkata,2024-12-06
CUST00565,Aarav Jain,Male,32,Engineer,1277084,Kochi,2020-11-29
CUST00566,Nikhil Jain,Female,40,Engineer,1395987,Bengaluru,2025-02-21
CUST00567,Sanya Mishra,Male,55,Analyst,1310175,Chandigarh,2025-05-25
CUST00568,Raj Mishra,Female,28,Manager,1881782,Nagpur,2021-07-01
CUST00569,Ishita Mishra,Male,32,Doctor,2797636,Indore,2019-08-27
CUST00570,Aditya Patel,Female,25,Government,678479,Chandigarh,2020-05-18
CUST00571,Sneha Singh,Female,27,Teacher,751103,Coimbatore,2023-12-10
CUST00572,Ananya Kumar,Female,27,Business Owner,1145751,Guwahati,2022-05-25
CUST00573,Ishita Mishra,Male,37,Engineer,1026928,Gurugram,2019-11-29
CUST00574,Aarav Das,Female,45,Manager,1600562,Delhi,2023-04-25
CUST00575,Arjun Gupta,Female,31,Engineer,636471,Ranchi,2023-01-28
CUST00576,Arjun Gupta,Male,40,Manager,2389307,Kolkata,2019-08-29
CUST00577,Ananya Jain,Female,55,Consultant,1106516,Lucknow,2023-11-29
CUST00578,Karan Reddy,Female,23,Student,218782,Mumbai,2024-05-10
CUST00579,Rahul Sharma,Male,18,Student,244484,Noida,2021-03-05
CUST00580,Reyansh Verma,Female,24,Engineer,1338733,Ranchi,2019-08-08
CUST00581,Mohit Das,Female,38,Engineer,1592325,Raipur,2025-08-12
CUST00582,Sanya Singh,Female,40,Designer,958840,Delhi,2022-11-25
CUST00583,Karan Verma,Male,56,Engineer,1582261,Kochi,2024-11-24
CUST00584,Aditya Sharma,Female,58,Designer,782576,Jaipur,2025-04-15
CUST00585,Priya Jain,Male,19,Student,173700,Kochi,2021-05-17
CUST00586,Aarav Mishra,Female,18,Student,60140,Nagpur,2022-05-20
CUST00587,Mohit Singh,Male,54,Government,553350,Bengaluru,2019-12-01
CUST00588,Karan Mishra,Female,54,Manager,1670366,Bhubaneswar,2019-08-30
CUST00589,Aarav Singh,Female,19,Student,158734,Chennai,2023-08-13
CUST00590,Sneha Verma,Female,35,Engineer,1337918,Bhubaneswar,2022-03-23
CUST00591,Aman Jain,Female,32,Analyst,1112885,Kolkata,2021-08-18
CUST00592,Mohit Patel,Male,21,Student,201370,Vellore,2023-01-16
CUST00593,Nikhil Sharma,Male,40,Engineer,1517535,Gurugram,2020-04-13
CUST00594,Rohit Patel,Female,50,Designer,898076,Bengaluru,2024-12-08
CUST00595,Vivaan Das,Female,51,Consultant,911629,Patna,2018-04-03
CUST00596,Sneha Das,Male,48,Consultant,1785820,Ahmedabad,2024-02-15
CUST00597,Vivaan Kumar,Female,25,Government,614154,Indore,2018-10-26
CUST00598,Priya Mehta,Female,28,Government,437329,Ranchi,2022-11-03
CUST00599,Karan Joshi,Female,21,Student,13816,Kolkata,2024-02-29
CUST00600,Sanya Das,Male,46,Engineer,1319586,Coimbatore,2018-03-03
CUST00601,Reyansh Das,Female,18,Student,66435,Raipur,2023-05-15
CUST00602,Rohit Jain,Female,40,Engineer,1031721,Bhopal,2021-07-30
CUST00603,Arjun Patel,Male,46,Business Owner,2407542,Indore,2018-05-27
CUST00604,Aman Sharma,Female,25,Manager,1530011,Ahmedabad,2022-04-25
CUST00605,Nikhil Kumar,Male,35,Engineer,1716716,Chandigarh,2021-10-28
CUST00606,Priya Singh,Male,27,Consultant,1245470,Raipur,2021-02-23
CUST00607,Diya Sharma,Male,67,Retired,462682,Bhopal,2021-06-11
CUST00608,Karan Sharma,Male,52,Analyst,961278,Ranchi,2021-02-06
CUST00609,Priya Verma,Male,35,Analyst,772148,Guwahati,2020-01-25
CUST00610,Riya Verma,Male,26,Business Owner,2859605,Bhopal,2023-09-08
CUST00611,Diya Reddy,Female,37,Engineer,1796143,Chandigarh,2021-10-04
CUST00612,Rohit Joshi,Female,42,Government,1038622,Lucknow,2020-05-30
CUST00613,Rohit Nair,Female,48,Consultant,1973185,Gurugram,2021-01-07
CUST00614,Riya Verma,Female,45,Consultant,2153479,Pune,2024-04-14
CUST00615,Neha Verma,Male,38,Engineer,1478392,Bhubaneswar,2022-08-01
CUST00616,Reyansh Mishra,Male,36,Business Owner,1713250,Lucknow,2022-11-03
CUST00617,Neha Das,Male,56,Manager,1743720,Chennai,2018-07-05
CUST00618,Aarav Das,Female,50,Manager,2438141,Hyderabad,2025-07-23
CUST00619,Rohit Das,Female,35,Doctor,1306422,Nagpur,2021-03-14
CUST00620,Ananya Nair,Female,26,Teacher,714218,Delhi,2020-07-05
CUST00621,Sanya Reddy,Male,22,Student,146081,Mumbai,2018-01-28
CUST00622,Karan Nair,Female,37,Consultant,929879,Kolkata,2018-12-22
CUST00623,Neha Jain,Male,71,Retired,277687,Coimbatore,2022-11-11
CUST00624,Mohit Joshi,Female,26,Government,892951,Kochi,2021-03-03
CUST00625,Nikhil Kumar,Female,24,Engineer,741057,Coimbatore,2023-06-07
CUST00626,Ishita Ranjan,Female,38,Analyst,1014034,Bhubaneswar,2021-08-25
CUST00627,Ishita Gupta,Male,53,Analyst,864462,Ahmedabad,2022-08-03
CUST00628,Neha Mehta,Male,44,Analyst,1348330,Bengaluru,2021-06-17
CUST00629,Aditya Mehta,Male,31,Teacher,444636,Chandigarh,2023-10-26
CUST00630,Vivaan Mishra,Male,58,Teacher,783476,Pune,2023-11-27
CUST00631,Reyansh Mishra,Female,34,Business Owner,2774576,Kochi,2018-12-14
CUST00632,Ishita Gupta,Female,24,Engineer,918447,Hyderabad,2020-04-10
CUST00633,Sneha Sharma,Female,25,Student,225199,Kochi,2022-06-01
CUST00634,Neha Singh,Male,38,Manager,1675572,Noida,2019-01-26
CUST00635,Reyansh Sharma,Female,29,Engineer,1445561,Patna,2024-05-04
CUST00636,Sanya Mishra,Male,37,Teacher,597190,Guwahati,2019-03-07
CUST00637,Mohit Mehta,Female,24,Manager,1313909,Lucknow,2019-07-27
CUST00638,Reyansh Gupta,Male,24,Government,789684,Raipur,2024-11-19
CUST00639,Reyansh Nair,Male,53,Teacher,846889,Indore,2018-01-23
CUST00640,Priya Patel,Male,58,Manager,2146661,Jaipur,2020-02-29
CUST00641,Mohit Gupta,Male,24,Student,211428,Surat,2019-06-03
CUST00642,Aman Mishra,Male,41,Analyst,676264,Bhubaneswar,2021-08-17
CUST00643,Sneha Reddy,Female,56,Government,652468,Hyderabad,2023-04-28
CUST00644,Sanya Jain,Female,23,Student,87092,Noida,2025-04-24
CUST00645,Rohit Kumar,Male,46,Engineer,1048329,Noida,2024-07-29
CUST00646,Vivaan Das,Male,23,Student,6812,Jaipur,2023-04-13
CUST00647,Aditya Ranjan,Male,54,Analyst,540048,Guwahati,2018-08-18
CUST00648,Rohit Sharma,Female,30,Analyst,1393990,Chandigarh,2022-09-02
CUST00649,Mohit Mehta,Male,56,Analyst,588047,Bhopal,2021-06-28
CUST00650,Neha Das,Male,53,Analyst,1093692,Surat,2019-11-25
CUST00651,Ananya Singh,Female,29,Engineer,1245466,Chennai,2022-08-23
CUST00652,Rohit Nair,Male,35,Consultant,1444810,Ahmedabad,2018-05-31
CUST00653,Vivaan Jain,Male,46,Teacher,570958,Ranchi,2023-10-19
CUST00654,Karan Nair,Female,53,Analyst,1091155,Bhopal,2021-10-11
CUST00655,Aman Mishra,Male,43,Government,1003943,Nagpur,2020-10-31
CUST00656,Mohit Iyer,Male,49,Teacher,632445,Raipur,2021-05-16
CUST00657,Reyansh Kumar,Male,64,Retired,200884,Guwahati,2021-05-19
CUST00658,Sneha Joshi,Male,51,Engineer,1113241,Jaipur,2023-04-19
CUST00659,Sanya Verma,Female,30,Teacher,646951,Bhopal,2023-06-24
CUST00660,Aman Kumar,Male,35,Manager,903337,Bhopal,2020-05-15
CUST00661,Mohit Ranjan,Male,35,Doctor,2204814,Jaipur,2023-03-20
CUST00662,Vivaan Gupta,Female,24,Teacher,859754,Hyderabad,2020-11-25
CUST00663,Neha Jain,Female,54,Analyst,882585,Raipur,2020-03-20
CUST00664,Karan Patel,Female,27,Designer,687235,Bhubaneswar,2018-04-07
CUST00665,Sneha Kumar,Male,22,Student,9184,Patna,2018-12-11
CUST00666,Diya Joshi,Male,51,Engineer,1324327,Patna,2022-04-14
CUST00667,Ananya Gupta,Male,70,Retired,798626,Bhubaneswar,2018-07-20
CUST00668,Aarav Reddy,Female,41,Analyst,1025927,Noida,2025-05-15
CUST00669,Diya Patel,Female,25,Student,116037,Coimbatore,2023-05-03
CUST00670,Vivaan Mehta,Male,46,Engineer,918302,Patna,2025-01-30
CUST00671,Diya Patel,Female,37,Analyst,818801,Kolkata,2022-08-29
CUST00672,Ishita Singh,Male,39,Engineer,1727413,Vellore,2022-07-01
CUST00673,Ishita Mishra,Female,41,Teacher,761223,Patna,2019-10-05
CUST00674,Reyansh Das,Male,53,Teacher,548049,Mumbai,2024-09-21
CUST00675,Rohit Mishra,Male,39,Manager,1676566,Ranchi,2019-10-24
CUST00676,Diya Nair,Male,54,Teacher,567062,Chandigarh,2019-12-26
CUST00677,Aman Mishra,Female,34,Business Owner,757741,Chandigarh,2018-10-16
CUST00678,Karan Reddy,Male,60,Retired,661421,Lucknow,2019-03-01
CUST00679,Rahul Jain,Female,47,Consultant,903687,Coimbatore,2020-09-29
CUST00680,Priya Jain,Female,22,Student,236126,Vellore,2024-04-27
CUST00681,Ananya Mehta,Male,43,Manager,2459721,Noida,2018-04-25
CUST00682,Neha Iyer,Female,40,Analyst,1281668,Pune,2022-03-29
CUST00683,Diya Reddy,Male,54,Analyst,1201229,Kolkata,2025-04-16
CUST00684,Sanya Iyer,Male,57,Teacher,453641,Pune,2018-08-18
CUST00685,Aditya Jain,Male,40,Analyst,739431,Chandigarh,2023-11-11
CUST00686,Aditya Nair,Male,54,Engineer,806087,Jaipur,2019-02-14
CUST00687,Aman Mehta,Male,24,Analyst,1254955,Patna,2021-09-08
CUST00688,Aarav Patel,Female,40,Business Owner,4919992,Bhubaneswar,2023-07-24
CUST00689,Neha Reddy,Female,30,Engineer,1318131,Mumbai,2019-02-26
CUST00690,Ananya Kumar,Female,21,Student,81992,Bhopal,2023-04-18
CUST00691,Karan Patel,Male,46,Teacher,787385,Jaipur,2023-02-15
CUST00692,Diya Iyer,Female,21,Student,154558,Vellore,2021-01-27
CUST00693,Arjun Sharma,Female,54,Engineer,696468,Kochi,2021-02-04
CUST00694,Rahul Kumar,Female,54,Teacher,663372,Patna,2024-06-03
CUST00695,Rahul Patel,Female,25,Manager,1834995,Patna,2020-03-26
CUST00696,Riya Sharma,Female,68,Retired,737145,Bhopal,2018-05-12
CUST00697,Nikhil Jain,Female,42,Government,565909,Bhubaneswar,2024-11-03
CUST00698,Rohit Reddy,Female,73,Retired,676102,Nagpur,2018-03-29
CUST00699,Rahul Mehta,Male,25,Analyst,838044,Gurugram,2024-06-10
CUST00700,Neha Mishra,Female,33,Government,966310,Noida,2020-07-31
CUST00701,Raj Ranjan,Male,51,Engineer,1088592,Bhopal,2023-01-05
CUST00702,Neha Ranjan,Male,31,Teacher,569821,Chandigarh,2020-05-11
CUST00703,Ishita Mishra,Male,40,Designer,671910,Hyderabad,2022-11-14
CUST00704,Rohit Singh,Male,19,Student,8309,Nagpur,2023-04-09
CUST00705,Mohit Sharma,Female,47,Engineer,930265,Vellore,2020-04-15
CUST00706,Diya Joshi,Male,44,Teacher,501352,Jaipur,2019-10-10
CUST00707,Ishita Nair,Female,50,Engineer,835742,Kochi,2020-11-18
CUST00708,Arjun Joshi,Female,23,Student,258370,Coimbatore,2021-03-02
CUST00709,Nikhil Joshi,Male,35,Engineer,1289178,Guwahati,2022-04-27
CUST00710,Riya Kumar,Female,24,Engineer,671542,Nagpur,2023-01-26
CUST00711,Neha Reddy,Female,31,Doctor,2314548,Pune,2018-09-16
CUST00712,Karan Iyer,Male,30,Doctor,1366142,Noida,2023-08-30
CUST00713,Rohit Singh,Female,38,Teacher,399278,Mumbai,2019-10-13
CUST00714,Neha Singh,Female,58,Manager,1521798,Kochi,2018-01-02
CUST00715,Sneha Das,Male,22,Student,31049,Hyderabad,2020-10-15
CUST00716,Rohit Gupta,Male,49,Engineer,918444,Noida,2025-01-18
CUST00717,Karan Das,Male,31,Doctor,1195290,Guwahati,2023-06-19
CUST00718,Rohit Patel,Female,19,Student,126506,Vellore,2025-06-24
CUST00719,Sanya Das,Female,60,Retired,711560,Surat,2024-10-20
CUST00720,Rahul Mishra,Female,30,Government,1153180,Bhubaneswar,2024-06-06
CUST00721,Riya Mishra,Female,25,Engineer,1788938,Bhubaneswar,2021-12-14
CUST00722,Riya Das,Male,18,Student,137978,Ahmedabad,2021-07-20
CUST00723,Mohit Singh,Female,44,Engineer,990473,Jaipur,2018-03-07
CUST00724,Ananya Singh,Female,58,Engineer,1434606,Kochi,2023-12-23
CUST00725,Aarav Nair,Male,42,Teacher,607848,Noida,2020-06-15
CUST00726,Karan Singh,Female,33,Government,978002,Ahmedabad,2025-01-13
CUST00727,Priya Reddy,Male,47,Government,1126871,Ranchi,2019-01-31
CUST00728,Nikhil Ranjan,Male,38,Manager,1464413,Bhubaneswar,2019-12-03
CUST00729,Karan Joshi,Male,54,Analyst,1215136,Chennai,2022-06-12
CUST00730,Nikhil Verma,Male,45,Analyst,1337200,Pune,2024-11-19
CUST00731,Karan Ranjan,Female,39,Business Owner,1702439,Hyderabad,2019-07-22
CUST00732,Neha Nair,Male,35,Engineer,1128511,Delhi,2023-11-16
CUST00733,Riya Mishra,Male,47,Engineer,953397,Surat,2019-12-08
CUST00734,Reyansh Mishra,Female,58,Analyst,601675,Pune,2018-05-05
CUST00735,Rahul Jain,Female,42,Engineer,1332019,Guwahati,2023-01-09
CUST00736,Rohit Verma,Female,39,Analyst,751082,Kochi,2023-11-30
CUST00737,Aman Sharma,Female,42,Analyst,969661,Ranchi,2019-03-04
CUST00738,Mohit Mehta,Female,55,Analyst,1053176,Delhi,2018-07-16
CUST00739,Arjun Nair,Male,36,Engineer,1727772,Patna,2020-06-26
CUST00740,Mohit Ranjan,Male,21,Student,299444,Indore,2022-03-03
CUST00741,Karan Ranjan,Female,40,Engineer,1796508,Gurugram,2020-02-16
CUST00742,Mohit Iyer,Female,26,Business Owner,1291601,Vellore,2019-11-17
CUST00743,Aman Kumar,Male,24,Student,150176,Raipur,2023-10-24
CUST00744,Rahul Das,Male,38,Doctor,1250677,Bengaluru,2025-06-08
CUST00745,Sneha Ranjan,Male,44,Manager,1425970,Bhubaneswar,2021-04-10
CUST00746,Neha Sharma,Male,45,Engineer,653078,Bhubaneswar,2018-09-24
CUST00747,Nikhil Verma,Male,44,Business Owner,2660098,Lucknow,2025-01-17
CUST00748,Riya Mehta,Female,54,Analyst,796189,Bengaluru,2023-05-17
CUST00749,Rahul Ranjan,Male,33,Doctor,1978820,Coimbatore,2022-07-06
CUST00750,Reyansh Joshi,Male,49,Consultant,1462441,Coimbatore,2020-10-04
CUST00751,Ishita Jain,Female,53,Manager,1723823,Pune,2018-07-28
CUST00752,Sneha Das,Male,57,Engineer,978148,Pune,2019-09-10
CUST00753,Aditya Patel,Female,21,Student,165787,Lucknow,2020-04-11
CUST00754,Mohit Jain,Male,28,Engineer,1261651,Raipur,2019-10-31
CUST00755,Aman Singh,Male,54,Engineer,1123008,Lucknow,2024-07-28
CUST00756,Sneha Jain,Male,74,Retired,514682,Indore,2019-03-31
CUST00757,Aarav Nair,Female,29,Engineer,1637565,Bhopal,2019-11-15
CUST00758,Diya Sharma,Male,52,Analyst,542420,Bengaluru,2021-05-24
CUST00759,Riya Joshi,Female,48,Engineer,1166825,Gurugram,2024-03-12
CUST00760,Aditya Singh,Male,52,Business Owner,893000,Pune,2018-12-24
CUST00761,Aditya Singh,Male,28,Engineer,1566290,Hyderabad,2019-01-11
CUST00762,Ishita Joshi,Male,27,Doctor,1707984,Chennai,2022-12-18
CUST00763,Mohit Ranjan,Female,36,Business Owner,1740273,Mumbai,2024-09-29
CUST00764,Vivaan Verma,Female,51,Business Owner,758578,Lucknow,2021-11-10
CUST00765,Riya Nair,Female,52,Engineer,785035,Raipur,2023-06-27
CUST00766,Reyansh Joshi,Female,34,Business Owner,4572518,Delhi,2022-09-15
CUST00767,Aman Singh,Female,33,Government,499453,Chennai,2021-10-13
CUST00768,Vivaan Patel,Male,43,Engineer,1182315,Pune,2018-10-02
CUST00769,Ishita Mehta,Female,39,Manager,1928667,Delhi,2024-11-10
CUST00770,Neha Joshi,Male,47,Analyst,1092789,Kochi,2021-07-04
CUST00771,Aarav Patel,Male,45,Government,912321,Nagpur,2022-04-23
CUST00772,Vivaan Nair,Male,57,Engineer,1570329,Vellore,2020-07-03
CUST00773,Vivaan Joshi,Male,33,Engineer,1271163,Nagpur,2023-11-15
CUST00774,Riya Nair,Male,24,Student,156330,Bhubaneswar,2023-01-04
CUST00775,Neha Sharma,Male,44,Teacher,825354,Nagpur,2018-08-03
CUST00776,Neha Das,Male,44,Analyst,526702,Delhi,2023-09-27
CUST00777,Neha Verma,Female,28,Manager,2397059,Bengaluru,2021-11-08
CUST00778,Priya Sharma,Male,57,Engineer,1430451,Vellore,2018-08-03
CUST00779,Aarav Iyer,Female,26,Consultant,1369954,Nagpur,2023-07-10
CUST00780,Rohit Jain,Male,26,Analyst,718981,Chennai,2022-06-15
CUST00781,Sneha Verma,Female,41,Engineer,1384965,Pune,2023-01-24
CUST00782,Riya Nair,Male,35,Doctor,1347656,Chennai,2025-04-07
CUST00783,Rahul Ranjan,Male,22,Student,12484,Nagpur,2023-07-07
CUST00784,Nikhil Singh,Male,28,Analyst,1394101,Kolkata,2018-08-08
CUST00785,Raj Verma,Male,47,Engineer,1187157,Noida,2023-05-06
CUST00786,Aarav Sharma,Female,53,Engineer,1172804,Mumbai,2022-11-07
CUST00787,Rahul Reddy,Male,28,Teacher,375598,Chandigarh,2025-04-17
CUST00788,Sanya Iyer,Male,38,Government,571856,Bengaluru,2021-08-06
CUST00789,Karan Verma,Female,49,Analyst,864314,Raipur,2019-07-18
CUST00790,Aditya Mishra,Female,58,Government,546298,Delhi,2019-04-04
CUST00791,Sneha Iyer,Female,40,Business Owner,3509342,Bhubaneswar,2020-06-16
CUST00792,Priya Reddy,Female,38,Teacher,463037,Ranchi,2021-05-25
CUST00793,Karan Patel,Female,25,Business Owner,2437175,Pune,2018-02-13
CUST00794,Aarav Gupta,Female,47,Analyst,949339,Indore,2022-04-21
CUST00795,Aditya Kumar,Male,46,Business Owner,4789013,Vellore,2023-02-06
CUST00796,Rohit Nair,Male,26,Manager,2187058,Gurugram,2023-08-19
CUST00797,Karan Verma,Male,40,Doctor,1629467,Mumbai,2018-11-11
CUST00798,Rahul Reddy,Male,48,Business Owner,2232412,Pune,2019-02-20
CUST00799,Karan Verma,Male,55,Engineer,1501719,Mumbai,2018-12-24
CUST00800,Rahul Mehta,Female,49,Government,595864,Surat,2024-04-01
CUST00801,Vivaan Iyer,Male,31,Doctor,1749125,Surat,2019-04-07
CUST00802,Mohit Ranjan,Male,32,Analyst,1003724,Bhubaneswar,2019-08-22
CUST00803,Karan Sharma,Female,54,Engineer,752232,Bhopal,2018-06-25
CUST00804,Priya Das,Female,47,Designer,966206,Delhi,2023-07-30
CUST00805,Ishita Mishra,Female,28,Engineer,777927,Vellore,2021-06-16
CUST00806,Ananya Jain,Female,54,Business Owner,3572343,Kolkata,2021-03-29
CUST00807,Diya Ranjan,Male,39,Business Owner,2309325,Guwahati,2024-11-16
CUST00808,Raj Das,Female,47,Designer,605619,Coimbatore,2020-01-20
CUST00809,Sneha Mishra,Female,49,Designer,564802,Nagpur,2018-01-14
CUST00810,Aman Ranjan,Female,53,Engineer,1181103,Hyderabad,2021-07-06
CUST00811,Nikhil Sharma,Male,27,Engineer,747387,Kochi,2019-04-02
CUST00812,Priya Singh,Female,69,Retired,532102,Delhi,2020-04-12
CUST00813,Priya Gupta,Male,41,Analyst,600331,Patna,2018-01-13
CUST00814,Aarav Iyer,Female,52,Manager,2394063,Ahmedabad,2020-04-20
CUST00815,Mohit Reddy,Female,25,Business Owner,4409354,Bhopal,2020-04-28
CUST00816,Aarav Ranjan,Female,24,Student,152399,Pune,2022-01-12
CUST00817,Priya Mishra,Male,51,Engineer,1517215,Gurugram,2018-05-29
CUST00818,Karan Gupta,Male,34,Teacher,617539,Gurugram,2020-07-27
CUST00819,Aditya Reddy,Male,19,Student,27339,Lucknow,2021-01-07
CUST00820,Rohit Jain,Male,35,Business Owner,773370,Mumbai,2022-06-02
CUST00821,Mohit Mehta,Male,32,Engineer,1370055,Coimbatore,2018-10-02
CUST00822,Ananya Iyer,Female,57,Engineer,1428410,Gurugram,2019-11-15
CUST00823,Aarav Patel,Female,37,Consultant,1502312,Bhubaneswar,2020-03-24
CUST00824,Rahul Joshi,Female,52,Engineer,1233281,Vellore,2022-03-02
CUST00825,Diya Gupta,Female,39,Doctor,2468819,Pune,2023-10-01
CUST00826,Aarav Iyer,Male,46,Doctor,1596025,Patna,2025-01-27
CUST00827,Aman Ranjan,Male,45,Teacher,403389,Bhubaneswar,2025-06-22
CUST00828,Sneha Kumar,Male,48,Business Owner,1907552,Vellore,2018-06-30
CUST00829,Vivaan Gupta,Female,50,Engineer,1006143,Jaipur,2018-09-28
CUST00830,Neha Iyer,Male,31,Doctor,2337543,Ahmedabad,2025-06-28
CUST00831,Nikhil Gupta,Female,38,Consultant,1746215,Bhopal,2019-03-13
CUST00832,Aditya Kumar,Male,53,Analyst,1231257,Coimbatore,2024-12-27
CUST00833,Ishita Kumar,Female,70,Retired,323969,Kolkata,2023-07-08
CUST00834,Aditya Verma,Male,39,Analyst,1140231,Gurugram,2019-09-07
CUST00835,Aditya Sharma,Male,27,Doctor,1037089,Patna,2021-06-22
CUST00836,Reyansh Verma,Female,24,Engineer,956378,Delhi,2024-10-18
CUST00837,Ishita Mehta,Female,38,Engineer,667179,Surat,2022-09-09
CUST00838,Rahul Singh,Male,37,Designer,454853,Ahmedabad,2018-10-28
CUST00839,Riya Verma,Male,54,Designer,709777,Jaipur,2018-05-09
CUST00840,Mohit Gupta,Female,49,Teacher,680079,Surat,2019-01-17
CUST00841,Neha Reddy,Female,26,Government,440316,Kolkata,2021-10-13
CUST00842,Ishita Iyer,Female,33,Engineer,1659022,Chennai,2018-07-02
CUST00843,Priya Mehta,Female,24,Student,218756,Jaipur,2022-06-06
CUST00844,Aarav Iyer,Female,38,Engineer,1101177,Surat,2024-09-24
CUST00845,Neha Mehta,Male,31,Engineer,1415847,Bhopal,2023-05-20
CUST00846,Sanya Joshi,Male,42,Engineer,1471525,Chennai,2018-11-09
CUST00847,Aman Mehta,Female,28,Government,887899,Coimbatore,2018-12-08
CUST00848,Sanya Kumar,Female,48,Designer,468128,Noida,2025-01-30
CUST00849,Aman Iyer,Female,30,Engineer,1444018,Noida,2022-05-06
CUST00850,Neha Mishra,Female,26,Analyst,503902,Delhi,2018-12-16
CUST00851,Sanya Mishra,Female,54,Consultant,2038151,Coimbatore,2021-04-16
CUST00852,Ishita Joshi,Female,32,Consultant,1813508,Bengaluru,2022-07-25
CUST00853,Mohit Das,Male,35,Engineer,888200,Chennai,2024-07-12
CUST00854,Neha Gupta,Male,22,Student,41766,Hyderabad,2019-07-15
CUST00855,Priya Verma,Female,54,Engineer,1584032,Hyderabad,2019-11-21
CUST00856,Sanya Kumar,Male,54,Analyst,677596,Mumbai,2022-10-27
CUST00857,Karan Gupta,Female,57,Analyst,642827,Pune,2018-01-06
CUST00858,Sneha Singh,Male,32,Teacher,392159,Kochi,2021-02-06
CUST00859,Karan Ranjan,Female,24,Analyst,857938,Kochi,2022-12-22
CUST00860,Karan Nair,Male,48,Engineer,994266,Bhopal,2018-09-09
CUST00861,Nikhil Nair,Female,50,Manager,1271321,Bengaluru,2021-05-26
CUST00862,Sneha Kumar,Male,21,Student,204784,Nagpur,2019-03-26
CUST00863,Sanya Mishra,Male,41,Manager,1032052,Surat,2025-01-14
CUST00864,Ananya Joshi,Female,64,Retired,645486,Kolkata,2024-07-29
CUST00865,Neha Nair,Male,48,Analyst,756779,Pune,2022-10-31
CUST00866,Reyansh Kumar,Male,32,Engineer,1461374,Patna,2020-06-13
CUST00867,Ananya Reddy,Male,50,Engineer,1188064,Noida,2018-06-30
CUST00868,Riya Jain,Female,55,Manager,1956336,Kolkata,2023-01-27
CUST00869,Reyansh Gupta,Female,25,Manager,2446597,Patna,2018-09-08
CUST00870,Mohit Patel,Male,31,Doctor,2156586,Bhopal,2023-12-24
CUST00871,Rohit Joshi,Female,29,Manager,1127414,Mumbai,2023-01-30
CUST00872,Sneha Reddy,Female,51,Consultant,742001,Mumbai,2019-01-08
CUST00873,Priya Reddy,Male,38,Engineer,837323,Ranchi,2020-09-12
CUST00874,Karan Nair,Male,58,Business Owner,2878171,Bengaluru,2019-07-27
CUST00875,Vivaan Reddy,Male,52,Manager,1866575,Ahmedabad,2018-04-22
CUST00876,Riya Sharma,Male,29,Analyst,1294357,Vellore,2019-09-06
CUST00877,Ishita Iyer,Male,19,Student,136736,Noida,2021-07-10
CUST00878,Rohit Gupta,Male,25,Doctor,1995909,Gurugram,2022-07-18
CUST00879,Vivaan Iyer,Male,33,Analyst,738912,Gurugram,2025-01-04
CUST00880,Vivaan Jain,Male,50,Engineer,1564739,Kolkata,2022-05-24
CUST00881,Aditya Ranjan,Female,40,Consultant,1106545,Surat,2020-09-19
CUST00882,Riya Joshi,Female,42,Manager,1524084,Coimbatore,2020-05-26
CUST00883,Priya Joshi,Female,22,Student,21379,Kochi,2021-10-24
CUST00884,Aarav Reddy,Male,25,Manager,1486757,Patna,2019-03-23
CUST00885,Priya Kumar,Male,20,Student,70387,Noida,2020-05-05
CUST00886,Rohit Nair,Male,44,Consultant,898337,Vellore,2024-02-08
CUST00887,Aditya Verma,Female,29,Analyst,727312,Bengaluru,2021-09-03
CUST00888,Reyansh Mishra,Male,24,Engineer,1037683,Gurugram,2020-09-28
CUST00889,Reyansh Jain,Male,40,Teacher,574082,Indore,2018-11-09
CUST00890,Karan Kumar,Male,30,Analyst,736814,Jaipur,2019-10-08
CUST00891,Rohit Iyer,Female,39,Analyst,851473,Pune,2018-06-25
CUST00892,Vivaan Iyer,Male,55,Analyst,956519,Noida,2022-01-19
CUST00893,Vivaan Mishra,Female,48,Teacher,534033,Gurugram,2023-09-17
CUST00894,Priya Gupta,Male,55,Engineer,1777280,Patna,2023-12-02
CUST00895,Vivaan Verma,Female,39,Designer,692484,Chandigarh,2023-01-24
CUST00896,Diya Joshi,Female,28,Manager,2398735,Indore,2025-01-01
CUST00897,Ishita Sharma,Female,29,Designer,892801,Ranchi,2024-05-21
CUST00898,Karan Das,Male,36,Designer,887043,Guwahati,2024-04-04
CUST00899,Diya Jain,Female,50,Engineer,1526918,Kolkata,2025-04-17
CUST00900,Sneha Das,Female,42,Government,431394,Ahmedabad,2024-02-09
CUST00901,Rohit Patel,Female,48,Engineer,1322924,Bhopal,2019-05-08
CUST00902,Aarav Sharma,Female,58,Consultant,761769,Surat,2024-09-25
CUST00903,Aditya Ranjan,Male,27,Government,751106,Gurugram,2024-11-12
CUST00904,Vivaan Joshi,Female,22,Student,28481,Nagpur,2020-06-22
CUST00905,Reyansh Das,Male,18,Student,232099,Nagpur,2021-11-12
CUST00906,Aditya Kumar,Male,54,Analyst,668791,Chennai,2020-04-10
CUST00907,Arjun Verma,Male,20,Student,89783,Chandigarh,2018-01-02
CUST00908,Sanya Gupta,Female,56,Engineer,877571,Gurugram,2020-12-19
CUST00909,Raj Mehta,Female,27,Engineer,1429609,Ranchi,2019-02-21
CUST00910,Mohit Verma,Male,53,Doctor,1682859,Gurugram,2020-12-05
CUST00911,Rohit Singh,Female,58,Government,965559,Bhubaneswar,2022-07-31
CUST00912,Rohit Reddy,Male,25,Student,285526,Chennai,2018-03-05
CUST00913,Aarav Reddy,Female,29,Manager,2313235,Noida,2024-01-18
CUST00914,Diya Sharma,Female,33,Government,995451,Chandigarh,2020-08-21
CUST00915,Rohit Gupta,Male,34,Analyst,1392204,Lucknow,2021-05-06
CUST00916,Sanya Ranjan,Female,19,Student,181812,Guwahati,2022-05-19
CUST00917,Sneha Iyer,Male,52,Engineer,1397857,Kolkata,2024-12-29
CUST00918,Aarav Ranjan,Male,32,Government,957989,Ranchi,2025-08-26
CUST00919,Aarav Mehta,Male,41,Designer,896842,Nagpur,2019-11-19
CUST00920,Mohit Mehta,Male,47,Government,547172,Surat,2025-02-09
CUST00921,Sanya Reddy,Female,38,Manager,1749139,Coimbatore,2023-06-03
CUST00922,Sanya Joshi,Female,34,Government,634412,Mumbai,2022-02-21
CUST00923,Ishita Mehta,Male,48,Engineer,1280266,Noida,2025-07-29
CUST00924,Raj Ranjan,Female,54,Consultant,1264414,Bhubaneswar,2018-12-28
CUST00925,Priya Reddy,Female,19,Student,106061,Delhi,2023-01-07
CUST00926,Aman Iyer,Male,30,Engineer,782739,Delhi,2024-10-14
CUST00927,Vivaan Patel,Female,41,Consultant,1393933,Raipur,2023-01-17
CUST00928,Diya Gupta,Male,32,Doctor,2314677,Patna,2023-08-19
CUST00929,Nikhil Mehta,Male,19,Student,174218,Coimbatore,2018-10-25
CUST00930,Sanya Joshi,Male,44,Engineer,1036928,Ahmedabad,2025-08-25
CUST00931,Aarav Singh,Female,22,Student,257231,Kochi,2023-10-12
CUST00932,Diya Singh,Male,37,Manager,2445697,Raipur,2025-01-11
CUST00933,Riya Sharma,Male,24,Analyst,756637,Jaipur,2023-04-16
CUST00934,Reyansh Ranjan,Male,35,Business Owner,3391475,Gurugram,2024-05-28
CUST00935,Mohit Verma,Female,19,Student,290350,Bengaluru,2020-05-30
CUST00936,Nikhil Verma,Female,25,Doctor,1550920,Pune,2020-08-25
CUST00937,Rahul Joshi,Female,44,Analyst,1327695,Patna,2020-06-15
CUST00938,Aarav Singh,Male,25,Designer,932928,Mumbai,2022-12-08
CUST00939,Priya Singh,Male,53,Engineer,1643754,Hyderabad,2018-04-26
CUST00940,Diya Reddy,Female,47,Manager,978972,Bhopal,2023-10-26
CUST00941,Aarav Gupta,Female,37,Business Owner,2686387,Bhubaneswar,2020-08-25
CUST00942,Nikhil Joshi,Female,53,Analyst,1375753,Gurugram,2025-06-12
CUST00943,Aditya Das,Male,41,Engineer,1004438,Chennai,2019-08-18
CUST00944,Arjun Verma,Female,31,Engineer,930101,Gurugram,2022-07-08
CUST00945,Ishita Das,Male,31,Engineer,1536359,Kochi,2022-11-03
CUST00946,Sneha Mehta,Male,18,Student,158054,Gurugram,2021-10-12
CUST00947,Aarav Reddy,Male,33,Analyst,635064,Chennai,2025-06-24
CUST00948,Sanya Patel,Female,25,Analyst,975774,Ranchi,2021-06-11
CUST00949,Aman Kumar,Female,40,Government,779398,Vellore,2021-02-12
CUST00950,Neha Patel,Female,29,Engineer,1493803,Bengaluru,2019-10-12
CUST00951,Riya Ranjan,Female,42,Analyst,561496,Bhopal,2024-12-26
CUST00952,Arjun Sharma,Male,42,Teacher,493507,Hyderabad,2019-05-01
CUST00953,Vivaan Iyer,Male,50,Engineer,1082032,Bhubaneswar,2023-10-19
CUST00954,Vivaan Ranjan,Female,30,Designer,504981,Kochi,2019-02-21
CUST00955,Aarav Sharma,Female,29,Engineer,1203403,Ahmedabad,2020-01-15
CUST00956,Mohit Mishra,Female,51,Business Owner,2415989,Noida,2020-11-07
CUST00957,Sneha Ranjan,Female,29,Government,433643,Lucknow,2019-02-15
CUST00958,Nikhil Kumar,Male,62,Retired,475454,Jaipur,2024-04-24
CUST00959,Sneha Reddy,Female,44,Manager,1435867,Vellore,2025-03-01
CUST00960,Ishita Sharma,Female,52,Analyst,900788,Ahmedabad,2023-05-20
CUST00961,Karan Mishra,Male,21,Student,229058,Ranchi,2018-04-18
CUST00962,Riya Mehta,Female,30,Doctor,1564203,Pune,2019-08-24
CUST00963,Mohit Reddy,Male,58,Engineer,1207684,Kochi,2023-01-23
CUST00964,Neha Nair,Male,56,Business Owner,1217698,Noida,2020-01-07
CUST00965,Sneha Das,Female,49,Teacher,794045,Pune,2025-06-15
CUST00966,Priya Singh,Female,38,Engineer,1142431,Nagpur,2021-03-09
CUST00967,Ishita Mishra,Female,48,Government,447361,Bhopal,2022-04-21
CUST00968,Arjun Ranjan,Male,22,Student,139274,Patna,2019-10-17
CUST00969,Rohit Kumar,Male,41,Analyst,631132,Noida,2022-11-21
CUST00970,Arjun Das,Male,75,Retired,424869,Coimbatore,2022-01-05
CUST00971,Neha Iyer,Male,50,Manager,900890,Bhopal,2022-06-29
CUST00972,Raj Joshi,Female,47,Designer,981874,Delhi,2021-01-25
CUST00973,Vivaan Iyer,Male,28,Designer,901080,Chennai,2022-06-30
CUST00974,Ananya Iyer,Female,41,Consultant,2005576,Chandigarh,2024-11-30
CUST00975,Arjun Verma,Male,52,Business Owner,1457456,Bhopal,2024-09-19
CUST00976,Diya Iyer,Female,39,Engineer,693299,Bhopal,2020-04-28
CUST00977,Reyansh Gupta,Female,24,Student,269834,Lucknow,2020-01-03
CUST00978,Ishita Patel,Female,24,Student,291898,Bengaluru,2022-01-31
CUST00979,Ananya Reddy,Female,52,Manager,2176349,Kolkata,2022-04-11
CUST00980,Mohit Mishra,Male,45,Consultant,1180042,Coimbatore,2019-05-01
CUST00981,Mohit Gupta,Male,51,Engineer,1593941,Mumbai,2019-01-14
CUST00982,Reyansh Kumar,Male,27,Government,904575,Noida,2019-12-10
CUST00983,Vivaan Kumar,Female,24,Analyst,641463,Ranchi,2020-07-26
CUST00984,Rohit Singh,Female,38,Manager,1867215,Raipur,2019-06-08
CUST00985,Neha Joshi,Male,40,Manager,1433651,Kochi,2020-03-17
CUST00986,Mohit Nair,Male,52,Engineer,1726730,Hyderabad,2018-05-06
CUST00987,Raj Sharma,Female,28,Consultant,1217866,Pune,2024-10-29
CUST00988,Aman Iyer,Female,20,Student,173551,Ahmedabad,2023-10-08
CUST00989,Riya Joshi,Male,41,Consultant,812170,Hyderabad,2023-05-01
CUST00990,Sanya Joshi,Female,24,Analyst,1174915,Guwahati,2024-12-23
CUST00991,Sneha Kumar,Male,43,Analyst,1106889,Ranchi,2019-01-02
CUST00992,Reyansh Verma,Female,68,Retired,308216,Raipur,2018-05-04
CUST00993,Priya Singh,Male,35,Government,522655,Gurugram,2018-03-08
CUST00994,Sanya Verma,Female,51,Manager,2224097,Hyderabad,2020-02-15
CUST00995,Ananya Ranjan,Male,27,Teacher,439183,Noida,2020-03-09
CUST00996,Neha Joshi,Female,23,Student,1913,Delhi,2022-11-28
CUST00997,Priya Gupta,Male,18,Student,204437,Hyderabad,2023-01-05
CUST00998,Ishita Iyer,Male,24,Student,21997,Patna,2022-03-28
CUST00999,Rohit Mehta,Female,48,Manager,2070273,Patna,2024-11-21
CUST01000,Aarav Verma,Male,35,Teacher,374509,Hyderabad,2022-11-03
CUST01001,Rahul Patel,Female,57,Manager,1064960,Indore,2023-09-22
CUST01002,Arjun Iyer,Male,74,Retired,278253,Delhi,2021-02-22
CUST01003,Ananya Joshi,Female,51,Analyst,670623,Hyderabad,2020-12-27
CUST01004,Aman Mishra,Male,47,Engineer,695150,Coimbatore,2024-06-11
CUST01005,Mohit Iyer,Male,49,Government,542619,Chennai,2024-04-12
CUST01006,Karan Verma,Female,22,Student,46640,Guwahati,2024-01-31
CUST01007,Arjun Mishra,Male,27,Teacher,739862,Vellore,2021-07-14
CUST01008,Aarav Sharma,Female,38,Doctor,1471114,Mumbai,2020-11-16
CUST01009,Ananya Nair,Male,44,Consultant,1564288,Indore,2022-08-21
CUST01010,Sanya Mehta,Female,36,Engineer,1729148,Raipur,2020-06-27
CUST01011,Sanya Ranjan,Male,37,Engineer,1518238,Bhopal,2022-10-25
CUST01012,Reyansh Iyer,Male,43,Engineer,1655664,Chandigarh,2021-09-17
CUST01013,Mohit Joshi,Male,27,Engineer,1355197,Delhi,2024-08-30
CUST01014,Rahul Reddy,Female,30,Business Owner,931159,Bengaluru,2019-01-24
CUST01015,Diya Patel,Male,64,Retired,625850,Guwahati,2021-07-14
CUST01016,Vivaan Verma,Female,24,Manager,2086757,Surat,2019-03-31
CUST01017,Rahul Das,Male,40,Engineer,1312579,Delhi,2021-12-20
CUST01018,Nikhil Verma,Male,38,Manager,2320901,Indore,2021-02-10
CUST01019,Neha Jain,Male,51,Engineer,1662170,Noida,2024-02-13
CUST01020,Aarav Ranjan,Female,45,Teacher,412206,Noida,2024-02-21
CUST01021,Raj Das,Female,54,Engineer,692460,Bengaluru,2021-06-10
CUST01022,Mohit Mehta,Female,25,Manager,2491240,Ranchi,2018-02-15
CUST01023,Nikhil Joshi,Male,40,Business Owner,1587245,Hyderabad,2020-06-15
CUST01024,Karan Iyer,Female,19,Student,16750,Ahmedabad,2020-09-22
CUST01025,Sanya Nair,Female,48,Engineer,1531286,Chennai,2024-05-05
CUST01026,Riya Patel,Male,34,Engineer,697362,Mumbai,2018-11-15
CUST01027,Mohit Kumar,Female,32,Doctor,1280985,Surat,2019-11-21
CUST01028,Arjun Iyer,Female,46,Analyst,1047622,Kochi,2020-05-16
CUST01029,Priya Nair,Male,53,Teacher,891866,Patna,2018-10-03
CUST01030,Mohit Sharma,Male,75,Retired,699931,Patna,2019-12-29
CUST01031,Reyansh Jain,Male,38,Engineer,926080,Patna,2018-09-28
CUST01032,Reyansh Singh,Female,66,Retired,429656,Lucknow,2023-08-02
CUST01033,Sneha Kumar,Male,39,Consultant,1403521,Noida,2025-08-26
CUST01034,Diya Verma,Female,53,Teacher,424488,Bengaluru,2025-08-28
CUST01035,Aditya Das,Female,75,Retired,489308,Bhopal,2022-05-25
CUST01036,Sneha Kumar,Female,31,Engineer,1620994,Mumbai,2019-09-19
CUST01037,Ishita Das,Male,47,Analyst,1109446,Hyderabad,2020-07-09
CUST01038,Reyansh Gupta,Male,48,Teacher,491232,Ranchi,2022-08-11
CUST01039,Ishita Jain,Male,41,Engineer,812676,Bhopal,2025-05-19
CUST01040,Riya Iyer,Male,38,Analyst,855294,Guwahati,2020-07-10
CUST01041,Rahul Reddy,Female,21,Student,40657,Ahmedabad,2024-04-27
CUST01042,Sneha Jain,Female,23,Student,140640,Bhopal,2018-09-18
CUST01043,Rohit Verma,Female,29,Engineer,1319863,Lucknow,2020-01-30
CUST01044,Priya Patel,Male,47,Teacher,601164,Vellore,2020-12-24
CUST01045,Rahul Das,Female,40,Teacher,665618,Mumbai,2020-06-20
CUST01046,Riya Joshi,Female,25,Designer,426088,Bhopal,2019-01-14
CUST01047,Mohit Mishra,Male,20,Student,146465,Patna,2023-12-07
CUST01048,Aarav Verma,Female,52,Designer,504450,Lucknow,2018-09-11
CUST01049,Reyansh Nair,Male,52,Consultant,2080524,Nagpur,2019-06-09
CUST01050,Aman Singh,Male,23,Student,62870,Hyderabad,2020-03-23
CUST01051,Diya Patel,Male,33,Engineer,1419494,Kochi,2020-08-19
CUST01052,Karan Ranjan,Male,36,Engineer,965546,Coimbatore,2023-09-09
CUST01053,Mohit Mishra,Male,72,Retired,730229,Noida,2022-04-11
CUST01054,Ananya Iyer,Female,33,Engineer,809246,Bengaluru,2022-07-07
CUST01055,Ananya Singh,Female,32,Engineer,1040024,Kolkata,2024-04-13
CUST01056,Sneha Kumar,Female,35,Consultant,1142632,Bhopal,2020-09-29
CUST01057,Ishita Reddy,Male,41,Consultant,2102999,Hyderabad,2025-04-29
CUST01058,Sneha Verma,Female,18,Student,202043,Patna,2021-02-07
CUST01059,Neha Ranjan,Female,28,Engineer,741123,Kolkata,2018-03-11
CUST01060,Ananya Singh,Female,37,Government,400553,Ranchi,2019-10-11
CUST01061,Sanya Das,Female,32,Engineer,913883,Bhopal,2022-07-21
CUST01062,Aarav Nair,Female,28,Analyst,1014378,Bengaluru,2024-06-20
CUST01063,Raj Sharma,Female,46,Business Owner,2403015,Bhubaneswar,2020-01-15
CUST01064,Ishita Nair,Male,31,Engineer,1338140,Ahmedabad,2018-07-24
CUST01065,Ishita Jain,Male,43,Engineer,1742435,Chennai,2022-09-16
CUST01066,Raj Sharma,Female,26,Teacher,720150,Pune,2021-01-20
CUST01067,Riya Das,Female,52,Doctor,2401952,Ranchi,2018-02-02
CUST01068,Rohit Das,Female,57,Teacher,596174,Mumbai,2024-11-10
CUST01069,Ishita Das,Male,51,Teacher,582161,Gurugram,2022-06-09
CUST01070,Mohit Singh,Male,40,Government,951366,Ranchi,2018-07-15
CUST01071,Reyansh Sharma,Male,24,Student,114570,Ranchi,2019-04-17
CUST01072,Vivaan Kumar,Male,43,Manager,1677087,Kolkata,2018-06-25
CUST01073,Raj Joshi,Female,24,Student,33600,Jaipur,2021-09-27
CUST01074,Ishita Kumar,Female,45,Consultant,844251,Gurugram,2021-09-02
CUST01075,Vivaan Mishra,Male,38,Teacher,542484,Gurugram,2020-03-09
CUST01076,Sneha Reddy,Male,50,Doctor,2163566,Jaipur,2018-05-14
CUST01077,Vivaan Gupta,Male,41,Designer,576295,Patna,2021-07-28
CUST01078,Raj Kumar,Male,34,Engineer,1772485,Bengaluru,2023-11-02
CUST01079,Raj Gupta,Female,32,Analyst,846228,Coimbatore,2023-04-03
CUST01080,Ananya Mehta,Female,53,Engineer,622452,Chandigarh,2020-05-12
CUST01081,Rahul Verma,Male,40,Engineer,957831,Bengaluru,2019-01-08
CUST01082,Neha Mishra,Female,42,Manager,1443043,Chandigarh,2022-08-23
CUST01083,Aditya Singh,Male,27,Analyst,1170898,Kochi,2021-07-21
CUST01084,Rahul Das,Male,49,Engineer,1190867,Guwahati,2020-02-03
CUST01085,Aditya Nair,Male,31,Engineer,1560264,Kochi,2023-06-09
CUST01086,Mohit Singh,Female,46,Manager,2154469,Jaipur,2022-05-08
CUST01087,Ananya Das,Female,21,Student,85747,Raipur,2020-02-27
CUST01088,Aarav Gupta,Female,36,Manager,1539071,Pune,2018-03-27
CUST01089,Sneha Ranjan,Male,56,Engineer,749676,Mumbai,2019-10-18
CUST01090,Karan Verma,Female,41,Manager,1257556,Guwahati,2021-12-01
CUST01091,Nikhil Patel,Female,47,Engineer,916479,Patna,2025-06-16
CUST01092,Sneha Verma,Female,39,Analyst,1177120,Indore,2025-06-09
CUST01093,Priya Joshi,Male,30,Analyst,1259013,Surat,2018-09-21
CUST01094,Karan Iyer,Female,35,Engineer,1380377,Nagpur,2024-01-04
CUST01095,Vivaan Reddy,Female,60,Retired,201006,Kolkata,2019-12-29
CUST01096,Ishita Reddy,Male,57,Government,821240,Ranchi,2024-09-06
CUST01097,Aditya Sharma,Female,35,Manager,1275486,Lucknow,2019-10-31
CUST01098,Nikhil Joshi,Male,21,Student,254592,Guwahati,2025-04-23
CUST01099,Riya Jain,Male,25,Business Owner,4137830,Mumbai,2019-10-23
CUST01100,Aarav Jain,Female,24,Student,2017,Patna,2024-03-15
CUST01101,Raj Jain,Female,27,Engineer,1546029,Indore,2025-07-20
CUST01102,Sanya Gupta,Male,29,Engineer,1305109,Pune,2018-01-04
CUST01103,Aman Patel,Male,38,Engineer,807931,Hyderabad,2022-07-22
CUST01104,Karan Verma,Female,51,Business Owner,2934733,Kolkata,2023-08-23
CUST01105,Riya Joshi,Female,58,Engineer,1333884,Indore,2023-12-27
CUST01106,Karan Mehta,Male,32,Manager,2143981,Gurugram,2022-12-26
CUST01107,Aman Sharma,Male,20,Student,140570,Raipur,2024-03-16
CUST01108,Karan Nair,Male,46,Doctor,2056787,Guwahati,2021-03-29
CUST01109,Diya Singh,Female,49,Business Owner,3157587,Chandigarh,2018-02-10
CUST01110,Sanya Singh,Female,61,Retired,218956,Delhi,2023-12-30
CUST01111,Priya Das,Female,24,Teacher,855903,Surat,2020-12-08
CUST01112,Sneha Verma,Female,73,Retired,609340,Raipur,2025-03-27
CUST01113,Rohit Reddy,Female,42,Engineer,1770123,Pune,2018-03-21
CUST01114,Ishita Gupta,Male,50,Engineer,665494,Nagpur,2024-09-29
CUST01115,Arjun Patel,Female,41,Government,796183,Guwahati,2024-11-08
CUST01116,Rahul Reddy,Male,44,Doctor,1658330,Guwahati,2020-11-25
CUST01117,Neha Sharma,Female,24,Student,151295,Kolkata,2018-12-02
CUST01118,Reyansh Mehta,Female,23,Student,87149,Coimbatore,2023-07-20
CUST01119,Riya Singh,Female,46,Doctor,2247331,Mumbai,2019-02-20
CUST01120,Ananya Nair,Female,47,Engineer,1540838,Gurugram,2021-06-12
CUST01121,Rahul Kumar,Female,46,Doctor,2140660,Surat,2021-03-31
CUST01122,Priya Mishra,Male,55,Engineer,1720541,Guwahati,2022-10-16
CUST01123,Aditya Patel,Male,46,Business Owner,2346677,Bengaluru,2019-05-16
CUST01124,Ishita Gupta,Female,37,Manager,1973498,Chandigarh,2023-07-27
CUST01125,Sneha Mehta,Female,34,Manager,1730584,Hyderabad,2020-12-09
CUST01126,Arjun Joshi,Male,31,Engineer,1716242,Delhi,2024-01-23
CUST01127,Aman Patel,Female,34,Teacher,738719,Guwahati,2023-10-31
CUST01128,Aditya Nair,Male,61,Retired,673802,Coimbatore,2021-09-06
CUST01129,Aditya Singh,Male,45,Analyst,1333413,Vellore,2025-02-27
CUST01130,Aarav Joshi,Male,58,Engineer,771790,Chennai,2019-03-08
CUST01131,Rohit Iyer,Male,44,Doctor,2674016,Chandigarh,2023-03-19
CUST01132,Sanya Singh,Female,32,Engineer,641891,Raipur,2021-06-13
CUST01133,Ishita Patel,Male,31,Analyst,544315,Coimbatore,2019-07-10
CUST01134,Riya Iyer,Female,49,Engineer,1319849,Jaipur,2024-05-16
CUST01135,Neha Mishra,Female,24,Engineer,1742009,Ahmedabad,2022-03-19
CUST01136,Aman Nair,Male,46,Analyst,898281,Ahmedabad,2023-02-15
CUST01137,Karan Verma,Male,50,Consultant,1492117,Chennai,2019-03-06
CUST01138,Sanya Iyer,Male,70,Retired,398085,Guwahati,2019-07-09
CUST01139,Rahul Verma,Male,68,Retired,483732,Kolkata,2024-08-21
CUST01140,Diya Iyer,Female,26,Designer,862646,Delhi,2021-01-09
CUST01141,Karan Reddy,Male,39,Manager,1929617,Delhi,2019-03-09
CUST01142,Rohit Kumar,Male,36,Teacher,565531,Vellore,2020-05-28
CUST01143,Aarav Singh,Male,25,Student,131632,Gurugram,2022-06-10
CUST01144,Ananya Reddy,Female,40,Teacher,723397,Coimbatore,2018-09-29
CUST01145,Arjun Mehta,Male,30,Engineer,1051079,Chennai,2019-08-14
CUST01146,Reyansh Singh,Female,25,Student,79179,Vellore,2018-02-27
CUST01147,Sneha Kumar,Male,50,Consultant,1502311,Surat,2023-04-30
CUST01148,Aditya Das,Female,34,Engineer,917606,Chennai,2020-03-16
CUST01149,Nikhil Sharma,Male,60,Retired,549740,Lucknow,2023-03-05
CUST01150,Aditya Mehta,Female,26,Analyst,668031,Pune,2023-07-24
CUST01151,Rahul Gupta,Female,44,Engineer,1454616,Coimbatore,2020-09-30
CUST01152,Raj Jain,Female,43,Engineer,876288,Lucknow,2018-12-04
CUST01153,Neha Verma,Male,68,Retired,570275,Coimbatore,2019-06-19
CUST01154,Nikhil Mehta,Male,25,Teacher,750833,Kolkata,2021-08-02
CUST01155,Reyansh Kumar,Female,51,Analyst,1294241,Patna,2022-04-03
CUST01156,Aman Gupta,Male,53,Government,514856,Bengaluru,2018-12-18
CUST01157,Karan Gupta,Female,18,Student,105696,Lucknow,2018-06-10
CUST01158,Aarav Patel,Female,44,Engineer,1505326,Bhubaneswar,2018-01-07
CUST01159,Diya Sharma,Male,25,Manager,1511719,Pune,2023-10-16
CUST01160,Priya Singh,Female,40,Analyst,1337100,Bhubaneswar,2020-04-05
CUST01161,Sneha Kumar,Male,48,Manager,2039438,Chandigarh,2018-07-27
CUST01162,Diya Iyer,Female,39,Government,489299,Chennai,2020-11-27
CUST01163,Karan Ranjan,Male,25,Business Owner,1273894,Delhi,2023-01-03
CUST01164,Reyansh Joshi,Male,41,Teacher,411404,Delhi,2023-09-08
CUST01165,Neha Jain,Male,42,Government,473429,Coimbatore,2023-03-31
CUST01166,Sanya Singh,Female,50,Designer,467216,Ahmedabad,2019-03-16
CUST01167,Diya Singh,Male,35,Engineer,1325513,Patna,2018-08-15
CUST01168,Reyansh Das,Female,29,Doctor,1501145,Surat,2018-10-09
CUST01169,Sneha Joshi,Male,58,Engineer,624176,Noida,2021-06-05
CUST01170,Aman Joshi,Male,50,Engineer,1228822,Nagpur,2021-06-20
CUST01171,Rahul Mehta,Male,46,Consultant,1042217,Kolkata,2022-06-03
CUST01172,Ananya Reddy,Female,73,Retired,735441,Chandigarh,2023-04-23
CUST01173,Reyansh Singh,Male,37,Consultant,1749831,Chandigarh,2021-07-06
CUST01174,Diya Joshi,Female,43,Designer,753848,Surat,2019-11-02
CUST01175,Rohit Singh,Female,20,Student,144919,Noida,2020-10-17
CUST01176,Nikhil Reddy,Female,43,Consultant,835838,Chennai,2024-01-08
CUST01177,Ananya Verma,Male,68,Retired,405597,Chennai,2020-10-09
CUST01178,Sneha Sharma,Male,43,Engineer,1488949,Chennai,2020-04-09
CUST01179,Priya Verma,Female,52,Engineer,703806,Mumbai,2019-02-10
CUST01180,Rahul Mishra,Female,30,Consultant,1241842,Ranchi,2022-02-02
CUST01181,Rohit Joshi,Male,52,Analyst,854101,Chennai,2023-04-16
CUST01182,Reyansh Jain,Male,53,Designer,792811,Coimbatore,2025-08-04
CUST01183,Arjun Jain,Male,54,Government,869142,Guwahati,2020-01-16
CUST01184,Mohit Singh,Male,53,Business Owner,2854976,Jaipur,2022-05-20
CUST01185,Karan Das,Male,46,Engineer,1144382,Ranchi,2020-10-04
CUST01186,Aarav Kumar,Male,29,Consultant,1514523,Ranchi,2022-01-30
CUST01187,Aarav Gupta,Male,65,Retired,224730,Bengaluru,2022-10-08
CUST01188,Sneha Joshi,Female,44,Designer,682445,Guwahati,2022-07-14
CUST01189,Karan Gupta,Male,38,Designer,589550,Indore,2023-07-03
CUST01190,Aman Patel,Male,44,Consultant,986923,Bhubaneswar,2019-07-03
CUST01191,Reyansh Gupta,Female,45,Analyst,662282,Ahmedabad,2022-11-18
CUST01192,Vivaan Mishra,Female,51,Manager,1035597,Vellore,2019-05-17
CUST01193,Aarav Reddy,Male,58,Teacher,860316,Noida,2022-12-17
CUST01194,Reyansh Jain,Female,53,Consultant,1527173,Jaipur,2020-02-01
CUST01195,Aditya Mishra,Male,52,Business Owner,786281,Patna,2021-10-17
CUST01196,Karan Jain,Male,50,Manager,2009422,Pune,2020-12-14
CUST01197,Aman Kumar,Female,35,Government,426633,Bhubaneswar,2018-12-10
CUST01198,Aman Joshi,Female,40,Analyst,701171,Delhi,2021-11-11
CUST01199,Vivaan Joshi,Male,39,Engineer,1144571,Surat,2019-12-20
CUST01200,Vivaan Reddy,Female,28,Engineer,1378026,Nagpur,2019-10-08
CUST01201,Raj Das,Male,42,Government,845467,Guwahati,2020-02-06
CUST01202,Aditya Nair,Female,30,Government,842816,Chennai,2018-03-21
CUST01203,Mohit Gupta,Female,36,Designer,733343,Pune,2022-03-24
CUST01204,Sneha Reddy,Female,19,Student,295279,Ranchi,2020-12-01
CUST01205,Nikhil Verma,Female,30,Engineer,1071578,Bengaluru,2020-06-29
CUST01206,Ishita Patel,Male,27,Analyst,1253429,Noida,2024-08-05
CUST01207,Mohit Sharma,Male,23,Student,299,Kolkata,2025-06-17
CUST01208,Nikhil Kumar,Male,34,Government,671631,Indore,2019-10-05
CUST01209,Vivaan Verma,Male,66,Retired,560765,Noida,2021-10-14
CUST01210,Priya Ranjan,Male,18,Student,264395,Jaipur,2024-08-22
CUST01211,Diya Ranjan,Female,58,Engineer,856793,Lucknow,2024-11-10
CUST01212,Mohit Verma,Male,33,Analyst,920991,Guwahati,2022-04-22
CUST01213,Aman Patel,Male,37,Analyst,1152354,Mumbai,2022-06-30
CUST01214,Arjun Nair,Male,75,Retired,646403,Coimbatore,2018-04-19
CUST01215,Riya Sharma,Female,44,Analyst,564051,Chennai,2019-01-21
CUST01216,Diya Singh,Female,30,Engineer,1098624,Surat,2020-10-26
CUST01217,Vivaan Ranjan,Female,40,Engineer,1731834,Coimbatore,2025-02-10
CUST01218,Ishita Ranjan,Female,39,Consultant,1047978,Gurugram,2018-08-23
CUST01219,Sneha Nair,Male,23,Student,90070,Bhubaneswar,2025-05-21
CUST01220,Arjun Iyer,Male,37,Designer,667382,Ranchi,2021-12-15
CUST01221,Mohit Reddy,Male,43,Designer,313329,Raipur,2020-10-03
CUST01222,Vivaan Das,Female,24,Engineer,1427156,Surat,2022-10-29
CUST01223,Raj Iyer,Male,26,Engineer,1085698,Pune,2019-07-05
CUST01224,Vivaan Patel,Female,25,Student,116493,Mumbai,2021-02-24
CUST01225,Priya Nair,Male,54,Engineer,872208,Gurugram,2020-03-29
CUST01226,Aditya Ranjan,Female,33,Doctor,1731425,Surat,2019-07-17
CUST01227,Riya Nair,Female,41,Manager,1274713,Pune,2018-05-10
CUST01228,Sanya Nair,Male,42,Consultant,1387433,Lucknow,2018-12-21
CUST01229,Mohit Kumar,Female,43,Analyst,676894,Kolkata,2021-11-15
CUST01230,Reyansh Ranjan,Male,40,Designer,536343,Lucknow,2021-02-24
CUST01231,Mohit Verma,Female,41,Doctor,2321464,Indore,2021-02-14
CUST01232,Arjun Gupta,Male,18,Student,250062,Ahmedabad,2023-02-10
CUST01233,Karan Mishra,Female,68,Retired,468862,Bhubaneswar,2019-06-23
CUST01234,Mohit Das,Male,28,Government,556397,Bhopal,2018-02-15
CUST01235,Priya Joshi,Male,53,Business Owner,2681287,Vellore,2022-12-25
CUST01236,Reyansh Singh,Male,25,Government,1134887,Surat,2022-09-19
CUST01237,Sneha Nair,Male,29,Government,1109102,Lucknow,2024-06-03
CUST01238,Rahul Sharma,Female,49,Engineer,1260419,Lucknow,2025-04-07
CUST01239,Aman Kumar,Male,52,Doctor,1763744,Patna,2023-09-16
CUST01240,Karan Mishra,Female,31,Engineer,922790,Guwahati,2024-11-06
CUST01241,Arjun Gupta,Female,25,Engineer,1723155,Surat,2024-05-05
CUST01242,Mohit Gupta,Male,60,Retired,756271,Guwahati,2024-04-18
CUST01243,Ananya Mehta,Male,27,Manager,1888756,Bhubaneswar,2025-08-08
CUST01244,Vivaan Jain,Male,48,Teacher,559414,Kochi,2022-08-16
CUST01245,Diya Ranjan,Male,25,Student,16298,Nagpur,2025-04-21
CUST01246,Karan Iyer,Male,22,Student,10087,Vellore,2022-09-29
CUST01247,Diya Verma,Female,34,Manager,2069097,Ranchi,2018-08-21
CUST01248,Neha Iyer,Female,36,Manager,2147516,Nagpur,2018-01-25
CUST01249,Priya Sharma,Male,43,Engineer,1384198,Hyderabad,2024-03-08
CUST01250,Riya Patel,Male,39,Analyst,500806,Surat,2022-10-07
CUST01251,Aman Kumar,Female,47,Business Owner,2981510,Surat,2021-02-06
CUST01252,Riya Das,Female,32,Teacher,777559,Indore,2024-05-11
CUST01253,Sneha Ranjan,Female,64,Retired,211617,Kolkata,2018-10-25
CUST01254,Sanya Iyer,Female,65,Retired,619238,Chandigarh,2023-07-23
CUST01255,Neha Kumar,Male,24,Analyst,759060,Chandigarh,2024-09-21
CUST01256,Ishita Joshi,Male,24,Engineer,609267,Hyderabad,2018-05-19
CUST01257,Karan Mehta,Female,43,Manager,1219408,Jaipur,2025-07-12
CUST01258,Karan Das,Male,20,Student,172756,Gurugram,2024-12-24
CUST01259,Rahul Das,Female,58,Analyst,921840,Surat,2022-08-03
CUST01260,Neha Kumar,Male,54,Government,670142,Kochi,2025-05-13
CUST01261,Priya Ranjan,Male,30,Business Owner,4859642,Pune,2024-06-15
CUST01262,Ishita Mishra,Female,45,Analyst,1040683,Vellore,2021-01-31
CUST01263,Neha Verma,Male,18,Student,226100,Chandigarh,2023-04-15
CUST01264,Diya Mishra,Male,54,Engineer,949089,Nagpur,2024-04-05
CUST01265,Sneha Sharma,Female,58,Business Owner,2885836,Noida,2023-04-21
CUST01266,Mohit Verma,Male,24,Engineer,1268851,Chennai,2025-08-21
CUST01267,Aarav Singh,Female,26,Analyst,889804,Pune,2021-08-10
CUST01268,Raj Sharma,Male,48,Analyst,1243748,Mumbai,2024-10-13
CUST01269,Sanya Mishra,Female,18,Student,255528,Chandigarh,2020-06-29
CUST01270,Mohit Mehta,Male,48,Engineer,801847,Hyderabad,2019-04-02
CUST01271,Ananya Patel,Female,53,Analyst,518968,Guwahati,2021-04-28
CUST01272,Nikhil Gupta,Female,36,Manager,1718731,Kolkata,2023-06-14
CUST01273,Sanya Gupta,Male,73,Retired,277251,Gurugram,2019-06-16
CUST01274,Priya Ranjan,Male,37,Business Owner,3473643,Noida,2022-02-28
CUST01275,Priya Mehta,Male,41,Engineer,1742986,Bengaluru,2019-08-10
CUST01276,Sneha Sharma,Male,34,Engineer,1564832,Noida,2024-12-27
CUST01277,Diya Gupta,Female,53,Business Owner,2862495,Indore,2021-09-11
CUST01278,Mohit Das,Female,31,Business Owner,2473027,Ahmedabad,2019-09-04
CUST01279,Aarav Nair,Male,44,Business Owner,4125813,Kochi,2021-04-28
CUST01280,Raj Mehta,Male,49,Consultant,1465808,Chandigarh,2018-10-05
CUST01281,Mohit Gupta,Female,19,Student,49225,Chandigarh,2018-11-04
CUST01282,Nikhil Sharma,Female,23,Student,297359,Pune,2023-03-01
CUST01283,Neha Joshi,Female,51,Analyst,1108946,Kochi,2020-12-16
CUST01284,Ananya Kumar,Male,24,Manager,2464668,Nagpur,2025-03-16
CUST01285,Nikhil Mishra,Female,47,Analyst,753645,Kochi,2021-03-30
CUST01286,Priya Das,Male,39,Engineer,1427920,Surat,2020-07-05
CUST01287,Karan Das,Male,26,Business Owner,881958,Raipur,2020-07-22
CUST01288,Aditya Patel,Female,32,Designer,647497,Vellore,2021-11-02
CUST01289,Ishita Kumar,Male,44,Government,430885,Coimbatore,2025-07-21
CUST01290,Sneha Ranjan,Female,32,Engineer,1542460,Coimbatore,2023-05-13
CUST01291,Ishita Singh,Female,37,Government,728405,Chennai,2018-12-14
CUST01292,Karan Singh,Female,27,Consultant,1761871,Raipur,2024-05-20
CUST01293,Aditya Gupta,Female,24,Consultant,2030208,Chennai,2020-12-30
CUST01294,Vivaan Das,Female,57,Analyst,1212393,Delhi,2021-07-08
CUST01295,Reyansh Verma,Male,50,Consultant,1938321,Chennai,2024-02-23
CUST01296,Karan Joshi,Male,45,Manager,934149,Ranchi,2019-07-18
CUST01297,Rohit Iyer,Male,43,Designer,367333,Pune,2019-06-12
CUST01298,Sneha Gupta,Female,45,Doctor,2527108,Pune,2024-06-13
CUST01299,Aarav Mishra,Female,25,Business Owner,2959383,Guwahati,2019-09-24
CUST01300,Riya Jain,Female,58,Teacher,488840,Pune,2023-01-16
CUST01301,Karan Gupta,Male,55,Business Owner,3707097,Bhopal,2018-01-29
CUST01302,Riya Gupta,Female,57,Teacher,410282,Bengaluru,2019-03-13
CUST01303,Sanya Ranjan,Male,40,Engineer,1674354,Coimbatore,2023-10-01
CUST01304,Raj Iyer,Female,23,Student,33304,Vellore,2018-09-06
CUST01305,Aditya Mishra,Female,58,Engineer,1068375,Mumbai,2024-09-08
CUST01306,Aarav Gupta,Female,41,Consultant,1516296,Kolkata,2018-06-23
CUST01307,Nikhil Mishra,Male,43,Engineer,629697,Chandigarh,2019-07-29
CUST01308,Rohit Gupta,Male,65,Retired,548256,Bhopal,2023-04-04
CUST01309,Diya Patel,Male,38,Consultant,1816923,Pune,2025-05-12
CUST01310,Arjun Das,Female,57,Engineer,1022506,Jaipur,2019-10-14
CUST01311,Raj Verma,Female,51,Analyst,1257671,Ahmedabad,2020-02-28
CUST01312,Riya Mishra,Female,37,Engineer,1379155,Indore,2024-04-25
CUST01313,Nikhil Sharma,Male,33,Teacher,846770,Jaipur,2019-12-03
CUST01314,Ananya Verma,Female,51,Doctor,2779136,Ahmedabad,2022-09-20
CUST01315,Neha Nair,Male,21,Student,283528,Kolkata,2024-04-03
CUST01316,Aarav Mehta,Female,24,Student,288320,Ranchi,2022-06-21
CUST01317,Rohit Mehta,Female,35,Engineer,658421,Hyderabad,2025-05-09
CUST01318,Reyansh Das,Male,55,Engineer,1442614,Vellore,2022-05-07
CUST01319,Aman Patel,Female,41,Analyst,1193478,Patna,2023-09-25
CUST01320,Neha Patel,Female,45,Teacher,456494,Guwahati,2025-02-02
CUST01321,Vivaan Gupta,Female,26,Manager,2195761,Bengaluru,2023-09-17
CUST01322,Rahul Verma,Female,28,Engineer,1613757,Patna,2025-01-15
CUST01323,Rohit Gupta,Female,52,Teacher,667249,Vellore,2022-08-15
CUST01324,Raj Reddy,Female,38,Analyst,812646,Kolkata,2023-09-04
CUST01325,Sanya Reddy,Male,55,Engineer,1550022,Bhopal,2018-06-04
CUST01326,Sanya Patel,Female,47,Analyst,1361557,Coimbatore,2024-01-11
CUST01327,Nikhil Patel,Female,53,Analyst,805803,Ahmedabad,2025-04-17
CUST01328,Sneha Das,Male,31,Government,480659,Hyderabad,2025-03-29
CUST01329,Aarav Joshi,Male,43,Government,910502,Jaipur,2024-08-19
CUST01330,Mohit Verma,Male,39,Consultant,762013,Raipur,2022-08-30
CUST01331,Reyansh Reddy,Male,50,Doctor,906273,Gurugram,2019-07-02
CUST01332,Arjun Nair,Female,58,Manager,2061249,Bhopal,2024-11-21
CUST01333,Sneha Jain,Female,22,Student,63070,Hyderabad,2022-11-14
CUST01334,Sneha Jain,Female,31,Engineer,1404740,Jaipur,2021-12-29
CUST01335,Aarav Singh,Female,52,Manager,2174766,Ranchi,2021-11-07
CUST01336,Priya Kumar,Male,42,Manager,1278678,Hyderabad,2020-11-01
CUST01337,Rohit Nair,Female,19,Student,153307,Noida,2020-05-25
CUST01338,Vivaan Joshi,Female,24,Engineer,1198558,Hyderabad,2023-08-19
CUST01339,Sanya Ranjan,Male,29,Engineer,1032286,Bengaluru,2025-01-29
CUST01340,Neha Reddy,Female,75,Retired,335134,Kochi,2018-08-05
CUST01341,Sneha Sharma,Male,51,Analyst,1347915,Lucknow,2020-01-27
CUST01342,Sneha Ranjan,Female,45,Engineer,1284596,Pune,2018-05-31
CUST01343,Ananya Sharma,Male,22,Student,10010,Kochi,2021-08-01
CUST01344,Sanya Gupta,Male,35,Consultant,858388,Ahmedabad,2020-07-04
CUST01345,Ishita Patel,Male,47,Engineer,1684276,Ranchi,2020-06-06
CUST01346,Mohit Joshi,Male,43,Engineer,1497993,Jaipur,2024-07-17
CUST01347,Neha Joshi,Male,25,Student,145085,Noida,2022-04-21
CUST01348,Ishita Verma,Female,41,Teacher,885714,Gurugram,2023-04-21
CUST01349,Sanya Das,Female,34,Engineer,1525958,Noida,2019-06-06
CUST01350,Aditya Singh,Female,33,Analyst,1241420,Vellore,2025-03-26
CUST01351,Nikhil Sharma,Female,44,Government,1185470,Indore,2019-02-19
CUST01352,Arjun Ranjan,Male,54,Manager,1101707,Gurugram,2023-03-07
CUST01353,Diya Ranjan,Female,37,Engineer,874304,Hyderabad,2024-03-18
CUST01354,Mohit Patel,Female,41,Engineer,847096,Indore,2019-08-14
CUST01355,Aarav Kumar,Female,42,Analyst,715078,Raipur,2024-06-03
CUST01356,Sanya Kumar,Male,35,Business Owner,4560140,Surat,2021-09-08
CUST01357,Aditya Kumar,Male,48,Analyst,866901,Ahmedabad,2020-08-06
CUST01358,Vivaan Verma,Female,75,Retired,292915,Surat,2023-07-15
CUST01359,Vivaan Singh,Female,58,Engineer,817536,Guwahati,2022-09-05
CUST01360,Reyansh Sharma,Male,26,Teacher,876326,Kochi,2021-07-31
CUST01361,Arjun Kumar,Male,30,Engineer,809063,Pune,2019-02-05
CUST01362,Neha Singh,Female,43,Manager,1092970,Ranchi,2018-11-04
CUST01363,Aditya Sharma,Female,54,Government,475232,Vellore,2021-05-20
CUST01364,Neha Kumar,Female,63,Retired,286403,Guwahati,2018-07-30
CUST01365,Ishita Jain,Male,48,Analyst,1074480,Lucknow,2018-01-09
CUST01366,Diya Kumar,Male,28,Analyst,1126220,Coimbatore,2018-05-06
CUST01367,Rahul Singh,Female,52,Engineer,1442825,Noida,2022-07-14
CUST01368,Arjun Mishra,Male,47,Manager,947301,Coimbatore,2018-01-21
CUST01369,Ananya Reddy,Male,40,Business Owner,743185,Gurugram,2023-06-14
CUST01370,Reyansh Singh,Male,50,Business Owner,1721016,Coimbatore,2024-03-27
CUST01371,Ananya Nair,Male,22,Student,81550,Coimbatore,2020-07-23
CUST01372,Nikhil Singh,Male,39,Government,572734,Noida,2022-11-24
CUST01373,Diya Gupta,Female,26,Engineer,1699307,Jaipur,2020-09-20
CUST01374,Mohit Verma,Male,56,Engineer,1150789,Jaipur,2018-04-03
CUST01375,Priya Mishra,Female,23,Student,119193,Gurugram,2024-09-08
CUST01376,Diya Ranjan,Male,46,Engineer,1380311,Ranchi,2021-05-05
CUST01377,Rahul Jain,Male,48,Government,874320,Noida,2018-12-06
CUST01378,Rohit Gupta,Male,25,Student,116743,Gurugram,2023-05-16
CUST01379,Reyansh Jain,Female,42,Teacher,359594,Raipur,2019-12-15
CUST01380,Neha Iyer,Female,18,Student,41951,Pune,2021-07-15
CUST01381,Priya Reddy,Male,18,Student,261613,Chandigarh,2020-06-26
CUST01382,Ananya Sharma,Male,46,Engineer,1066073,Bhopal,2024-10-14
CUST01383,Sanya Jain,Male,34,Teacher,377727,Lucknow,2019-05-04
CUST01384,Arjun Mishra,Male,48,Manager,1364080,Noida,2024-07-29
CUST01385,Raj Patel,Male,24,Business Owner,1498760,Mumbai,2023-06-28
CUST01386,Ananya Joshi,Female,27,Business Owner,4309508,Guwahati,2018-09-20
CUST01387,Sneha Mehta,Female,24,Manager,1621690,Bhubaneswar,2023-03-22
CUST01388,Raj Mehta,Male,48,Manager,1831005,Patna,2018-11-25
CUST01389,Reyansh Sharma,Male,50,Doctor,2345360,Bhopal,2024-03-18
CUST01390,Aman Mehta,Female,27,Consultant,845222,Hyderabad,2018-04-09
CUST01391,Aditya Mishra,Male,37,Analyst,642064,Gurugram,2022-03-31
CUST01392,Priya Nair,Female,50,Business Owner,3099703,Nagpur,2020-10-03
CUST01393,Reyansh Nair,Female,28,Manager,2157113,Ranchi,2019-02-28
CUST01394,Aarav Mishra,Female,50,Analyst,575055,Kolkata,2021-12-17
CUST01395,Riya Kumar,Male,35,Manager,1033407,Mumbai,2023-06-26
CUST01396,Riya Mishra,Male,54,Manager,1515524,Noida,2018-03-30
CUST01397,Reyansh Reddy,Female,24,Teacher,700017,Jaipur,2022-09-08
CUST01398,Riya Jain,Male,25,Business Owner,1861679,Indore,2020-02-02
CUST01399,Ishita Joshi,Male,53,Designer,421862,Coimbatore,2023-02-23
CUST01400,Nikhil Joshi,Female,42,Engineer,1764969,Chennai,2021-07-21
CUST01401,Raj Sharma,Male,49,Manager,2221499,Hyderabad,2018-10-03
CUST01402,Karan Mishra,Female,27,Government,613427,Coimbatore,2025-07-30
CUST01403,Aarav Iyer,Female,55,Teacher,615493,Ranchi,2022-09-14
CUST01404,Aditya Verma,Female,36,Analyst,1151828,Surat,2021-04-10
CUST01405,Priya Verma,Female,58,Engineer,1054530,Gurugram,2022-07-20
CUST01406,Riya Iyer,Male,37,Government,725367,Gurugram,2020-03-18
CUST01407,Aditya Jain,Male,49,Analyst,899961,Bengaluru,2019-09-26
CUST01408,Rohit Ranjan,Male,57,Designer,708171,Chandigarh,2018-12-15
CUST01409,Neha Iyer,Male,46,Analyst,1196249,Ranchi,2022-03-16
CUST01410,Mohit Gupta,Male,19,Student,171520,Pune,2022-05-08
CUST01411,Diya Mishra,Male,54,Analyst,545418,Gurugram,2018-01-18
CUST01412,Vivaan Singh,Female,37,Engineer,1568938,Vellore,2019-05-31
CUST01413,Priya Iyer,Male,30,Teacher,844824,Bhubaneswar,2023-06-05
CUST01414,Aarav Nair,Male,56,Doctor,1438010,Kolkata,2019-08-23
CUST01415,Rahul Nair,Male,33,Engineer,1219086,Hyderabad,2024-12-10
CUST01416,Diya Das,Female,30,Government,826476,Indore,2023-11-17
CUST01417,Rahul Das,Male,25,Engineer,919478,Ahmedabad,2020-01-17
CUST01418,Aman Reddy,Male,39,Consultant,1583600,Coimbatore,2018-12-05
CUST01419,Nikhil Joshi,Male,28,Engineer,917492,Delhi,2025-07-04
CUST01420,Ishita Das,Female,37,Consultant,887189,Surat,2023-04-18
CUST01421,Aman Joshi,Male,39,Engineer,1466475,Ranchi,2025-05-16
CUST01422,Vivaan Reddy,Male,43,Doctor,2006749,Lucknow,2025-07-29
CUST01423,Reyansh Nair,Male,29,Engineer,1390605,Bhopal,2022-06-30
CUST01424,Vivaan Das,Male,39,Engineer,1482499,Nagpur,2023-11-26
CUST01425,Neha Iyer,Male,57,Analyst,1348866,Guwahati,2025-01-03
CUST01426,Rohit Reddy,Male,40,Engineer,1530048,Bhopal,2019-07-29
CUST01427,Aditya Sharma,Female,46,Manager,1860492,Coimbatore,2025-08-20
CUST01428,Ishita Singh,Female,60,Retired,330853,Patna,2024-10-19
CUST01429,Reyansh Mehta,Male,25,Doctor,2937684,Ahmedabad,2022-08-03
CUST01430,Rahul Iyer,Male,29,Doctor,2584089,Ahmedabad,2024-05-23
CUST01431,Nikhil Iyer,Male,29,Manager,1872658,Indore,2019-07-10
CUST01432,Sanya Sharma,Female,53,Teacher,376148,Delhi,2018-05-01
CUST01433,Riya Reddy,Male,52,Government,1018902,Hyderabad,2023-12-29
CUST01434,Rohit Nair,Female,57,Doctor,2414399,Patna,2021-12-02
CUST01435,Rohit Ranjan,Male,25,Doctor,1417959,Nagpur,2023-07-14
CUST01436,Sneha Singh,Male,46,Engineer,979916,Surat,2018-02-25
CUST01437,Aarav Joshi,Female,40,Analyst,1182841,Kolkata,2023-07-20
CUST01438,Ishita Gupta,Female,49,Engineer,1455652,Indore,2020-06-15
CUST01439,Raj Reddy,Female,19,Student,224991,Surat,2024-04-19
CUST01440,Rahul Nair,Female,34,Consultant,1356806,Raipur,2023-11-19
CUST01441,Vivaan Patel,Male,34,Engineer,1776193,Kolkata,2021-06-05
CUST01442,Mohit Jain,Male,35,Designer,506646,Delhi,2024-05-12
CUST01443,Sanya Patel,Male,55,Manager,1406858,Bengaluru,2021-12-22
CUST01444,Diya Gupta,Male,45,Manager,1339809,Bengaluru,2020-07-05
CUST01445,Mohit Jain,Female,29,Business Owner,3657763,Vellore,2020-12-18
CUST01446,Ishita Patel,Male,46,Analyst,1049005,Coimbatore,2020-11-29
CUST01447,Vivaan Jain,Female,38,Manager,1621462,Nagpur,2019-07-10
CUST01448,Riya Ranjan,Male,53,Engineer,1118941,Kolkata,2022-10-09
CUST01449,Karan Das,Male,25,Government,567545,Surat,2018-12-10
CUST01450,Reyansh Jain,Male,39,Consultant,768128,Guwahati,2025-08-05
CUST01451,Reyansh Sharma,Male,30,Manager,1547131,Indore,2022-02-21
CUST01452,Riya Nair,Female,47,Designer,794278,Guwahati,2023-03-27
CUST01453,Priya Ranjan,Female,45,Analyst,1284845,Mumbai,2020-07-10
CUST01454,Sneha Jain,Female,54,Government,890418,Hyderabad,2018-09-21
CUST01455,Nikhil Iyer,Male,51,Engineer,774863,Chandigarh,2022-06-15
CUST01456,Aman Sharma,Female,37,Government,992319,Ranchi,2025-03-20
CUST01457,Rohit Kumar,Female,36,Teacher,536207,Jaipur,2024-03-23
CUST01458,Ananya Sharma,Male,46,Engineer,956727,Guwahati,2021-01-23
CUST01459,Sanya Mehta,Male,43,Manager,1789117,Lucknow,2023-01-03
CUST01460,Priya Iyer,Male,39,Engineer,1188916,Mumbai,2022-01-21
CUST01461,Aman Kumar,Female,48,Engineer,854926,Ahmedabad,2024-09-24
CUST01462,Aman Jain,Male,51,Doctor,1079271,Chennai,2023-02-14
CUST01463,Nikhil Reddy,Male,25,Doctor,1656247,Kochi,2024-12-23
CUST01464,Diya Singh,Female,40,Designer,708404,Surat,2022-10-19
CUST01465,Sneha Jain,Female,31,Engineer,1649574,Kolkata,2024-02-06
CUST01466,Ishita Mehta,Female,55,Government,573930,Ahmedabad,2018-10-09
CUST01467,Ishita Singh,Male,24,Student,259123,Jaipur,2022-03-15
CUST01468,Sanya Das,Female,21,Student,278850,Mumbai,2024-08-26
CUST01469,Sneha Joshi,Male,48,Government,630570,Bhubaneswar,2018-11-19
CUST01470,Vivaan Ranjan,Male,31,Teacher,583889,Vellore,2024-06-29
CUST01471,Rahul Joshi,Female,32,Engineer,928997,Kochi,2025-04-24
CUST01472,Mohit Jain,Male,52,Consultant,2009214,Bengaluru,2019-03-13
CUST01473,Karan Mishra,Male,45,Engineer,1346473,Kolkata,2019-01-23
CUST01474,Raj Nair,Male,53,Engineer,1339034,Lucknow,2018-12-30
CUST01475,Riya Kumar,Male,49,Consultant,1747718,Ranchi,2019-04-16
CUST01476,Priya Nair,Male,21,Student,126918,Gurugram,2024-09-29
CUST01477,Diya Mehta,Male,56,Manager,2326236,Noida,2019-08-19
CUST01478,Karan Jain,Male,52,Designer,566402,Delhi,2019-03-12
CUST01479,Neha Kumar,Male,72,Retired,463915,Indore,2021-07-09
CUST01480,Nikhil Iyer,Female,24,Engineer,1438740,Gurugram,2019-07-10
CUST01481,Aditya Jain,Male,18,Student,241645,Nagpur,2020-06-02
CUST01482,Reyansh Mehta,Male,25,Doctor,2908324,Guwahati,2025-04-01
CUST01483,Arjun Jain,Male,57,Manager,2438302,Mumbai,2025-04-11
CUST01484,Rahul Ranjan,Female,20,Student,81422,Jaipur,2019-01-08
CUST01485,Diya Joshi,Male,45,Analyst,508456,Kochi,2020-02-28
CUST01486,Raj Patel,Female,43,Engineer,795745,Chandigarh,2021-08-01
CUST01487,Riya Kumar,Male,20,Student,126805,Guwahati,2024-01-10
CUST01488,Ishita Sharma,Female,28,Engineer,1002390,Gurugram,2022-10-06
CUST01489,Rohit Ranjan,Female,50,Engineer,1022726,Bhopal,2024-11-12
CUST01490,Rahul Gupta,Male,42,Manager,2200700,Surat,2021-10-24
CUST01491,Raj Patel,Male,57,Analyst,1002901,Chennai,2023-04-11
CUST01492,Rahul Kumar,Female,22,Student,288068,Gurugram,2021-03-12
CUST01493,Karan Das,Male,57,Manager,934395,Raipur,2018-12-15
CUST01494,Neha Sharma,Female,25,Analyst,773374,Surat,2018-11-10
CUST01495,Diya Jain,Female,30,Manager,2080644,Patna,2024-06-15
CUST01496,Sanya Ranjan,Male,22,Student,175701,Bhubaneswar,2023-04-16
CUST01497,Mohit Reddy,Female,52,Business Owner,3471918,Indore,2021-05-17
CUST01498,Rohit Patel,Male,73,Retired,538770,Bhubaneswar,2018-03-19
CUST01499,Riya Singh,Female,33,Consultant,703216,Raipur,2023-02-26
CUST01500,Raj Mehta,Female,37,Business Owner,1132898,Noida,2022-07-09
CUST01501,Aman Joshi,Male,38,Designer,742162,Bhubaneswar,2023-01-12
CUST01502,Rahul Iyer,Female,41,Consultant,985013,Ahmedabad,2018-06-18
CUST01503,Nikhil Patel,Male,40,Analyst,1143066,Bhubaneswar,2023-01-02
CUST01504,Karan Nair,Female,39,Doctor,2661152,Raipur,2018-11-26
CUST01505,Vivaan Mehta,Male,43,Analyst,832493,Jaipur,2024-05-27
CUST01506,Karan Patel,Male,49,Manager,2414880,Surat,2021-11-01
CUST01507,Nikhil Reddy,Female,51,Government,462841,Mumbai,2022-09-23
CUST01508,Ishita Joshi,Female,29,Engineer,1748439,Hyderabad,2023-04-11
CUST01509,Riya Joshi,Male,56,Doctor,2835915,Chandigarh,2022-02-19
CUST01510,Aman Ranjan,Female,57,Teacher,592805,Gurugram,2018-03-13
CUST01511,Sneha Ranjan,Male,25,Student,221423,Delhi,2021-06-16
CUST01512,Aarav Kumar,Female,21,Student,132818,Kolkata,2024-10-16
CUST01513,Ishita Verma,Male,18,Student,264528,Surat,2019-01-05
CUST01514,Raj Das,Female,24,Government,960476,Pune,2025-02-25
CUST01515,Sneha Nair,Female,45,Manager,2061823,Mumbai,2024-12-17
CUST01516,Sneha Kumar,Female,38,Engineer,1716719,Mumbai,2019-06-05
CUST01517,Reyansh Nair,Male,34,Analyst,1102127,Indore,2021-04-24
CUST01518,Vivaan Kumar,Male,72,Retired,434311,Hyderabad,2021-06-12
CUST01519,Ishita Patel,Female,30,Engineer,1454101,Jaipur,2019-05-06
CUST01520,Aarav Ranjan,Male,33,Manager,1774462,Patna,2022-04-16
CUST01521,Rohit Jain,Male,27,Teacher,479496,Nagpur,2019-09-15
CUST01522,Aarav Sharma,Female,49,Engineer,1399075,Bhopal,2024-05-18
CUST01523,Rahul Jain,Female,32,Engineer,1756093,Ahmedabad,2024-04-08
CUST01524,Rohit Jain,Male,36,Analyst,628027,Delhi,2019-08-27
CUST01525,Aman Gupta,Female,60,Retired,515029,Nagpur,2022-06-23
CUST01526,Neha Mehta,Female,61,Retired,607821,Indore,2022-11-03
CUST01527,Reyansh Mishra,Male,25,Student,182239,Coimbatore,2018-12-28
CUST01528,Neha Verma,Female,24,Designer,317486,Kochi,2023-11-05
CUST01529,Priya Gupta,Female,34,Designer,350100,Ranchi,2019-06-09
CUST01530,Aarav Reddy,Female,23,Student,248634,Patna,2023-09-23
CUST01531,Raj Singh,Male,48,Business Owner,2032532,Vellore,2022-03-10
CUST01532,Sanya Kumar,Female,58,Engineer,1485848,Pune,2021-01-06
CUST01533,Rohit Joshi,Female,23,Student,76839,Raipur,2021-01-29
CUST01534,Diya Das,Female,28,Manager,1830638,Patna,2022-10-05
CUST01535,Diya Ranjan,Male,22,Student,166877,Surat,2018-02-02
CUST01536,Reyansh Singh,Female,56,Analyst,1375634,Bengaluru,2019-08-16
CUST01537,Ananya Sharma,Male,34,Business Owner,2831040,Coimbatore,2020-03-16
CUST01538,Ananya Ranjan,Male,38,Analyst,892930,Jaipur,2021-11-14
CUST01539,Sneha Jain,Female,51,Analyst,1284060,Ahmedabad,2024-12-31
CUST01540,Sanya Kumar,Male,50,Engineer,922046,Ranchi,2025-07-21
CUST01541,Ananya Gupta,Female,29,Doctor,2648122,Kolkata,2018-01-11
CUST01542,Reyansh Das,Female,45,Analyst,1230823,Chandigarh,2021-05-09
CUST01543,Rahul Nair,Female,37,Designer,798984,Kochi,2021-12-06
CUST01544,Aman Verma,Female,25,Designer,863130,Gurugram,2022-08-09
CUST01545,Rahul Verma,Male,41,Engineer,1621054,Ranchi,2025-06-12
CUST01546,Reyansh Singh,Female,53,Engineer,1079652,Bengaluru,2022-02-05
CUST01547,Rahul Kumar,Female,72,Retired,592264,Chandigarh,2019-09-14
CUST01548,Karan Ranjan,Male,46,Consultant,1722988,Ahmedabad,2019-09-29
CUST01549,Ananya Ranjan,Female,36,Designer,787602,Bhubaneswar,2025-02-08
CUST01550,Ishita Patel,Female,39,Engineer,861065,Indore,2018-06-01
CUST01551,Rahul Das,Female,30,Doctor,2359343,Kochi,2024-06-11
CUST01552,Sanya Reddy,Female,57,Business Owner,4037562,Bengaluru,2022-12-29
CUST01553,Sanya Iyer,Male,51,Manager,995368,Gurugram,2021-01-11
CUST01554,Mohit Nair,Female,46,Engineer,1006532,Vellore,2024-11-21
CUST01555,Vivaan Jain,Female,54,Doctor,1162377,Ahmedabad,2025-07-21
CUST01556,Nikhil Gupta,Male,23,Student,293978,Raipur,2019-08-03
CUST01557,Neha Mishra,Male,30,Consultant,1253342,Bhubaneswar,2022-03-27
CUST01558,Riya Mehta,Female,45,Government,790386,Hyderabad,2021-02-21
CUST01559,Vivaan Kumar,Male,58,Government,1120528,Jaipur,2024-08-26
CUST01560,Rohit Kumar,Male,30,Doctor,1236681,Pune,2020-09-22
CUST01561,Ishita Nair,Female,18,Student,96775,Delhi,2018-07-09
CUST01562,Aditya Mehta,Female,51,Analyst,748762,Raipur,2020-01-30
CUST01563,Priya Jain,Male,58,Business Owner,3214941,Kochi,2022-05-05
CUST01564,Sneha Reddy,Female,51,Analyst,614492,Jaipur,2024-05-20
CUST01565,Sanya Das,Male,60,Retired,591919,Bengaluru,2020-02-09
CUST01566,Reyansh Reddy,Female,72,Retired,617305,Gurugram,2019-12-05
CUST01567,Diya Kumar,Male,31,Designer,310972,Gurugram,2022-02-16
CUST01568,Sneha Das,Male,22,Student,2234,Patna,2021-11-14
CUST01569,Nikhil Das,Male,43,Engineer,785445,Kochi,2020-06-22
CUST01570,Vivaan Jain,Female,55,Designer,824620,Delhi,2018-10-29
CUST01571,Arjun Reddy,Female,24,Student,48875,Coimbatore,2022-07-12
CUST01572,Aman Reddy,Male,24,Doctor,2200922,Chandigarh,2018-07-02
CUST01573,Nikhil Gupta,Female,22,Student,174761,Ahmedabad,2020-06-08
CUST01574,Karan Mishra,Male,25,Business Owner,1131714,Kochi,2019-03-07
CUST01575,Reyansh Singh,Female,43,Engineer,1359289,Kochi,2025-08-30
CUST01576,Nikhil Joshi,Male,25,Engineer,621845,Ranchi,2025-04-16
CUST01577,Rahul Sharma,Male,57,Consultant,1624230,Indore,2024-05-21
CUST01578,Arjun Singh,Female,48,Government,859071,Ranchi,2019-12-08
CUST01579,Ananya Gupta,Female,58,Analyst,711514,Mumbai,2018-04-03
CUST01580,Reyansh Das,Female,40,Designer,710819,Gurugram,2019-01-06
CUST01581,Nikhil Mehta,Male,27,Business Owner,3521355,Coimbatore,2020-11-14
CUST01582,Aman Iyer,Female,57,Teacher,667386,Mumbai,2024-03-05
CUST01583,Diya Joshi,Female,25,Analyst,739793,Bhubaneswar,2024-04-13
CUST01584,Mohit Reddy,Female,64,Retired,463819,Gurugram,2024-05-13
CUST01585,Sanya Iyer,Male,54,Designer,491628,Noida,2023-04-14
CUST01586,Aditya Joshi,Female,35,Engineer,1622714,Chennai,2022-01-18
CUST01587,Neha Mehta,Male,49,Teacher,632130,Jaipur,2019-02-05
CUST01588,Raj Sharma,Female,41,Engineer,706536,Noida,2023-09-11
CUST01589,Reyansh Ranjan,Female,49,Engineer,621948,Kolkata,2018-11-06
CUST01590,Aarav Das,Male,53,Manager,2085931,Surat,2021-12-06
CUST01591,Nikhil Mehta,Male,33,Analyst,632464,Hyderabad,2023-05-07
CUST01592,Ishita Das,Male,45,Teacher,571262,Ranchi,2018-03-21
CUST01593,Diya Verma,Male,25,Student,162410,Chandigarh,2018-10-15
CUST01594,Ishita Das,Female,25,Student,227668,Mumbai,2023-10-27
CUST01595,Priya Gupta,Male,54,Engineer,1307911,Kolkata,2025-03-09
CUST01596,Priya Nair,Female,27,Engineer,704520,Jaipur,2019-06-07
CUST01597,Ananya Jain,Male,32,Government,642146,Jaipur,2019-02-15
CUST01598,Nikhil Reddy,Male,25,Student,59584,Bhopal,2018-02-17
CUST01599,Neha Das,Female,38,Engineer,1291974,Nagpur,2022-08-29
CUST01600,Neha Sharma,Male,46,Business Owner,2093885,Indore,2020-04-10
CUST01601,Aman Kumar,Female,27,Analyst,1383348,Coimbatore,2021-07-26
CUST01602,Nikhil Kumar,Male,35,Analyst,920009,Surat,2021-06-06
CUST01603,Rahul Kumar,Male,41,Manager,1265989,Ahmedabad,2023-09-24
CUST01604,Mohit Singh,Female,54,Government,843653,Kochi,2023-05-03
CUST01605,Priya Mishra,Male,53,Engineer,715269,Surat,2021-08-30
CUST01606,Reyansh Singh,Female,47,Designer,354869,Kochi,2021-10-28
CUST01607,Priya Mishra,Female,19,Student,195172,Gurugram,2018-03-29
CUST01608,Karan Reddy,Male,40,Manager,2486391,Noida,2019-12-13
CUST01609,Karan Kumar,Female,50,Analyst,1380694,Bhubaneswar,2019-06-23
CUST01610,Rohit Reddy,Female,51,Government,989695,Chennai,2025-06-27
CUST01611,Arjun Sharma,Male,28,Doctor,1805012,Nagpur,2021-03-11
CUST01612,Priya Iyer,Male,37,Manager,980247,Vellore,2022-07-28
CUST01613,Sneha Reddy,Male,57,Doctor,1091872,Bhubaneswar,2022-04-07
CUST01614,Rahul Kumar,Female,54,Engineer,1623987,Kolkata,2022-09-17
CUST01615,Ishita Das,Male,58,Engineer,704263,Jaipur,2022-08-14
CUST01616,Sanya Patel,Female,54,Government,871272,Chandigarh,2019-02-18
CUST01617,Raj Das,Male,26,Doctor,2586826,Hyderabad,2018-03-08
CUST01618,Sneha Nair,Female,51,Engineer,1048639,Raipur,2019-03-20
CUST01619,Riya Mishra,Female,47,Designer,360373,Ranchi,2021-10-12
CUST01620,Rohit Iyer,Female,42,Engineer,1663844,Delhi,2019-07-08
CUST01621,Neha Singh,Female,24,Teacher,381361,Jaipur,2024-12-08
CUST01622,Raj Patel,Male,68,Retired,720650,Ahmedabad,2023-11-08
CUST01623,Reyansh Kumar,Female,45,Designer,561946,Guwahati,2018-06-09
CUST01624,Aarav Patel,Male,30,Teacher,457257,Noida,2022-08-18
CUST01625,Karan Verma,Female,37,Doctor,2132759,Gurugram,2019-07-30
CUST01626,Raj Joshi,Male,43,Teacher,506421,Kolkata,2020-09-27
CUST01627,Ananya Reddy,Male,19,Student,21785,Chandigarh,2024-10-11
CUST01628,Neha Mishra,Female,24,Student,44705,Vellore,2025-05-18
CUST01629,Aditya Kumar,Male,50,Analyst,1201581,Bhopal,2023-10-14
CUST01630,Ishita Nair,Male,24,Engineer,780195,Kochi,2023-08-20
CUST01631,Sneha Gupta,Female,48,Teacher,372838,Noida,2023-04-25
CUST01632,Ananya Gupta,Female,74,Retired,671579,Coimbatore,2018-01-16
CUST01633,Mohit Ranjan,Female,63,Retired,435035,Guwahati,2021-12-07
CUST01634,Arjun Singh,Female,71,Retired,626774,Ahmedabad,2020-07-14
CUST01635,Nikhil Gupta,Female,27,Engineer,1524450,Gurugram,2023-10-18
CUST01636,Neha Das,Female,30,Doctor,2865179,Hyderabad,2024-09-05
CUST01637,Mohit Jain,Male,57,Designer,591537,Pune,2021-01-02
CUST01638,Neha Patel,Male,23,Student,234744,Jaipur,2020-07-26
CUST01639,Raj Joshi,Female,60,Retired,564887,Ranchi,2019-04-03
CUST01640,Raj Reddy,Female,30,Analyst,1095512,Raipur,2023-11-25
CUST01641,Arjun Jain,Female,54,Consultant,1206307,Gurugram,2024-10-30
CUST01642,Arjun Ranjan,Male,24,Doctor,1324749,Gurugram,2021-10-20
CUST01643,Riya Nair,Male,40,Teacher,456560,Chennai,2020-08-03
CUST01644,Neha Sharma,Male,54,Manager,1659412,Guwahati,2022-05-15
CUST01645,Diya Mehta,Male,27,Engineer,1285145,Bengaluru,2019-07-25
CUST01646,Aman Singh,Male,56,Consultant,2126900,Hyderabad,2025-07-23
CUST01647,Diya Singh,Male,57,Engineer,1635553,Pune,2018-10-22
CUST01648,Aarav Singh,Male,64,Retired,434193,Vellore,2022-08-21
CUST01649,Priya Reddy,Male,51,Manager,1869809,Surat,2024-05-30
CUST01650,Nikhil Gupta,Female,20,Student,279791,Raipur,2019-11-09
CUST01651,Ishita Reddy,Male,24,Student,157959,Mumbai,2020-06-23
CUST01652,Sneha Joshi,Male,44,Doctor,1257241,Bengaluru,2023-05-27
CUST01653,Sneha Ranjan,Male,46,Doctor,2017558,Bhubaneswar,2020-06-05
CUST01654,Raj Das,Female,58,Engineer,967440,Coimbatore,2023-06-26
CUST01655,Aarav Kumar,Female,23,Student,133617,Ranchi,2019-08-31
CUST01656,Riya Ranjan,Male,30,Teacher,568097,Noida,2018-05-12
CUST01657,Raj Verma,Male,65,Retired,750254,Raipur,2025-02-20
CUST01658,Aarav Iyer,Female,24,Student,285615,Chandigarh,2019-07-19
CUST01659,Neha Verma,Male,34,Doctor,1778038,Patna,2018-03-17
CUST01660,Raj Ranjan,Male,43,Government,1123603,Noida,2023-01-25
CUST01661,Neha Reddy,Male,33,Engineer,1084261,Coimbatore,2024-06-10
CUST01662,Priya Kumar,Male,60,Retired,209699,Kochi,2020-11-07
CUST01663,Ishita Reddy,Female,22,Student,204228,Noida,2024-03-12
CUST01664,Arjun Patel,Male,50,Engineer,899266,Chennai,2021-07-25
CUST01665,Sanya Jain,Male,30,Analyst,845921,Chennai,2021-08-21
CUST01666,Raj Das,Female,52,Consultant,1742167,Bhubaneswar,2018-07-11
CUST01667,Mohit Ranjan,Male,34,Engineer,1269707,Vellore,2020-06-24
CUST01668,Diya Jain,Male,60,Retired,386741,Hyderabad,2022-02-16
CUST01669,Arjun Mehta,Male,22,Student,23695,Indore,2023-01-14
CUST01670,Aarav Iyer,Female,43,Designer,392026,Ranchi,2023-12-14
CUST01671,Rohit Kumar,Female,46,Doctor,1760277,Ranchi,2023-02-22
CUST01672,Nikhil Jain,Male,56,Manager,1718761,Lucknow,2023-03-26
CUST01673,Diya Iyer,Female,27,Analyst,1046172,Kochi,2023-10-01
CUST01674,Ananya Patel,Female,53,Engineer,1109005,Nagpur,2025-03-16
CUST01675,Ishita Reddy,Female,22,Student,22657,Bhopal,2021-12-23
CUST01676,Riya Iyer,Female,40,Engineer,1314882,Ranchi,2023-01-20
CUST01677,Vivaan Nair,Male,50,Manager,1357348,Bhubaneswar,2023-03-24
CUST01678,Neha Gupta,Male,66,Retired,725388,Chandigarh,2020-08-25
CUST01679,Priya Patel,Female,45,Teacher,761658,Pune,2019-05-02
CUST01680,Vivaan Das,Male,27,Analyst,634174,Jaipur,2022-01-02
CUST01681,Riya Das,Female,33,Teacher,427220,Delhi,2023-04-10
CUST01682,Reyansh Singh,Male,39,Engineer,909277,Gurugram,2024-01-26
CUST01683,Neha Das,Female,18,Student,155210,Nagpur,2018-07-29
CUST01684,Raj Das,Male,70,Retired,629855,Coimbatore,2020-12-12
CUST01685,Vivaan Das,Female,57,Consultant,1085334,Bhopal,2022-03-15
CUST01686,Vivaan Sharma,Male,53,Manager,2412680,Delhi,2024-07-20
CUST01687,Priya Das,Male,18,Student,249363,Pune,2024-09-08
CUST01688,Sanya Singh,Male,31,Analyst,735228,Mumbai,2023-09-24
CUST01689,Sneha Kumar,Male,35,Analyst,830885,Ahmedabad,2019-10-13
CUST01690,Reyansh Joshi,Female,34,Analyst,555591,Indore,2023-07-05
CUST01691,Rahul Joshi,Female,51,Engineer,1522664,Lucknow,2023-04-07
CUST01692,Diya Iyer,Female,52,Business Owner,4714379,Kolkata,2019-09-20
CUST01693,Raj Mishra,Female,24,Student,268775,Patna,2018-11-02
CUST01694,Aditya Singh,Female,45,Business Owner,2388331,Nagpur,2024-07-14
CUST01695,Nikhil Das,Male,40,Engineer,1767367,Bhubaneswar,2024-12-01
CUST01696,Arjun Joshi,Male,24,Manager,1115527,Patna,2023-04-15
CUST01697,Vivaan Patel,Male,51,Engineer,1382216,Jaipur,2019-01-11
CUST01698,Riya Mehta,Female,54,Government,790305,Bengaluru,2024-05-04
CUST01699,Priya Mishra,Female,26,Engineer,625071,Kolkata,2021-08-09
CUST01700,Ishita Verma,Female,40,Consultant,817768,Guwahati,2020-05-15
CUST01701,Sneha Iyer,Male,23,Student,124966,Chandigarh,2025-08-01
CUST01702,Rohit Iyer,Male,45,Manager,2155589,Gurugram,2021-01-31
CUST01703,Ananya Patel,Male,37,Analyst,920235,Surat,2024-05-02
CUST01704,Aditya Joshi,Male,35,Analyst,1302006,Guwahati,2023-10-24
CUST01705,Arjun Iyer,Male,50,Designer,904897,Noida,2018-08-03
CUST01706,Aarav Patel,Female,58,Doctor,1519904,Bhopal,2021-04-29
CUST01707,Nikhil Kumar,Female,33,Consultant,1510751,Patna,2019-03-01
CUST01708,Riya Reddy,Male,35,Manager,1284117,Kolkata,2024-12-20
CUST01709,Aditya Kumar,Female,58,Doctor,2286816,Mumbai,2018-01-18
CUST01710,Ananya Ranjan,Male,50,Government,1095717,Kochi,2023-10-15
CUST01711,Karan Iyer,Female,57,Engineer,1217833,Guwahati,2019-07-12
CUST01712,Reyansh Nair,Female,53,Engineer,1478466,Indore,2020-09-15
CUST01713,Arjun Singh,Male,55,Engineer,1725951,Ahmedabad,2020-05-08
CUST01714,Rohit Ranjan,Female,55,Manager,1568886,Patna,2020-08-06
CUST01715,Sneha Ranjan,Male,57,Doctor,1638283,Noida,2021-07-18
CUST01716,Priya Mishra,Male,22,Student,262931,Guwahati,2024-12-01
CUST01717,Aman Iyer,Female,34,Analyst,517585,Patna,2019-07-12
CUST01718,Rahul Iyer,Male,65,Retired,706585,Lucknow,2021-01-05
CUST01719,Priya Patel,Female,73,Retired,703671,Chandigarh,2019-12-12
CUST01720,Vivaan Singh,Female,74,Retired,428929,Pune,2020-06-22
CUST01721,Karan Iyer,Male,46,Analyst,827336,Raipur,2024-06-28
CUST01722,Priya Iyer,Female,42,Government,699357,Chandigarh,2021-11-07
CUST01723,Sanya Das,Female,56,Analyst,1023722,Gurugram,2021-12-13
CUST01724,Aman Ranjan,Male,24,Doctor,1997944,Patna,2025-02-18
CUST01725,Aditya Mishra,Female,29,Analyst,736337,Patna,2019-08-12
CUST01726,Rahul Gupta,Male,23,Student,168017,Patna,2021-08-28
CUST01727,Rahul Joshi,Female,55,Doctor,2832765,Gurugram,2021-12-18
CUST01728,Riya Jain,Female,47,Teacher,437009,Kolkata,2018-11-01
CUST01729,Neha Verma,Male,23,Student,68672,Patna,2024-11-04
CUST01730,Aman Mehta,Female,47,Manager,1212345,Nagpur,2024-12-26
CUST01731,Aarav Joshi,Male,43,Doctor,2419915,Surat,2024-07-14
CUST01732,Riya Nair,Female,67,Retired,372769,Pune,2024-07-15
CUST01733,Diya Verma,Male,54,Engineer,785683,Ranchi,2020-04-15
CUST01734,Sanya Ranjan,Male,56,Manager,2160024,Jaipur,2020-01-31
CUST01735,Aditya Gupta,Female,20,Student,79029,Kolkata,2024-04-14
CUST01736,Rohit Singh,Male,48,Engineer,1233378,Bengaluru,2025-07-10
CUST01737,Aditya Sharma,Male,30,Engineer,917937,Pune,2024-02-23
CUST01738,Ananya Das,Female,42,Engineer,1273310,Ranchi,2022-10-27
CUST01739,Reyansh Kumar,Male,68,Retired,681537,Chennai,2022-03-26
CUST01740,Raj Reddy,Female,25,Manager,2268020,Vellore,2020-04-22
CUST01741,Vivaan Sharma,Female,24,Doctor,2564729,Bengaluru,2019-03-19
CUST01742,Aarav Reddy,Female,55,Manager,1315027,Raipur,2021-10-14
CUST01743,Mohit Singh,Female,58,Designer,305456,Patna,2024-01-28
CUST01744,Mohit Reddy,Male,41,Engineer,1263465,Indore,2022-10-21
CUST01745,Ananya Nair,Female,36,Business Owner,1919453,Kolkata,2023-10-27
CUST01746,Rahul Patel,Female,54,Teacher,486597,Jaipur,2019-11-22
CUST01747,Aditya Patel,Female,31,Doctor,2166300,Ranchi,2020-01-01
CUST01748,Aditya Verma,Male,48,Engineer,752445,Patna,2022-06-26
CUST01749,Ananya Jain,Male,45,Manager,2455076,Raipur,2023-08-10
CUST01750,Aarav Kumar,Male,36,Engineer,1171874,Chandigarh,2018-12-20
CUST01751,Raj Ranjan,Male,33,Analyst,731259,Hyderabad,2024-01-01
CUST01752,Raj Ranjan,Female,52,Analyst,771201,Noida,2018-03-20
CUST01753,Arjun Gupta,Male,22,Student,248439,Ahmedabad,2024-08-29
CUST01754,Mohit Iyer,Male,24,Student,153974,Noida,2018-02-19
CUST01755,Raj Iyer,Male,37,Teacher,543068,Kochi,2019-10-27
CUST01756,Neha Nair,Female,25,Student,27798,Lucknow,2018-11-03
CUST01757,Sanya Kumar,Male,43,Manager,2211796,Raipur,2023-06-03
CUST01758,Aman Verma,Male,49,Manager,1190499,Mumbai,2021-10-31
CUST01759,Ishita Jain,Female,26,Analyst,576529,Bhubaneswar,2020-11-21
CUST01760,Sanya Mishra,Female,56,Teacher,530839,Surat,2020-01-27
CUST01761,Arjun Singh,Male,55,Business Owner,1715018,Ahmedabad,2025-04-15
CUST01762,Sanya Ranjan,Female,34,Designer,320477,Raipur,2020-04-12
CUST01763,Nikhil Mishra,Male,74,Retired,210093,Patna,2023-01-05
CUST01764,Rohit Kumar,Female,57,Designer,336829,Bengaluru,2023-08-29
CUST01765,Sneha Patel,Female,43,Analyst,929251,Surat,2019-06-30
CUST01766,Aarav Mishra,Male,29,Doctor,1331857,Lucknow,2020-03-04
CUST01767,Riya Singh,Female,20,Student,97466,Jaipur,2022-12-21
CUST01768,Ananya Nair,Female,18,Student,20563,Ahmedabad,2023-05-15
CUST01769,Aman Ranjan,Male,54,Engineer,729706,Noida,2020-06-08
CUST01770,Arjun Sharma,Male,34,Engineer,1084185,Surat,2020-07-28
CUST01771,Raj Kumar,Male,58,Doctor,1770805,Indore,2025-08-28
CUST01772,Arjun Das,Female,47,Analyst,634094,Kochi,2025-08-07
CUST01773,Aman Mehta,Male,58,Doctor,2449917,Kochi,2023-03-14
CUST01774,Ananya Joshi,Male,25,Analyst,1247937,Guwahati,2023-11-26
CUST01775,Diya Iyer,Female,53,Engineer,1686076,Patna,2024-07-10
CUST01776,Sneha Mehta,Female,29,Doctor,949003,Bhopal,2020-07-03
CUST01777,Rohit Patel,Male,43,Business Owner,1893916,Jaipur,2021-06-25
CUST01778,Priya Das,Female,33,Consultant,1318568,Coimbatore,2024-11-24
CUST01779,Raj Verma,Female,36,Government,1094705,Delhi,2018-08-27
CUST01780,Riya Joshi,Female,33,Business Owner,4623711,Bhubaneswar,2025-05-14
CUST01781,Arjun Das,Male,37,Engineer,1659045,Chandigarh,2018-05-17
CUST01782,Aman Iyer,Female,25,Engineer,1035940,Guwahati,2024-11-20
CUST01783,Sanya Verma,Male,54,Analyst,1325116,Noida,2021-03-15
CUST01784,Neha Singh,Male,50,Manager,2344237,Noida,2025-05-24
CUST01785,Priya Nair,Female,36,Teacher,444970,Delhi,2020-10-02
CUST01786,Nikhil Mishra,Female,37,Teacher,507073,Surat,2021-02-22
CUST01787,Riya Ranjan,Male,38,Designer,495732,Gurugram,2020-08-21
CUST01788,Aman Ranjan,Female,37,Doctor,2119441,Bhubaneswar,2022-12-13
CUST01789,Riya Iyer,Female,51,Doctor,1385668,Surat,2023-08-22
CUST01790,Aarav Verma,Male,26,Government,970224,Indore,2023-10-13
CUST01791,Arjun Iyer,Male,18,Student,177595,Delhi,2022-03-16
CUST01792,Nikhil Ranjan,Female,31,Engineer,1441318,Patna,2018-11-30
CUST01793,Aarav Nair,Male,54,Doctor,2205220,Bhubaneswar,2024-09-24
CUST01794,Raj Nair,Male,32,Engineer,1008343,Lucknow,2023-04-14
CUST01795,Reyansh Joshi,Male,33,Teacher,461376,Kolkata,2025-04-15
CUST01796,Sanya Verma,Male,28,Government,852588,Ahmedabad,2025-06-25
CUST01797,Arjun Reddy,Female,36,Engineer,981911,Raipur,2025-06-07
CUST01798,Aditya Singh,Male,48,Analyst,1299864,Delhi,2020-06-08
CUST01799,Arjun Gupta,Male,41,Engineer,1767688,Lucknow,2024-03-10
CUST01800,Rahul Gupta,Female,23,Student,296767,Ahmedabad,2022-06-20
CUST01801,Ishita Das,Female,26,Analyst,648540,Lucknow,2023-02-04
CUST01802,Raj Sharma,Male,44,Doctor,2804798,Nagpur,2022-05-20
CUST01803,Aditya Verma,Female,54,Business Owner,820159,Jaipur,2022-05-04
CUST01804,Sneha Patel,Female,24,Manager,1738904,Coimbatore,2019-10-07
CUST01805,Mohit Kumar,Female,34,Manager,1332604,Kolkata,2019-09-13
CUST01806,Neha Reddy,Male,24,Consultant,1076968,Delhi,2018-02-03
CUST01807,Ishita Mehta,Male,36,Teacher,783805,Nagpur,2020-09-19
CUST01808,Rohit Kumar,Female,29,Engineer,1168050,Coimbatore,2020-03-17
CUST01809,Raj Nair,Male,58,Consultant,1813385,Bhopal,2023-08-20
CUST01810,Rohit Nair,Female,33,Analyst,928238,Kochi,2021-03-02
CUST01811,Ishita Joshi,Male,64,Retired,525914,Vellore,2019-06-10
CUST01812,Priya Iyer,Male,23,Student,244287,Nagpur,2023-09-24
CUST01813,Neha Joshi,Female,49,Engineer,1512571,Kolkata,2018-11-20
CUST01814,Reyansh Ranjan,Male,44,Analyst,1217241,Raipur,2019-01-26
CUST01815,Reyansh Das,Female,29,Analyst,730548,Bhopal,2021-06-06
CUST01816,Nikhil Jain,Female,37,Manager,1156863,Noida,2019-11-06
CUST01817,Riya Joshi,Female,29,Doctor,1764118,Guwahati,2024-03-09
CUST01818,Rahul Ranjan,Male,54,Teacher,510900,Indore,2023-10-11
CUST01819,Aarav Gupta,Female,37,Business Owner,2262099,Coimbatore,2020-04-26
CUST01820,Priya Ranjan,Female,49,Engineer,1571660,Bhopal,2022-08-11
CUST01821,Karan Mishra,Male,52,Teacher,483231,Vellore,2023-05-24
CUST01822,Nikhil Singh,Male,51,Designer,914706,Patna,2022-07-06
CUST01823,Rohit Reddy,Female,41,Analyst,742863,Gurugram,2024-06-26
CUST01824,Aman Reddy,Male,46,Engineer,923003,Patna,2021-06-11
CUST01825,Nikhil Jain,Female,40,Manager,2115056,Patna,2019-11-15
CUST01826,Karan Iyer,Female,30,Analyst,702816,Hyderabad,2023-05-05
CUST01827,Priya Reddy,Male,51,Teacher,619314,Kolkata,2024-02-22
CUST01828,Vivaan Verma,Male,51,Business Owner,808934,Nagpur,2018-12-02
CUST01829,Ananya Das,Male,57,Analyst,796808,Ahmedabad,2018-12-23
CUST01830,Aarav Ranjan,Female,48,Consultant,1418540,Chennai,2024-11-16
CUST01831,Ishita Kumar,Male,52,Teacher,540028,Ranchi,2018-08-23
CUST01832,Mohit Reddy,Female,34,Business Owner,1568710,Noida,2023-03-28
CUST01833,Sanya Joshi,Female,30,Engineer,1646767,Chennai,2018-09-15
CUST01834,Vivaan Singh,Female,36,Government,687107,Bengaluru,2020-04-02
CUST01835,Rahul Joshi,Male,46,Business Owner,4428315,Coimbatore,2021-11-29
CUST01836,Mohit Das,Male,52,Consultant,1464505,Noida,2024-04-09
CUST01837,Aarav Patel,Male,24,Student,135632,Raipur,2023-12-20
CUST01838,Priya Nair,Male,36,Engineer,853473,Pune,2018-08-15
CUST01839,Priya Mishra,Female,37,Engineer,1140158,Surat,2025-01-31
CUST01840,Raj Mishra,Male,49,Doctor,2691140,Ranchi,2023-06-13
CUST01841,Karan Sharma,Female,31,Consultant,886201,Pune,2023-12-25
CUST01842,Aarav Ranjan,Male,49,Manager,2086529,Kochi,2020-12-15
CUST01843,Karan Sharma,Male,47,Engineer,1592075,Surat,2023-03-30
CUST01844,Raj Das,Male,51,Manager,1235377,Chennai,2019-06-06
CUST01845,Rohit Reddy,Male,57,Business Owner,2784237,Pune,2023-06-28
CUST01846,Sanya Mehta,Female,47,Engineer,662835,Ranchi,2022-12-13
CUST01847,Ishita Jain,Female,38,Manager,1346833,Bhubaneswar,2024-12-15
CUST01848,Neha Joshi,Female,36,Doctor,1927009,Coimbatore,2020-12-05
CUST01849,Karan Das,Male,25,Government,405325,Surat,2019-05-24
CUST01850,Ananya Sharma,Male,32,Teacher,523153,Raipur,2018-05-01
CUST01851,Raj Verma,Female,41,Analyst,1215776,Chandigarh,2018-01-18
CUST01852,Priya Jain,Male,21,Student,73416,Chennai,2021-11-20
CUST01853,Priya Iyer,Male,57,Business Owner,4450302,Jaipur,2022-03-15
CUST01854,Riya Patel,Female,36,Business Owner,1803136,Hyderabad,2022-09-12
CUST01855,Sneha Verma,Female,45,Business Owner,4250242,Vellore,2018-03-03
CUST01856,Neha Sharma,Female,44,Manager,1504203,Indore,2022-08-19
CUST01857,Neha Gupta,Female,37,Government,559953,Guwahati,2023-01-26
CUST01858,Aman Das,Female,47,Business Owner,1758567,Nagpur,2024-11-26
CUST01859,Raj Mehta,Female,45,Engineer,1196028,Bengaluru,2022-09-24
CUST01860,Sneha Gupta,Male,45,Consultant,1636905,Bhopal,2019-09-27
CUST01861,Arjun Nair,Male,64,Retired,489726,Vellore,2018-08-17
CUST01862,Raj Patel,Female,23,Student,151933,Delhi,2022-08-26
CUST01863,Neha Mehta,Female,43,Business Owner,1126268,Lucknow,2024-04-09
CUST01864,Rohit Das,Female,38,Manager,2191976,Delhi,2025-03-31
CUST01865,Sneha Gupta,Male,47,Engineer,1757350,Bhopal,2018-05-16
CUST01866,Rohit Singh,Male,51,Manager,905114,Guwahati,2024-04-11
CUST01867,Aarav Iyer,Male,52,Analyst,1289253,Patna,2021-05-09
CUST01868,Rahul Mehta,Male,35,Manager,1212264,Bhubaneswar,2019-11-13
CUST01869,Ishita Ranjan,Female,39,Business Owner,4679316,Vellore,2025-06-11
CUST01870,Raj Das,Female,22,Student,298339,Hyderabad,2018-02-11
CUST01871,Reyansh Gupta,Female,41,Analyst,938618,Coimbatore,2024-04-13
CUST01872,Ishita Joshi,Female,53,Engineer,1083191,Kolkata,2023-07-24
CUST01873,Aarav Sharma,Female,22,Student,201872,Bhubaneswar,2021-10-13
CUST01874,Riya Ranjan,Male,54,Consultant,1170163,Hyderabad,2020-11-11
CUST01875,Arjun Mishra,Female,35,Teacher,884880,Lucknow,2019-07-17
CUST01876,Neha Sharma,Male,19,Student,182243,Bengaluru,2025-01-07
CUST01877,Sanya Verma,Male,65,Retired,414386,Surat,2022-07-06
CUST01878,Nikhil Mishra,Female,26,Government,881430,Bengaluru,2022-01-22
CUST01879,Vivaan Gupta,Male,54,Analyst,868414,Guwahati,2025-01-14
CUST01880,Ishita Patel,Male,38,Doctor,945464,Kolkata,2023-02-27
CUST01881,Karan Ranjan,Female,25,Student,22925,Kochi,2022-06-19
CUST01882,Neha Singh,Female,29,Engineer,1346172,Bengaluru,2023-02-15
CUST01883,Aman Sharma,Female,54,Government,1184677,Coimbatore,2024-06-29
CUST01884,Nikhil Reddy,Male,19,Student,43636,Chennai,2020-08-05
CUST01885,Reyansh Mishra,Male,57,Analyst,585879,Chennai,2023-12-03
CUST01886,Ishita Verma,Male,49,Engineer,1464582,Ahmedabad,2021-08-15
CUST01887,Aarav Patel,Female,18,Student,26163,Indore,2022-02-17
CUST01888,Arjun Reddy,Female,25,Student,283251,Indore,2018-02-13
CUST01889,Riya Ranjan,Male,18,Student,178786,Raipur,2023-02-03
CUST01890,Nikhil Verma,Female,46,Analyst,1275418,Gurugram,2024-10-20
CUST01891,Ishita Jain,Female,55,Business Owner,934292,Vellore,2019-09-04
CUST01892,Sanya Jain,Female,21,Student,11248,Raipur,2022-10-09
CUST01893,Aarav Joshi,Male,31,Analyst,527335,Coimbatore,2018-04-19
CUST01894,Aman Joshi,Female,24,Government,451368,Guwahati,2025-06-24
CUST01895,Reyansh Jain,Male,53,Business Owner,1409901,Mumbai,2019-03-07
CUST01896,Nikhil Mishra,Male,24,Student,14769,Ranchi,2019-09-04
CUST01897,Riya Verma,Female,47,Teacher,533194,Bengaluru,2023-03-28
CUST01898,Aman Nair,Male,24,Student,190372,Raipur,2022-03-12
CUST01899,Aditya Das,Male,37,Government,767701,Guwahati,2018-09-10
CUST01900,Raj Patel,Male,31,Teacher,443372,Indore,2025-08-10
CUST01901,Priya Kumar,Female,54,Engineer,1054556,Bengaluru,2021-09-19
CUST01902,Sneha Das,Male,32,Doctor,1963596,Mumbai,2021-04-04
CUST01903,Priya Das,Female,34,Teacher,832439,Raipur,2022-12-05
CUST01904,Raj Gupta,Female,44,Consultant,1127483,Noida,2020-04-25
CUST01905,Raj Ranjan,Female,19,Student,259498,Noida,2023-01-21
CUST01906,Neha Patel,Male,40,Teacher,745908,Nagpur,2022-06-26
CUST01907,Ananya Das,Male,41,Manager,1528814,Ranchi,2021-11-29
CUST01908,Raj Singh,Male,24,Consultant,1981979,Surat,2022-02-23
CUST01909,Rahul Patel,Female,66,Retired,514119,Chandigarh,2018-08-06
CUST01910,Priya Patel,Female,34,Engineer,992956,Nagpur,2022-05-14
CUST01911,Ananya Ranjan,Female,39,Manager,2474435,Guwahati,2018-09-12
CUST01912,Raj Patel,Male,27,Government,774834,Guwahati,2018-11-02
CUST01913,Diya Patel,Female,24,Analyst,805203,Surat,2020-11-02
CUST01914,Diya Reddy,Male,31,Consultant,725864,Bhopal,2021-09-08
CUST01915,Nikhil Singh,Male,52,Manager,2086609,Lucknow,2018-12-17
CUST01916,Rohit Patel,Female,34,Consultant,714344,Ranchi,2024-06-22
CUST01917,Reyansh Sharma,Female,34,Engineer,1274124,Ranchi,2021-06-12
CUST01918,Neha Das,Male,47,Analyst,577702,Lucknow,2022-09-02
CUST01919,Raj Verma,Female,70,Retired,344068,Jaipur,2022-07-08
CUST01920,Aditya Mehta,Male,35,Manager,1209437,Patna,2019-10-10
CUST01921,Reyansh Das,Male,67,Retired,526040,Chennai,2025-04-23
CUST01922,Mohit Reddy,Female,49,Government,870623,Nagpur,2018-08-01
CUST01923,Karan Patel,Female,21,Student,38295,Chennai,2018-09-23
CUST01924,Sneha Mehta,Male,55,Manager,1360388,Lucknow,2025-07-09
CUST01925,Aditya Iyer,Female,57,Engineer,1602656,Nagpur,2024-06-28
CUST01926,Aarav Nair,Female,35,Engineer,1000910,Ahmedabad,2022-03-16
CUST01927,Aarav Reddy,Female,49,Manager,1772726,Chennai,2024-06-28
CUST01928,Diya Verma,Female,46,Engineer,959273,Noida,2021-04-19
CUST01929,Priya Ranjan,Female,31,Analyst,1125633,Kochi,2024-10-15
CUST01930,Rohit Reddy,Female,60,Retired,710514,Chennai,2018-06-11
CUST01931,Reyansh Mishra,Male,58,Engineer,893449,Indore,2018-10-17
CUST01932,Rohit Ranjan,Male,39,Doctor,1267754,Mumbai,2020-09-13
CUST01933,Riya Joshi,Male,25,Designer,612308,Bengaluru,2025-08-07
CUST01934,Ananya Ranjan,Male,56,Government,447753,Bengaluru,2022-10-06
CUST01935,Aman Gupta,Male,35,Analyst,1095456,Nagpur,2020-04-19
CUST01936,Arjun Kumar,Male,19,Student,189385,Jaipur,2020-08-18
CUST01937,Reyansh Mehta,Male,32,Teacher,593292,Delhi,2023-06-27
CUST01938,Reyansh Reddy,Male,53,Designer,787293,Gurugram,2024-10-20
CUST01939,Neha Patel,Female,34,Engineer,1182452,Patna,2023-09-20
CUST01940,Arjun Patel,Female,41,Analyst,1082505,Hyderabad,2021-07-30
CUST01941,Priya Das,Male,21,Student,170545,Bhubaneswar,2023-01-10
CUST01942,Riya Kumar,Female,25,Manager,1856482,Hyderabad,2024-04-08
CUST01943,Rahul Nair,Male,18,Student,182579,Bhopal,2025-03-24
CUST01944,Arjun Reddy,Male,26,Government,725431,Indore,2021-04-23
CUST01945,Aditya Iyer,Female,55,Engineer,632766,Gurugram,2020-11-19
CUST01946,Rahul Nair,Male,42,Engineer,1643469,Surat,2020-08-03
CUST01947,Rohit Das,Female,42,Engineer,1070032,Ahmedabad,2025-05-16
CUST01948,Sneha Mishra,Male,27,Analyst,1038366,Surat,2021-03-07
CUST01949,Sneha Mishra,Female,36,Engineer,795547,Chandigarh,2019-02-01
CUST01950,Riya Jain,Female,47,Designer,507419,Bhubaneswar,2025-08-28
CUST01951,Arjun Das,Male,23,Student,72389,Kolkata,2025-03-06
CUST01952,Ananya Singh,Female,30,Engineer,1443078,Coimbatore,2022-11-28
CUST01953,Diya Das,Female,71,Retired,527858,Nagpur,2021-01-11
CUST01954,Sanya Verma,Female,45,Engineer,1039676,Raipur,2024-11-11
CUST01955,Neha Jain,Male,35,Designer,358681,Ranchi,2023-09-12
CUST01956,Mohit Gupta,Female,44,Engineer,1642440,Bhubaneswar,2023-07-10
CUST01957,Nikhil Iyer,Male,48,Business Owner,4283093,Kolkata,2022-05-18
CUST01958,Aarav Das,Male,47,Business Owner,2611511,Jaipur,2019-07-27
CUST01959,Nikhil Mishra,Male,53,Engineer,1355942,Kochi,2019-08-02
CUST01960,Arjun Mehta,Female,52,Manager,2301796,Nagpur,2018-08-21
CUST01961,Priya Ranjan,Male,43,Engineer,1666434,Pune,2023-08-08
CUST01962,Arjun Nair,Female,45,Government,581718,Ranchi,2025-08-21
CUST01963,Reyansh Nair,Female,30,Consultant,1147274,Raipur,2019-02-24
CUST01964,Sneha Kumar,Male,41,Teacher,734390,Chandigarh,2019-05-18
CUST01965,Karan Nair,Female,58,Teacher,723824,Chennai,2021-01-22
CUST01966,Nikhil Singh,Male,40,Engineer,1080744,Mumbai,2021-11-12
CUST01967,Sneha Jain,Female,24,Engineer,1524891,Kochi,2021-11-07
CUST01968,Aditya Iyer,Female,46,Government,995375,Pune,2020-06-28
CUST01969,Aditya Joshi,Female,54,Analyst,989761,Chennai,2023-10-20
CUST01970,Sanya Mehta,Female,47,Engineer,1702022,Delhi,2018-12-16
CUST01971,Diya Jain,Female,68,Retired,543778,Mumbai,2021-12-07
CUST01972,Mohit Reddy,Female,36,Doctor,1137762,Kochi,2019-05-14
CUST01973,Nikhil Patel,Male,56,Government,967499,Ahmedabad,2021-05-28
CUST01974,Arjun Iyer,Male,39,Engineer,1464658,Delhi,2021-03-25
CUST01975,Sneha Gupta,Male,38,Manager,2330213,Vellore,2021-04-26
CUST01976,Neha Nair,Female,51,Consultant,1882038,Guwahati,2024-12-16
CUST01977,Nikhil Nair,Female,61,Retired,447621,Hyderabad,2020-06-06
CUST01978,Sanya Sharma,Female,41,Doctor,2015558,Chandigarh,2022-12-09
CUST01979,Vivaan Mishra,Male,25,Student,180648,Chennai,2025-06-30
CUST01980,Sanya Reddy,Female,55,Engineer,895663,Raipur,2023-02-19
CUST01981,Aarav Jain,Female,47,Business Owner,2223611,Bhopal,2023-07-05
CUST01982,Karan Joshi,Female,25,Engineer,1163437,Patna,2024-11-30
CUST01983,Priya Mishra,Female,25,Analyst,946892,Bhopal,2018-05-09
CUST01984,Mohit Mishra,Male,43,Designer,780700,Bengaluru,2022-01-05
CUST01985,Ishita Verma,Female,44,Manager,1155724,Kolkata,2019-11-29
CUST01986,Aditya Mehta,Male,40,Business Owner,2152243,Kolkata,2019-07-13
CUST01987,Ananya Iyer,Female,44,Manager,1343803,Pune,2021-12-09
CUST01988,Nikhil Mishra,Male,47,Doctor,2848922,Lucknow,2024-06-20
CUST01989,Aman Ranjan,Male,47,Government,803562,Hyderabad,2024-04-21
CUST01990,Rohit Nair,Male,51,Engineer,1291079,Noida,2024-08-27
CUST01991,Vivaan Ranjan,Male,47,Business Owner,741497,Patna,2024-09-02
CUST01992,Priya Singh,Male,41,Doctor,2908873,Patna,2020-11-18
CUST01993,Ananya Iyer,Female,39,Engineer,641561,Ahmedabad,2021-11-06
CUST01994,Ananya Patel,Female,42,Business Owner,1575283,Bhubaneswar,2023-11-14
CUST01995,Raj Reddy,Female,25,Student,239220,Pune,2024-01-10
CUST01996,Karan Singh,Female,58,Analyst,1215670,Lucknow,2022-10-06
CUST01997,Raj Ranjan,Female,25,Student,102721,Guwahati,2024-05-01
CUST01998,Sanya Mehta,Female,24,Consultant,2117878,Raipur,2019-10-13
CUST01999,Mohit Singh,Male,28,Government,719549,Kochi,2019-01-20
CUST02000,Sanya Verma,Female,24,Student,111221,Gurugram,2018-03-01
CUST02001,Riya Sharma,Female,44,Engineer,1195209,Ahmedabad,2021-02-20
CUST02002,Aditya Sharma,Male,35,Engineer,713472,Noida,2023-04-02
CUST02003,Ananya Nair,Female,45,Engineer,870991,Kolkata,2018-09-23
CUST02004,Arjun Patel,Male,38,Engineer,1272117,Chandigarh,2024-07-04
CUST02005,Priya Mehta,Male,35,Designer,517783,Pune,2024-05-21
CUST02006,Diya Mishra,Male,56,Doctor,2772602,Bengaluru,2020-06-24
CUST02007,Karan Mehta,Male,52,Government,589540,Chandigarh,2019-12-28
CUST02008,Ishita Gupta,Male,29,Consultant,1226774,Bengaluru,2019-10-19
CUST02009,Priya Patel,Male,40,Designer,717305,Raipur,2023-03-07
CUST02010,Nikhil Sharma,Male,54,Engineer,718233,Bhubaneswar,2025-06-19
CUST02011,Mohit Iyer,Female,56,Engineer,1597917,Lucknow,2023-03-10
CUST02012,Ishita Joshi,Female,50,Engineer,1061833,Nagpur,2020-04-02
CUST02013,Nikhil Patel,Female,37,Engineer,742574,Delhi,2021-09-02
CUST02014,Nikhil Singh,Male,52,Engineer,921800,Lucknow,2019-06-08
CUST02015,Vivaan Gupta,Male,46,Engineer,1372310,Delhi,2021-03-12
CUST02016,Arjun Sharma,Male,27,Government,1019013,Coimbatore,2022-01-21
CUST02017,Rahul Reddy,Female,33,Manager,2090691,Nagpur,2025-08-04
CUST02018,Vivaan Nair,Male,27,Analyst,1064655,Nagpur,2021-06-26
CUST02019,Aarav Iyer,Female,43,Teacher,893204,Jaipur,2021-10-05
CUST02020,Priya Mehta,Female,54,Engineer,1390633,Ranchi,2022-08-19
CUST02021,Vivaan Patel,Male,27,Consultant,1602663,Patna,2021-05-06
CUST02022,Diya Singh,Female,58,Manager,1953092,Guwahati,2020-10-23
CUST02023,Vivaan Mishra,Male,39,Government,1099631,Guwahati,2025-05-10
CUST02024,Aman Das,Male,31,Consultant,983576,Ahmedabad,2025-01-31
CUST02025,Reyansh Kumar,Male,34,Analyst,580508,Guwahati,2022-01-30
CUST02026,Arjun Iyer,Female,49,Engineer,739603,Coimbatore,2023-06-06
CUST02027,Aarav Joshi,Male,46,Engineer,1113560,Mumbai,2025-05-11
CUST02028,Arjun Patel,Male,48,Analyst,1360701,Ranchi,2021-07-04
CUST02029,Vivaan Mishra,Female,31,Manager,922638,Jaipur,2018-08-07
CUST02030,Riya Mishra,Male,42,Analyst,687402,Bengaluru,2019-12-30
CUST02031,Arjun Ranjan,Female,46,Manager,1209446,Surat,2024-04-29
CUST02032,Arjun Reddy,Female,34,Manager,2471395,Noida,2023-04-03
CUST02033,Aarav Singh,Male,35,Business Owner,4954710,Raipur,2018-06-17
CUST02034,Vivaan Mehta,Female,45,Analyst,796656,Guwahati,2018-04-23
CUST02035,Rohit Gupta,Female,23,Student,136030,Chandigarh,2023-01-26
CUST02036,Aditya Nair,Male,25,Business Owner,1038375,Guwahati,2022-12-15
CUST02037,Aditya Reddy,Male,32,Doctor,1008207,Mumbai,2018-09-16
CUST02038,Aditya Verma,Female,24,Student,280055,Pune,2025-02-26
CUST02039,Sanya Ranjan,Male,29,Consultant,1622606,Indore,2025-01-27
CUST02040,Arjun Reddy,Female,52,Engineer,1245724,Bhopal,2021-10-05
CUST02041,Nikhil Singh,Male,52,Teacher,768492,Indore,2023-01-17
CUST02042,Mohit Nair,Female,19,Student,21035,Lucknow,2025-05-15
CUST02043,Rahul Singh,Male,21,Student,185237,Coimbatore,2020-05-30
CUST02044,Ishita Reddy,Female,34,Manager,1740714,Nagpur,2021-03-18
CUST02045,Karan Mehta,Female,20,Student,292152,Patna,2022-07-18
CUST02046,Karan Ranjan,Male,39,Designer,359266,Mumbai,2020-10-03
CUST02047,Mohit Reddy,Female,32,Designer,522067,Surat,2020-01-16
CUST02048,Aditya Verma,Male,42,Engineer,1158564,Pune,2023-03-29
CUST02049,Riya Verma,Male,22,Student,250636,Delhi,2024-12-31
CUST02050,Raj Patel,Male,55,Engineer,1127801,Kochi,2025-04-23
CUST02051,Rohit Kumar,Female,31,Analyst,1395554,Guwahati,2023-05-21
CUST02052,Reyansh Gupta,Female,45,Engineer,1769592,Ranchi,2021-05-13
CUST02053,Arjun Joshi,Male,43,Manager,2225199,Ahmedabad,2022-03-27
CUST02054,Aditya Mishra,Female,43,Analyst,1337790,Guwahati,2022-11-29
CUST02055,Mohit Jain,Female,30,Teacher,785489,Hyderabad,2019-11-08
CUST02056,Diya Ranjan,Female,32,Government,789992,Patna,2024-12-05
CUST02057,Aarav Mehta,Female,34,Designer,569891,Guwahati,2020-07-01
CUST02058,Aman Joshi,Male,46,Engineer,955796,Kolkata,2024-08-26
CUST02059,Vivaan Patel,Male,54,Engineer,1721225,Ahmedabad,2024-10-15
CUST02060,Sanya Mehta,Female,24,Manager,1615129,Surat,2024-12-10
CUST02061,Vivaan Verma,Female,60,Retired,291302,Nagpur,2019-06-15
CUST02062,Riya Reddy,Male,43,Engineer,817648,Gurugram,2021-08-10
CUST02063,Rahul Jain,Male,41,Teacher,818988,Gurugram,2023-06-14
CUST02064,Aman Reddy,Female,45,Analyst,678816,Surat,2019-11-27
CUST02065,Neha Gupta,Male,51,Consultant,998234,Mumbai,2022-11-28
CUST02066,Neha Verma,Male,45,Engineer,772277,Chennai,2025-07-30
CUST02067,Rohit Patel,Male,45,Government,422822,Guwahati,2018-04-02
CUST02068,Riya Das,Male,50,Designer,488280,Gurugram,2025-05-23
CUST02069,Riya Gupta,Female,30,Manager,1414240,Pune,2018-12-22
CUST02070,Mohit Mehta,Male,51,Analyst,1209868,Bhubaneswar,2018-05-09
CUST02071,Riya Patel,Female,24,Student,261447,Ranchi,2021-09-17
CUST02072,Diya Kumar,Female,56,Government,452976,Guwahati,2022-03-02
CUST02073,Neha Joshi,Male,18,Student,130804,Pune,2023-03-18
CUST02074,Ishita Mishra,Female,51,Engineer,1486227,Chennai,2022-11-25
CUST02075,Nikhil Patel,Female,39,Engineer,884813,Mumbai,2019-11-23
CUST02076,Sanya Gupta,Male,38,Engineer,1663774,Noida,2024-08-20
CUST02077,Ananya Reddy,Female,29,Government,707448,Bhopal,2019-08-15
CUST02078,Ananya Nair,Male,40,Consultant,1739170,Ahmedabad,2018-10-11
CUST02079,Vivaan Joshi,Male,26,Analyst,894002,Bhubaneswar,2023-08-25
CUST02080,Karan Verma,Male,53,Engineer,668056,Indore,2025-06-11
CUST02081,Rohit Joshi,Male,29,Engineer,1162444,Jaipur,2019-05-30
CUST02082,Rahul Verma,Female,56,Analyst,872304,Vellore,2022-02-03
CUST02083,Neha Das,Female,50,Manager,2465039,Lucknow,2021-07-08
CUST02084,Riya Ranjan,Female,38,Manager,1176192,Kochi,2018-10-03
CUST02085,Diya Ranjan,Male,52,Engineer,1770300,Ranchi,2018-12-16
CUST02086,Riya Mishra,Male,46,Doctor,1113700,Ranchi,2022-09-25
CUST02087,Nikhil Mishra,Female,32,Engineer,1190489,Surat,2020-09-25
CUST02088,Karan Nair,Male,71,Retired,565216,Chandigarh,2025-03-11
CUST02089,Mohit Nair,Male,49,Teacher,662442,Raipur,2018-03-17
CUST02090,Sanya Iyer,Male,52,Manager,2333425,Pune,2018-02-22
CUST02091,Rohit Reddy,Male,45,Consultant,2189336,Ahmedabad,2023-03-27
CUST02092,Priya Singh,Female,49,Designer,831752,Kolkata,2021-08-29
CUST02093,Raj Patel,Male,36,Business Owner,2151502,Ranchi,2025-06-22
CUST02094,Vivaan Mishra,Male,40,Engineer,864543,Raipur,2018-08-12
CUST02095,Rohit Patel,Male,53,Teacher,647836,Noida,2024-09-21
CUST02096,Sneha Joshi,Male,20,Student,171969,Bhubaneswar,2022-07-31
CUST02097,Reyansh Das,Female,56,Doctor,2522059,Noida,2024-04-20
CUST02098,Neha Sharma,Male,40,Analyst,1003586,Surat,2024-07-14
CUST02099,Aditya Singh,Female,52,Manager,2487109,Hyderabad,2018-05-06
CUST02100,Raj Iyer,Male,50,Teacher,350751,Lucknow,2018-10-01
CUST02101,Priya Jain,Female,54,Engineer,1061036,Mumbai,2022-01-21
CUST02102,Vivaan Patel,Female,24,Business Owner,4813635,Lucknow,2022-05-21
CUST02103,Riya Iyer,Female,49,Engineer,611822,Chandigarh,2023-12-27
CUST02104,Vivaan Mehta,Male,37,Engineer,886467,Kochi,2024-04-27
CUST02105,Vivaan Nair,Male,29,Business Owner,4616186,Delhi,2023-10-28
CUST02106,Sanya Das,Female,52,Government,643245,Bhubaneswar,2019-03-05
CUST02107,Ananya Mehta,Male,55,Engineer,1698227,Pune,2022-01-08
CUST02108,Rahul Das,Male,36,Engineer,1229631,Nagpur,2025-08-30
CUST02109,Aditya Jain,Male,58,Manager,976071,Ahmedabad,2021-06-22
CUST02110,Mohit Joshi,Male,58,Analyst,804293,Chennai,2025-02-08
CUST02111,Sanya Patel,Male,35,Government,723923,Guwahati,2020-06-30
CUST02112,Sanya Iyer,Male,54,Consultant,1648582,Ahmedabad,2018-05-17
CUST02113,Karan Sharma,Female,44,Engineer,1165845,Ahmedabad,2022-11-29
CUST02114,Nikhil Mishra,Female,41,Business Owner,3565579,Kolkata,2023-05-07
CUST02115,Reyansh Mishra,Female,44,Manager,1829882,Surat,2019-07-26
CUST02116,Riya Verma,Female,57,Teacher,803803,Raipur,2023-02-27
CUST02117,Nikhil Kumar,Female,24,Student,193079,Lucknow,2022-11-13
CUST02118,Sanya Das,Male,44,Manager,2465637,Delhi,2020-09-27
CUST02119,Sneha Kumar,Male,41,Analyst,556200,Jaipur,2025-03-05
CUST02120,Ananya Nair,Female,53,Designer,908179,Pune,2020-01-07
CUST02121,Mohit Joshi,Female,46,Analyst,1087481,Pune,2019-01-05
CUST02122,Rohit Patel,Female,32,Designer,562884,Vellore,2021-10-31
CUST02123,Raj Jain,Male,20,Student,277787,Noida,2023-08-31
CUST02124,Reyansh Verma,Male,43,Doctor,2495107,Coimbatore,2019-08-29
CUST02125,Sneha Sharma,Male,57,Manager,1709363,Vellore,2020-05-13
CUST02126,Aarav Mishra,Female,35,Analyst,914250,Chennai,2022-05-06
CUST02127,Ishita Das,Male,33,Engineer,629950,Bengaluru,2025-01-31
CUST02128,Reyansh Iyer,Female,38,Doctor,1156117,Hyderabad,2022-01-26
CUST02129,Rohit Gupta,Female,22,Student,173691,Delhi,2018-11-23
CUST02130,Diya Mehta,Female,27,Teacher,368441,Bengaluru,2020-03-27
CUST02131,Aman Mishra,Male,32,Consultant,1844392,Bhubaneswar,2019-08-28
CUST02132,Aarav Mehta,Female,41,Doctor,1718066,Hyderabad,2019-12-04
CUST02133,Priya Jain,Male,39,Business Owner,4270593,Guwahati,2025-05-15
CUST02134,Mohit Sharma,Male,40,Designer,907114,Pune,2023-09-11
CUST02135,Mohit Ranjan,Female,35,Government,974140,Bhopal,2019-11-12
CUST02136,Riya Sharma,Male,61,Retired,376963,Delhi,2023-06-16
CUST02137,Reyansh Mishra,Female,38,Analyst,810051,Surat,2023-11-19
CUST02138,Vivaan Reddy,Female,40,Engineer,1202893,Chennai,2025-07-11
CUST02139,Aman Gupta,Female,25,Consultant,1057345,Bhubaneswar,2020-11-19
CUST02140,Rohit Mehta,Female,28,Analyst,1007956,Kolkata,2023-12-11
CUST02141,Sneha Joshi,Male,25,Student,154020,Gurugram,2021-04-11
CUST02142,Aarav Gupta,Male,20,Student,284809,Kolkata,2024-07-07
CUST02143,Sanya Gupta,Male,25,Designer,751473,Ahmedabad,2020-06-07
CUST02144,Neha Kumar,Female,49,Manager,1213460,Bhopal,2022-04-28
CUST02145,Riya Kumar,Male,24,Engineer,1350562,Surat,2024-09-23
CUST02146,Rahul Mishra,Female,25,Consultant,1271127,Patna,2018-06-01
CUST02147,Diya Ranjan,Male,53,Manager,1716545,Surat,2018-05-09
CUST02148,Karan Das,Female,45,Engineer,1031161,Bhopal,2020-05-28
CUST02149,Neha Iyer,Female,56,Doctor,2803892,Bengaluru,2020-01-12
CUST02150,Neha Reddy,Female,31,Teacher,789960,Ahmedabad,2019-10-17
CUST02151,Ishita Verma,Female,34,Consultant,2009714,Patna,2025-08-06
CUST02152,Riya Das,Female,53,Designer,855338,Patna,2023-07-17
CUST02153,Vivaan Reddy,Female,40,Business Owner,2973173,Chennai,2022-02-22
CUST02154,Mohit Singh,Female,27,Engineer,1255042,Lucknow,2021-06-05
CUST02155,Ananya Nair,Female,40,Doctor,1381956,Coimbatore,2023-09-15
CUST02156,Arjun Iyer,Female,28,Consultant,1602119,Chandigarh,2020-03-09
CUST02157,Raj Jain,Male,42,Teacher,745334,Indore,2022-08-03
CUST02158,Rahul Ranjan,Male,46,Teacher,513315,Bhopal,2021-08-27
CUST02159,Karan Nair,Female,53,Teacher,886578,Chennai,2019-07-09
CUST02160,Ishita Ranjan,Female,33,Consultant,1904926,Mumbai,2023-05-31
CUST02161,Riya Sharma,Male,18,Student,245048,Coimbatore,2022-05-29
CUST02162,Aarav Patel,Male,18,Student,49071,Hyderabad,2025-02-13
CUST02163,Riya Iyer,Male,19,Student,116001,Mumbai,2020-09-09
CUST02164,Reyansh Ranjan,Male,38,Engineer,842733,Bhubaneswar,2021-07-15
CUST02165,Aditya Singh,Male,47,Engineer,617613,Kochi,2021-11-08
CUST02166,Mohit Patel,Female,44,Analyst,1125687,Bhopal,2018-09-15
CUST02167,Ananya Reddy,Female,28,Engineer,1595354,Noida,2023-12-11
CUST02168,Neha Singh,Female,51,Engineer,834877,Nagpur,2021-10-05
CUST02169,Nikhil Joshi,Female,40,Engineer,682053,Ahmedabad,2018-10-24
CUST02170,Aarav Joshi,Male,40,Analyst,1305363,Guwahati,2023-11-05
CUST02171,Vivaan Iyer,Male,18,Student,21915,Chennai,2018-07-17
CUST02172,Ishita Ranjan,Male,57,Teacher,421814,Delhi,2019-07-16
CUST02173,Mohit Sharma,Female,52,Engineer,1141649,Nagpur,2020-12-31
CUST02174,Riya Ranjan,Female,28,Business Owner,704090,Guwahati,2023-07-23
CUST02175,Ishita Kumar,Female,49,Government,1053914,Indore,2021-04-05
CUST02176,Ananya Jain,Female,26,Engineer,1408702,Nagpur,2022-04-29
CUST02177,Aarav Joshi,Female,30,Engineer,1792252,Surat,2023-08-27
CUST02178,Sanya Jain,Male,57,Analyst,784473,Pune,2024-08-11
CUST02179,Karan Iyer,Male,48,Engineer,972831,Mumbai,2018-12-06
CUST02180,Reyansh Jain,Male,31,Doctor,2344465,Mumbai,2018-12-27
CUST02181,Ananya Nair,Male,32,Business Owner,1820043,Chandigarh,2022-02-03
CUST02182,Rahul Mishra,Male,39,Engineer,664279,Bhopal,2022-10-05
CUST02183,Rohit Gupta,Male,54,Analyst,1247037,Lucknow,2023-04-03
CUST02184,Reyansh Patel,Male,58,Engineer,1583093,Patna,2024-08-19
CUST02185,Rahul Mehta,Female,64,Retired,579701,Ahmedabad,2018-07-16
CUST02186,Priya Das,Female,65,Retired,757050,Mumbai,2023-12-29
CUST02187,Vivaan Jain,Female,25,Business Owner,3791254,Kolkata,2024-06-18
CUST02188,Nikhil Gupta,Female,65,Retired,697235,Indore,2022-12-29
CUST02189,Sanya Patel,Female,37,Doctor,2265531,Nagpur,2019-12-10
CUST02190,Nikhil Ranjan,Female,61,Retired,729721,Ahmedabad,2021-04-11
CUST02191,Aarav Reddy,Male,74,Retired,329315,Vellore,2019-02-04
CUST02192,Nikhil Reddy,Male,24,Student,207152,Raipur,2024-05-03
CUST02193,Aman Mishra,Female,56,Teacher,857245,Indore,2024-08-10
CUST02194,Mohit Mehta,Male,57,Doctor,1382206,Gurugram,2020-11-14
CUST02195,Neha Iyer,Female,38,Manager,1943765,Pune,2021-08-14
CUST02196,Rohit Sharma,Female,43,Engineer,793253,Bengaluru,2018-12-16
CUST02197,Arjun Reddy,Male,75,Retired,681782,Bhopal,2021-04-02
CUST02198,Riya Patel,Female,24,Student,128440,Vellore,2022-04-05
CUST02199,Mohit Mehta,Female,29,Engineer,1646938,Kolkata,2018-12-28
CUST02200,Nikhil Patel,Male,39,Analyst,684606,Surat,2025-01-22
CUST02201,Aditya Ranjan,Female,37,Consultant,2191088,Guwahati,2018-08-20
CUST02202,Diya Ranjan,Female,56,Business Owner,2339229,Chandigarh,2019-10-18
CUST02203,Aman Verma,Male,58,Government,941934,Kolkata,2024-08-04
CUST02204,Raj Singh,Female,42,Teacher,483475,Guwahati,2023-09-18
CUST02205,Diya Verma,Female,25,Engineer,734927,Ranchi,2019-12-09
CUST02206,Reyansh Joshi,Female,46,Analyst,995893,Indore,2024-03-28
CUST02207,Diya Nair,Male,24,Analyst,1073506,Kolkata,2022-03-15
CUST02208,Vivaan Nair,Male,43,Government,1108720,Raipur,2023-10-31
CUST02209,Sanya Verma,Male,46,Engineer,1703805,Ahmedabad,2021-08-03
CUST02210,Sneha Kumar,Female,55,Engineer,1145248,Bhubaneswar,2025-02-09
CUST02211,Reyansh Reddy,Female,38,Teacher,778263,Jaipur,2019-11-29
CUST02212,Neha Singh,Male,24,Engineer,1058389,Bhubaneswar,2024-09-24
CUST02213,Rahul Kumar,Female,54,Engineer,1473901,Jaipur,2022-03-27
CUST02214,Rohit Patel,Female,29,Analyst,1008233,Chennai,2021-05-11
CUST02215,Neha Singh,Female,52,Manager,1453534,Bhubaneswar,2023-05-16
CUST02216,Sneha Jain,Male,39,Doctor,1493926,Surat,2024-12-17
CUST02217,Vivaan Patel,Male,47,Government,442457,Hyderabad,2021-08-02
CUST02218,Ananya Gupta,Male,38,Teacher,688186,Jaipur,2021-04-04
CUST02219,Diya Nair,Female,32,Engineer,1091347,Lucknow,2024-07-25
CUST02220,Aman Iyer,Male,56,Business Owner,700781,Bhopal,2023-05-05
CUST02221,Aman Iyer,Female,27,Doctor,1937079,Pune,2021-10-04
CUST02222,Diya Kumar,Male,41,Designer,318054,Chennai,2019-08-28
CUST02223,Aman Verma,Male,46,Teacher,669070,Gurugram,2023-02-23
CUST02224,Neha Reddy,Male,25,Student,165534,Chandigarh,2024-03-05
CUST02225,Raj Mishra,Male,54,Teacher,825465,Chennai,2022-08-02
CUST02226,Neha Kumar,Female,32,Teacher,821756,Guwahati,2024-05-20
CUST02227,Vivaan Mishra,Female,34,Designer,501553,Patna,2023-12-14
CUST02228,Vivaan Jain,Female,51,Engineer,859255,Pune,2023-04-29
CUST02229,Aarav Gupta,Male,52,Teacher,813385,Kolkata,2020-01-03
CUST02230,Aman Mehta,Male,58,Manager,1342981,Delhi,2018-07-10
CUST02231,Sneha Sharma,Male,25,Engineer,779615,Bhubaneswar,2022-10-20
CUST02232,Riya Sharma,Male,45,Manager,2258752,Vellore,2018-06-19
CUST02233,Neha Ranjan,Female,22,Student,68221,Jaipur,2025-04-14
CUST02234,Arjun Nair,Male,72,Retired,734760,Bhubaneswar,2023-11-17
CUST02235,Vivaan Gupta,Female,23,Student,96457,Raipur,2020-05-17
CUST02236,Arjun Joshi,Female,58,Government,1120817,Ranchi,2018-07-28
CUST02237,Ishita Ranjan,Male,28,Analyst,1118645,Ranchi,2025-08-14
CUST02238,Reyansh Mishra,Female,30,Business Owner,4129714,Mumbai,2020-06-16
CUST02239,Sanya Sharma,Female,56,Engineer,1427666,Lucknow,2019-05-06
CUST02240,Aditya Jain,Female,45,Government,677931,Chandigarh,2021-09-25
CUST02241,Diya Gupta,Female,47,Consultant,2027229,Bengaluru,2020-11-18
CUST02242,Rahul Kumar,Female,53,Analyst,766642,Hyderabad,2021-08-25
CUST02243,Arjun Kumar,Female,50,Engineer,1618885,Raipur,2020-02-23
CUST02244,Arjun Mishra,Female,48,Engineer,1768085,Jaipur,2021-11-12
CUST02245,Rohit Jain,Female,32,Consultant,1834910,Hyderabad,2025-04-05
CUST02246,Diya Kumar,Female,34,Government,1125893,Bhubaneswar,2023-12-09
CUST02247,Rahul Gupta,Female,50,Manager,1224326,Kochi,2024-11-21
CUST02248,Aditya Kumar,Female,48,Government,703592,Delhi,2023-06-26
CUST02249,Raj Reddy,Male,49,Analyst,773294,Noida,2018-05-11
CUST02250,Priya Kumar,Male,30,Engineer,1544105,Pune,2019-02-22
CUST02251,Diya Kumar,Female,19,Student,208673,Nagpur,2020-03-05
CUST02252,Sneha Reddy,Female,54,Engineer,797650,Hyderabad,2018-02-20
CUST02253,Aman Iyer,Male,48,Doctor,2565885,Bhubaneswar,2019-08-16
CUST02254,Neha Mishra,Female,30,Engineer,1307475,Delhi,2024-11-18
CUST02255,Vivaan Iyer,Male,32,Business Owner,3668040,Ranchi,2022-09-12
CUST02256,Ananya Reddy,Male,31,Engineer,688022,Patna,2024-06-27
CUST02257,Ishita Nair,Female,25,Engineer,1315735,Chennai,2023-10-05
CUST02258,Reyansh Das,Female,28,Government,1025008,Delhi,2025-07-09
CUST02259,Rohit Iyer,Female,26,Engineer,1222256,Bhopal,2021-06-29
CUST02260,Aman Mishra,Female,27,Analyst,1272219,Noida,2022-01-12
CUST02261,Diya Das,Male,45,Analyst,1065877,Nagpur,2020-02-11
CUST02262,Karan Das,Female,28,Doctor,2998511,Kochi,2020-12-19
CUST02263,Sneha Sharma,Male,49,Engineer,790075,Chennai,2018-11-13
CUST02264,Aarav Verma,Female,49,Manager,1514119,Gurugram,2018-12-18
CUST02265,Neha Ranjan,Female,53,Doctor,1361936,Indore,2020-08-11
CUST02266,Reyansh Joshi,Male,47,Teacher,540965,Nagpur,2023-11-30
CUST02267,Rahul Nair,Female,49,Teacher,659175,Vellore,2021-03-23
CUST02268,Riya Singh,Female,54,Analyst,853507,Hyderabad,2019-05-15
CUST02269,Mohit Gupta,Female,39,Business Owner,1650645,Delhi,2022-02-01
CUST02270,Ishita Jain,Female,66,Retired,536777,Jaipur,2025-05-05
CUST02271,Raj Mehta,Male,36,Business Owner,4834917,Bengaluru,2019-04-10
CUST02272,Riya Mishra,Female,58,Manager,1240436,Kochi,2020-11-29
CUST02273,Ananya Kumar,Female,42,Engineer,1436367,Chennai,2019-12-08
CUST02274,Vivaan Mehta,Female,63,Retired,439939,Jaipur,2021-04-18
CUST02275,Karan Ranjan,Female,56,Manager,1105093,Coimbatore,2019-08-25
CUST02276,Vivaan Reddy,Female,51,Consultant,1917371,Hyderabad,2025-03-29
CUST02277,Diya Mishra,Male,30,Engineer,1209433,Jaipur,2025-03-02
CUST02278,Ishita Nair,Female,48,Business Owner,814846,Kolkata,2023-08-04
CUST02279,Priya Verma,Female,21,Student,130342,Ahmedabad,2021-08-02
CUST02280,Aarav Joshi,Female,18,Student,9720,Bengaluru,2019-11-24
CUST02281,Sneha Kumar,Male,46,Engineer,1796461,Ranchi,2021-03-25
CUST02282,Rohit Iyer,Male,46,Doctor,2498992,Hyderabad,2022-06-01
CUST02283,Mohit Patel,Female,33,Designer,553143,Bhubaneswar,2023-06-14
CUST02284,Raj Gupta,Male,57,Engineer,1499507,Kolkata,2023-07-28
CUST02285,Diya Gupta,Male,36,Manager,1277273,Nagpur,2018-05-23
CUST02286,Reyansh Mehta,Female,31,Analyst,977462,Chandigarh,2020-07-15
CUST02287,Rahul Singh,Male,46,Designer,782693,Nagpur,2023-11-03
CUST02288,Arjun Sharma,Female,32,Analyst,750980,Raipur,2021-09-06
CUST02289,Priya Mishra,Male,40,Teacher,571385,Pune,2018-05-17
CUST02290,Rohit Kumar,Female,54,Business Owner,2785003,Patna,2024-12-06
CUST02291,Diya Kumar,Male,35,Engineer,1388076,Mumbai,2023-01-14
CUST02292,Vivaan Mehta,Female,21,Student,232921,Patna,2024-06-12
CUST02293,Rohit Singh,Male,44,Teacher,686459,Surat,2020-12-16
CUST02294,Mohit Patel,Female,35,Manager,1185802,Patna,2021-12-21
CUST02295,Karan Mehta,Female,42,Doctor,1885066,Ahmedabad,2018-09-07
CUST02296,Priya Sharma,Male,38,Government,1018956,Nagpur,2023-07-01
CUST02297,Aarav Ranjan,Male,27,Manager,917660,Pune,2024-01-15
CUST02298,Ishita Singh,Female,42,Engineer,1684982,Ranchi,2022-11-03
CUST02299,Rahul Das,Male,25,Student,188841,Patna,2019-06-14
CUST02300,Diya Reddy,Female,46,Designer,403511,Chennai,2024-01-20
CUST02301,Vivaan Jain,Female,23,Student,234198,Raipur,2018-12-14
CUST02302,Vivaan Jain,Male,54,Government,922625,Noida,2018-10-21
CUST02303,Ishita Iyer,Female,26,Government,684970,Ahmedabad,2018-01-23
CUST02304,Sanya Reddy,Female,25,Engineer,1464747,Bengaluru,2021-12-08
CUST02305,Vivaan Joshi,Female,33,Teacher,792553,Mumbai,2024-10-03
CUST02306,Ishita Kumar,Male,34,Manager,1025573,Delhi,2021-10-17
CUST02307,Priya Reddy,Male,40,Doctor,2051431,Chennai,2020-10-10
CUST02308,Nikhil Ranjan,Female,27,Analyst,822216,Kochi,2022-02-05
CUST02309,Ananya Joshi,Female,68,Retired,333164,Vellore,2023-07-13
CUST02310,Neha Mishra,Female,44,Analyst,1374955,Indore,2022-07-18
CUST02311,Ananya Mishra,Female,56,Government,1069620,Ahmedabad,2020-04-22
CUST02312,Ishita Nair,Female,41,Business Owner,4513280,Chandigarh,2023-02-18
CUST02313,Arjun Nair,Female,29,Doctor,1586531,Lucknow,2024-07-01
CUST02314,Aman Sharma,Female,50,Consultant,2068605,Kolkata,2021-02-10
CUST02315,Riya Patel,Female,41,Doctor,2788617,Chandigarh,2020-11-14
CUST02316,Neha Joshi,Female,23,Student,69303,Guwahati,2022-05-18
CUST02317,Aman Jain,Female,45,Manager,2085504,Vellore,2019-06-20
CUST02318,Sneha Sharma,Male,48,Analyst,1204906,Bhubaneswar,2022-08-06
CUST02319,Arjun Ranjan,Female,53,Designer,805357,Lucknow,2020-07-06
CUST02320,Karan Das,Female,32,Business Owner,3115303,Kolkata,2018-03-30
CUST02321,Aman Das,Male,35,Doctor,2528216,Bhopal,2020-05-02
CUST02322,Karan Das,Male,57,Doctor,2191316,Bengaluru,2021-02-15
CUST02323,Sanya Singh,Female,18,Student,184789,Guwahati,2024-09-21
CUST02324,Karan Mehta,Female,23,Student,43048,Kochi,2019-09-24
CUST02325,Aman Kumar,Female,37,Analyst,1208769,Pune,2025-01-15
CUST02326,Sneha Singh,Female,39,Analyst,970341,Patna,2018-07-10
CUST02327,Aman Das,Male,52,Teacher,838482,Delhi,2023-09-21
CUST02328,Diya Verma,Male,34,Business Owner,4948204,Bhopal,2021-04-21
CUST02329,Vivaan Singh,Male,48,Doctor,2081529,Chennai,2021-03-16
CUST02330,Riya Nair,Male,18,Student,297155,Chennai,2021-04-07
CUST02331,Ishita Patel,Female,25,Teacher,433319,Guwahati,2022-12-20
CUST02332,Aarav Reddy,Female,67,Retired,635004,Ahmedabad,2020-08-13
CUST02333,Mohit Ranjan,Male,37,Engineer,1046849,Chennai,2018-11-11
CUST02334,Sneha Sharma,Male,40,Analyst,936132,Patna,2025-04-17
CUST02335,Ishita Patel,Male,45,Consultant,1868349,Delhi,2018-12-06
CUST02336,Diya Ranjan,Female,44,Manager,1751935,Delhi,2018-07-23
CUST02337,Sneha Das,Female,23,Student,166107,Delhi,2025-06-08
CUST02338,Arjun Ranjan,Male,55,Manager,1946476,Raipur,2022-02-20
CUST02339,Ishita Verma,Female,45,Engineer,1627833,Patna,2021-02-16
CUST02340,Rohit Mehta,Female,49,Engineer,639389,Raipur,2019-12-26
CUST02341,Sanya Verma,Female,42,Business Owner,4935486,Lucknow,2025-04-30
CUST02342,Sneha Ranjan,Male,38,Engineer,1354864,Chennai,2025-08-30
CUST02343,Sanya Jain,Male,19,Student,169054,Bengaluru,2018-01-23
CUST02344,Karan Nair,Male,56,Government,905642,Chandigarh,2019-01-14
CUST02345,Diya Nair,Male,43,Manager,1132248,Guwahati,2020-03-14
CUST02346,Nikhil Joshi,Male,68,Retired,610077,Lucknow,2019-01-07
CUST02347,Riya Nair,Male,49,Manager,1101403,Mumbai,2018-10-14
CUST02348,Sneha Nair,Female,49,Government,510738,Gurugram,2018-11-11
CUST02349,Aman Kumar,Male,46,Manager,1013981,Lucknow,2018-09-06
CUST02350,Aman Jain,Male,47,Engineer,1752552,Guwahati,2024-01-04
CUST02351,Priya Sharma,Male,27,Analyst,958246,Pune,2021-02-07
CUST02352,Ishita Gupta,Female,24,Engineer,1641233,Lucknow,2024-11-06
CUST02353,Riya Verma,Male,27,Analyst,515473,Bengaluru,2018-01-18
CUST02354,Sanya Gupta,Male,70,Retired,200249,Bhopal,2023-06-09
CUST02355,Sanya Patel,Male,56,Engineer,605596,Jaipur,2021-08-02
CUST02356,Riya Verma,Male,45,Government,1105153,Noida,2024-12-24
CUST02357,Ananya Mehta,Male,56,Manager,1113549,Raipur,2021-01-30
CUST02358,Rahul Kumar,Female,70,Retired,478112,Raipur,2024-11-10
CUST02359,Reyansh Gupta,Male,35,Engineer,701579,Pune,2020-04-13
CUST02360,Ishita Kumar,Female,32,Engineer,1722400,Kolkata,2021-12-04
CUST02361,Arjun Iyer,Female,44,Manager,966537,Bhopal,2024-12-03
CUST02362,Priya Verma,Female,39,Analyst,708116,Patna,2018-01-17
CUST02363,Rahul Sharma,Female,55,Engineer,1142125,Vellore,2025-04-25
CUST02364,Aman Kumar,Male,44,Teacher,783403,Coimbatore,2024-03-22
CUST02365,Rahul Patel,Male,36,Business Owner,1483224,Vellore,2023-11-15
CUST02366,Aditya Jain,Female,24,Government,1118899,Indore,2024-02-09
CUST02367,Mohit Iyer,Female,49,Teacher,399230,Ranchi,2022-03-26
CUST02368,Diya Nair,Male,58,Business Owner,2015189,Delhi,2020-06-07
CUST02369,Sanya Kumar,Male,40,Engineer,609195,Kochi,2020-11-10
CUST02370,Karan Joshi,Female,53,Government,928853,Lucknow,2021-05-04
CUST02371,Rahul Verma,Male,25,Student,12738,Bengaluru,2022-09-10
CUST02372,Aditya Gupta,Male,42,Government,1062427,Raipur,2019-05-05
CUST02373,Priya Joshi,Male,41,Analyst,1257708,Kolkata,2021-12-12
CUST02374,Aarav Reddy,Male,51,Consultant,1275126,Nagpur,2021-09-22
CUST02375,Reyansh Gupta,Female,32,Doctor,2227964,Chandigarh,2024-04-21
CUST02376,Arjun Patel,Female,27,Teacher,634487,Lucknow,2019-03-03
CUST02377,Karan Mehta,Female,50,Business Owner,1832114,Ahmedabad,2020-02-04
CUST02378,Aditya Joshi,Female,27,Teacher,404322,Ranchi,2024-07-02
CUST02379,Nikhil Reddy,Female,47,Teacher,798744,Mumbai,2018-11-06
CUST02380,Vivaan Sharma,Male,24,Analyst,950562,Jaipur,2023-04-28
CUST02381,Rohit Jain,Female,55,Consultant,1412769,Bhubaneswar,2020-03-19
CUST02382,Aditya Mishra,Male,30,Business Owner,1589088,Bengaluru,2023-07-20
CUST02383,Ishita Mishra,Female,33,Engineer,670307,Hyderabad,2025-07-13
CUST02384,Mohit Iyer,Female,24,Student,167709,Lucknow,2024-06-05
CUST02385,Rohit Joshi,Male,46,Engineer,1635036,Noida,2020-07-24
CUST02386,Ishita Kumar,Male,41,Designer,592815,Bengaluru,2019-08-19
CUST02387,Ananya Jain,Female,57,Manager,1518523,Ranchi,2019-09-08
CUST02388,Ishita Gupta,Male,30,Designer,763777,Raipur,2024-11-18
CUST02389,Vivaan Jain,Male,48,Engineer,875008,Bhubaneswar,2021-03-10
CUST02390,Riya Verma,Male,47,Analyst,1100809,Bhubaneswar,2020-07-02
CUST02391,Diya Mehta,Female,27,Engineer,656258,Jaipur,2020-09-04
CUST02392,Mohit Ranjan,Female,25,Government,1068126,Delhi,2025-02-23
CUST02393,Aarav Nair,Male,40,Engineer,1639738,Coimbatore,2024-12-21
CUST02394,Karan Patel,Female,72,Retired,336316,Noida,2019-09-19
CUST02395,Mohit Joshi,Male,61,Retired,544783,Chennai,2024-12-15
CUST02396,Reyansh Iyer,Male,30,Analyst,879530,Ranchi,2022-06-26
CUST02397,Riya Mehta,Female,50,Manager,1910142,Coimbatore,2020-07-06
CUST02398,Rahul Ranjan,Female,74,Retired,299371,Pune,2025-01-26
CUST02399,Aarav Patel,Male,26,Engineer,1645875,Bengaluru,2025-02-20
CUST02400,Sanya Nair,Male,61,Retired,378891,Coimbatore,2023-08-02
CUST02401,Ananya Reddy,Male,35,Manager,1307759,Jaipur,2024-01-17
CUST02402,Arjun Das,Female,44,Engineer,1004362,Kolkata,2025-05-26
CUST02403,Priya Mehta,Female,24,Student,106172,Surat,2023-12-03
CUST02404,Karan Nair,Male,44,Engineer,1735895,Delhi,2018-03-19
CUST02405,Neha Sharma,Female,41,Teacher,831421,Kolkata,2020-08-18
CUST02406,Riya Joshi,Female,60,Retired,613987,Surat,2020-02-28
CUST02407,Priya Sharma,Female,43,Engineer,723015,Raipur,2022-10-12
CUST02408,Raj Reddy,Female,55,Manager,1601318,Vellore,2019-11-07
CUST02409,Sneha Verma,Female,50,Analyst,565442,Patna,2024-10-09
CUST02410,Arjun Das,Female,25,Student,30725,Bengaluru,2022-08-17
CUST02411,Sanya Iyer,Female,53,Engineer,1481204,Chandigarh,2023-04-06
CUST02412,Mohit Joshi,Male,37,Consultant,1071126,Chandigarh,2018-02-20
CUST02413,Rahul Mishra,Male,62,Retired,603328,Vellore,2025-05-18
CUST02414,Diya Mehta,Male,52,Engineer,738694,Hyderabad,2025-03-09
CUST02415,Aman Iyer,Male,27,Doctor,1603261,Ahmedabad,2020-07-01
CUST02416,Ishita Ranjan,Female,30,Government,689163,Kochi,2021-02-26
CUST02417,Karan Reddy,Male,23,Student,51506,Guwahati,2018-03-28
CUST02418,Arjun Nair,Female,51,Business Owner,3286213,Guwahati,2019-09-16
CUST02419,Diya Mehta,Female,18,Student,26294,Guwahati,2023-06-08
CUST02420,Aditya Nair,Female,35,Manager,1313759,Indore,2024-08-11
CUST02421,Mohit Patel,Male,43,Analyst,939715,Patna,2024-09-19
CUST02422,Sanya Patel,Female,49,Engineer,1045124,Ranchi,2025-08-13
CUST02423,Arjun Verma,Female,47,Doctor,2067097,Mumbai,2025-04-08
CUST02424,Rohit Reddy,Male,47,Doctor,2420446,Delhi,2024-11-02
CUST02425,Raj Das,Female,25,Student,167655,Kolkata,2023-05-31
CUST02426,Neha Joshi,Male,34,Government,840734,Ranchi,2021-06-02
CUST02427,Rahul Sharma,Female,54,Engineer,933942,Bhubaneswar,2019-10-07
CUST02428,Raj Jain,Male,48,Analyst,563425,Nagpur,2022-08-02
CUST02429,Rahul Nair,Female,29,Teacher,375643,Chandigarh,2022-04-05
CUST02430,Mohit Iyer,Male,55,Business Owner,766282,Indore,2019-12-22
CUST02431,Mohit Mehta,Female,45,Engineer,1362875,Indore,2022-04-20
CUST02432,Arjun Kumar,Male,58,Government,1016653,Coimbatore,2023-01-08
CUST02433,Rohit Joshi,Male,51,Analyst,1134611,Hyderabad,2024-11-29
CUST02434,Aarav Patel,Female,24,Engineer,989107,Coimbatore,2024-09-17
CUST02435,Sanya Das,Male,44,Analyst,1143302,Delhi,2025-08-06
CUST02436,Priya Reddy,Female,57,Government,1138187,Patna,2023-09-26
CUST02437,Karan Kumar,Male,40,Business Owner,1826848,Chennai,2018-10-25
CUST02438,Rohit Joshi,Female,38,Analyst,1232355,Indore,2019-12-25
CUST02439,Riya Das,Female,57,Analyst,985126,Kochi,2021-06-20
CUST02440,Aman Mishra,Female,37,Engineer,878776,Gurugram,2023-11-25
CUST02441,Sneha Verma,Male,34,Analyst,729266,Patna,2018-02-09
CUST02442,Raj Iyer,Male,25,Teacher,586456,Ranchi,2018-11-04
CUST02443,Aditya Mishra,Male,25,Analyst,1388410,Pune,2022-07-09
CUST02444,Priya Kumar,Male,55,Government,1171564,Bengaluru,2022-01-24
CUST02445,Vivaan Jain,Female,50,Engineer,1282536,Chennai,2025-06-19
CUST02446,Aman Gupta,Male,37,Designer,607669,Hyderabad,2025-02-25
CUST02447,Ananya Kumar,Male,24,Student,125231,Pune,2024-10-14
CUST02448,Ishita Ranjan,Male,25,Analyst,606925,Kochi,2025-04-09
CUST02449,Vivaan Verma,Male,23,Student,118042,Kochi,2025-03-29
CUST02450,Vivaan Nair,Female,24,Engineer,1387065,Guwahati,2019-05-07
CUST02451,Rohit Mehta,Female,53,Analyst,1341391,Raipur,2020-03-14
CUST02452,Aditya Jain,Male,51,Analyst,1372021,Raipur,2020-07-20
CUST02453,Nikhil Jain,Female,42,Designer,791798,Gurugram,2021-04-25
CUST02454,Ishita Nair,Male,47,Engineer,632140,Delhi,2021-07-14
CUST02455,Neha Sharma,Male,52,Government,946001,Lucknow,2020-12-17
CUST02456,Mohit Singh,Female,26,Doctor,925294,Indore,2019-11-27
CUST02457,Aman Patel,Female,21,Student,133486,Delhi,2025-08-13
CUST02458,Diya Mehta,Male,26,Engineer,1752101,Bengaluru,2018-04-18
CUST02459,Sneha Gupta,Female,46,Government,1155868,Vellore,2024-03-23
CUST02460,Rohit Ranjan,Male,40,Teacher,512783,Noida,2018-02-03
CUST02461,Sanya Reddy,Female,40,Business Owner,3403935,Coimbatore,2021-10-13
CUST02462,Aarav Joshi,Male,46,Engineer,1711665,Ranchi,2018-08-06
CUST02463,Neha Sharma,Female,30,Analyst,986453,Ahmedabad,2019-02-20
CUST02464,Karan Nair,Male,42,Doctor,2063275,Ranchi,2024-03-12
CUST02465,Priya Singh,Female,19,Student,216610,Nagpur,2020-06-13
CUST02466,Aditya Mehta,Male,75,Retired,478459,Mumbai,2021-06-16
CUST02467,Riya Reddy,Male,57,Engineer,915229,Pune,2024-07-16
CUST02468,Aditya Kumar,Male,41,Doctor,1907954,Kochi,2023-11-23
CUST02469,Sneha Jain,Male,46,Engineer,850231,Surat,2018-04-14
CUST02470,Arjun Reddy,Female,38,Engineer,1254386,Chandigarh,2023-09-28
CUST02471,Raj Sharma,Male,20,Student,121317,Patna,2021-05-06
CUST02472,Ishita Gupta,Female,49,Analyst,510248,Patna,2020-01-27
CUST02473,Ananya Das,Male,28,Business Owner,985080,Patna,2019-01-19
CUST02474,Priya Gupta,Male,33,Engineer,1690724,Bhubaneswar,2025-05-04
CUST02475,Aman Reddy,Male,40,Teacher,595226,Hyderabad,2024-04-05
CUST02476,Vivaan Mehta,Male,47,Teacher,559817,Hyderabad,2020-09-27
CUST02477,Rohit Iyer,Male,25,Student,6993,Bhubaneswar,2018-01-16
CUST02478,Diya Mehta,Female,50,Manager,2303414,Delhi,2025-02-10
CUST02479,Karan Das,Male,18,Student,234901,Ranchi,2020-09-22
CUST02480,Sanya Sharma,Male,43,Engineer,1468900,Vellore,2025-08-13
CUST02481,Sanya Kumar,Female,25,Student,145201,Ranchi,2019-06-09
CUST02482,Rahul Ranjan,Male,49,Business Owner,4271269,Jaipur,2022-08-31
CUST02483,Ananya Mehta,Male,39,Engineer,1768809,Vellore,2022-08-28
CUST02484,Aman Joshi,Female,54,Government,759298,Gurugram,2023-11-19
CUST02485,Diya Jain,Female,56,Analyst,577291,Noida,2018-06-03
CUST02486,Mohit Das,Female,24,Engineer,1336954,Jaipur,2024-08-04
CUST02487,Ishita Kumar,Female,30,Business Owner,2447540,Patna,2020-11-12
CUST02488,Aarav Mishra,Female,56,Analyst,834518,Hyderabad,2023-08-20
CUST02489,Sneha Patel,Female,39,Analyst,533846,Pune,2022-02-01
CUST02490,Neha Nair,Male,22,Student,77836,Noida,2023-11-14
CUST02491,Raj Verma,Female,27,Analyst,1316642,Indore,2022-03-31
CUST02492,Diya Nair,Female,42,Engineer,1389796,Gurugram,2023-02-20
CUST02493,Rohit Iyer,Male,49,Consultant,744873,Delhi,2025-01-23
CUST02494,Arjun Gupta,Male,48,Analyst,1238411,Jaipur,2020-03-01
CUST02495,Mohit Mehta,Male,74,Retired,372716,Lucknow,2018-04-01
CUST02496,Vivaan Nair,Male,37,Analyst,588884,Guwahati,2021-11-04
CUST02497,Riya Verma,Male,39,Teacher,818446,Gurugram,2021-03-12
CUST02498,Aman Kumar,Female,25,Student,199043,Kochi,2018-11-22
CUST02499,Ishita Kumar,Male,52,Doctor,2182361,Ranchi,2022-03-25
CUST02500,Rohit Ranjan,Male,39,Doctor,2030516,Ranchi,2024-05-02
CUST02501,Rahul Gupta,Male,63,Retired,473061,Hyderabad,2023-02-20
CUST02502,Sanya Nair,Female,41,Doctor,2627905,Bengaluru,2018-08-13
CUST02503,Karan Iyer,Male,19,Student,132409,Chandigarh,2025-07-31
CUST02504,Diya Mehta,Male,54,Analyst,1254533,Chennai,2021-08-13
CUST02505,Rahul Joshi,Female,75,Retired,626126,Gurugram,2018-10-14
CUST02506,Karan Gupta,Male,37,Government,717767,Gurugram,2024-11-03
CUST02507,Neha Gupta,Male,55,Teacher,661367,Surat,2019-06-25
CUST02508,Aarav Jain,Male,27,Analyst,1389028,Kochi,2025-07-24
CUST02509,Vivaan Jain,Male,39,Engineer,1273910,Ranchi,2024-09-28
CUST02510,Rahul Ranjan,Female,44,Government,938998,Mumbai,2019-01-17
CUST02511,Ananya Gupta,Female,36,Designer,398229,Nagpur,2023-01-08
CUST02512,Aditya Mehta,Female,73,Retired,521829,Gurugram,2020-10-03
CUST02513,Vivaan Kumar,Female,32,Engineer,1136098,Bhopal,2022-08-12
CUST02514,Raj Patel,Female,43,Manager,2161678,Chandigarh,2020-01-08
CUST02515,Priya Joshi,Female,58,Analyst,1020624,Delhi,2018-06-27
CUST02516,Riya Verma,Male,25,Manager,2490086,Chandigarh,2018-09-01
CUST02517,Sanya Gupta,Female,30,Analyst,729139,Gurugram,2021-06-21
CUST02518,Arjun Das,Female,68,Retired,420939,Ahmedabad,2018-07-15
CUST02519,Mohit Joshi,Male,45,Analyst,1390379,Kolkata,2022-05-10
CUST02520,Sanya Joshi,Male,47,Engineer,1402315,Coimbatore,2020-07-28
CUST02521,Nikhil Patel,Female,22,Student,15458,Guwahati,2020-01-08
CUST02522,Rahul Reddy,Female,57,Consultant,1313229,Raipur,2021-10-30
CUST02523,Neha Sharma,Male,53,Engineer,1038721,Lucknow,2025-06-14
CUST02524,Ananya Jain,Female,26,Engineer,1439676,Coimbatore,2023-05-21
CUST02525,Aditya Jain,Male,33,Engineer,1135613,Kolkata,2019-05-10
CUST02526,Karan Gupta,Female,55,Engineer,751025,Hyderabad,2018-09-29
CUST02527,Aarav Mehta,Male,35,Business Owner,1833956,Chennai,2018-11-05
CUST02528,Ananya Kumar,Male,29,Teacher,659546,Raipur,2024-03-02
CUST02529,Aman Verma,Male,39,Engineer,1434292,Gurugram,2022-04-09
CUST02530,Rahul Singh,Male,53,Designer,341266,Bengaluru,2023-08-26
CUST02531,Sanya Mehta,Female,18,Student,239127,Bhopal,2023-02-05
CUST02532,Aman Iyer,Female,38,Teacher,437154,Vellore,2024-01-21
CUST02533,Diya Mishra,Male,37,Consultant,1254831,Indore,2018-04-17
CUST02534,Ishita Reddy,Male,33,Consultant,1124296,Chandigarh,2022-10-05
CUST02535,Mohit Ranjan,Male,30,Business Owner,1142062,Pune,2020-10-13
CUST02536,Ishita Joshi,Male,24,Business Owner,1363324,Chennai,2018-09-04
CUST02537,Rohit Jain,Male,75,Retired,792096,Gurugram,2025-05-25
CUST02538,Aarav Nair,Male,67,Retired,276222,Chandigarh,2022-06-06
CUST02539,Raj Mehta,Female,50,Teacher,675962,Patna,2021-04-10
CUST02540,Sneha Mehta,Female,52,Teacher,581840,Mumbai,2018-05-20
CUST02541,Riya Mehta,Male,25,Manager,2394185,Ahmedabad,2024-12-18
CUST02542,Diya Joshi,Female,64,Retired,578953,Guwahati,2025-01-20
CUST02543,Vivaan Mehta,Male,22,Student,65905,Ahmedabad,2018-04-20
CUST02544,Rohit Nair,Female,57,Business Owner,2418261,Ranchi,2024-11-26
CUST02545,Sanya Nair,Female,55,Government,806470,Nagpur,2020-09-15
CUST02546,Nikhil Mishra,Female,43,Analyst,646862,Chennai,2019-03-03
CUST02547,Mohit Patel,Male,46,Manager,1193298,Lucknow,2019-06-20
CUST02548,Neha Joshi,Male,49,Manager,2206266,Bhopal,2019-06-13
CUST02549,Sanya Gupta,Female,31,Teacher,833786,Jaipur,2020-12-03
CUST02550,Rohit Gupta,Male,25,Doctor,2294712,Nagpur,2020-07-14
CUST02551,Ananya Patel,Male,53,Analyst,1019466,Patna,2021-03-21
CUST02552,Karan Verma,Female,24,Business Owner,3293895,Vellore,2019-02-09
CUST02553,Ananya Gupta,Male,30,Analyst,733190,Kochi,2025-07-24
CUST02554,Nikhil Verma,Female,32,Engineer,1627264,Kochi,2021-02-28
CUST02555,Neha Iyer,Female,57,Business Owner,2097326,Surat,2018-05-15
CUST02556,Priya Iyer,Female,50,Manager,2064123,Coimbatore,2021-08-04
CUST02557,Aarav Patel,Male,24,Engineer,617090,Lucknow,2023-02-12
CUST02558,Nikhil Joshi,Male,34,Engineer,707198,Patna,2019-11-13
CUST02559,Aarav Mishra,Male,49,Government,988572,Pune,2023-02-04
CUST02560,Nikhil Reddy,Female,33,Engineer,1457524,Raipur,2025-03-26
CUST02561,Reyansh Jain,Male,23,Student,27795,Nagpur,2020-12-11
CUST02562,Aditya Gupta,Male,29,Analyst,836781,Gurugram,2025-08-02
CUST02563,Aditya Reddy,Male,24,Student,82222,Guwahati,2024-04-22
CUST02564,Karan Singh,Female,65,Retired,382777,Guwahati,2021-11-20
CUST02565,Raj Reddy,Female,35,Business Owner,3682089,Raipur,2023-01-03
CUST02566,Arjun Singh,Male,46,Manager,1789921,Delhi,2022-04-07
CUST02567,Ishita Joshi,Female,20,Student,253491,Coimbatore,2022-10-07
CUST02568,Raj Patel,Female,55,Analyst,1058532,Bengaluru,2019-06-25
CUST02569,Vivaan Mehta,Male,27,Business Owner,4560468,Bhopal,2019-10-05
CUST02570,Riya Patel,Male,53,Engineer,1050465,Pune,2021-09-21
CUST02571,Ishita Mishra,Female,58,Teacher,875298,Bhubaneswar,2019-04-02
CUST02572,Riya Singh,Female,45,Engineer,1147762,Ahmedabad,2025-02-15
CUST02573,Raj Nair,Male,69,Retired,422306,Nagpur,2022-10-17
CUST02574,Neha Das,Female,57,Government,1086770,Guwahati,2019-11-01
CUST02575,Sneha Nair,Female,39,Analyst,580275,Mumbai,2021-04-21
CUST02576,Diya Kumar,Female,57,Teacher,785815,Pune,2023-05-20
CUST02577,Ishita Kumar,Male,29,Manager,1703417,Gurugram,2024-12-07
CUST02578,Neha Joshi,Female,52,Analyst,1171291,Lucknow,2021-05-10
CUST02579,Aditya Kumar,Male,47,Engineer,1526574,Bengaluru,2023-07-25
CUST02580,Raj Singh,Female,21,Student,126756,Bhubaneswar,2023-10-16
CUST02581,Ishita Das,Male,69,Retired,307672,Bengaluru,2023-10-08
CUST02582,Sneha Kumar,Female,33,Engineer,808947,Lucknow,2021-01-26
CUST02583,Nikhil Reddy,Female,35,Engineer,1036333,Pune,2018-06-04
CUST02584,Vivaan Gupta,Female,19,Student,141025,Mumbai,2024-01-05
CUST02585,Vivaan Reddy,Female,39,Engineer,1202521,Noida,2018-11-11
CUST02586,Aman Sharma,Female,60,Retired,731188,Kochi,2022-09-12
CUST02587,Raj Das,Female,45,Designer,883578,Patna,2021-05-01
CUST02588,Sneha Sharma,Female,46,Designer,431883,Bhubaneswar,2018-02-11
CUST02589,Sneha Patel,Female,23,Student,238540,Jaipur,2024-08-16
CUST02590,Nikhil Verma,Male,36,Consultant,828468,Kolkata,2022-10-26
CUST02591,Arjun Singh,Male,48,Doctor,1229395,Ranchi,2020-06-04
CUST02592,Priya Sharma,Male,24,Analyst,845909,Mumbai,2020-08-05
CUST02593,Vivaan Mehta,Female,25,Engineer,999887,Indore,2024-05-12
CUST02594,Karan Joshi,Female,38,Manager,1761603,Kochi,2022-03-20
CUST02595,Diya Sharma,Female,47,Engineer,1388453,Jaipur,2020-10-04
CUST02596,Mohit Das,Male,36,Teacher,422205,Ahmedabad,2021-04-08
CUST02597,Mohit Das,Male,53,Designer,592933,Delhi,2019-11-10
CUST02598,Sneha Singh,Female,66,Retired,229305,Mumbai,2025-08-23
CUST02599,Riya Ranjan,Female,30,Designer,462367,Chennai,2025-07-29
CUST02600,Neha Iyer,Male,46,Business Owner,2286886,Chennai,2020-04-28
CUST02601,Rohit Joshi,Male,25,Business Owner,2947871,Indore,2021-11-15
CUST02602,Sneha Mehta,Female,24,Engineer,1610940,Kolkata,2021-03-13
CUST02603,Reyansh Mehta,Male,30,Manager,1661387,Chandigarh,2023-02-20
CUST02604,Ishita Verma,Male,32,Engineer,1154029,Bhopal,2022-09-28
CUST02605,Mohit Mishra,Female,40,Teacher,387122,Bhopal,2021-08-23
CUST02606,Raj Nair,Male,51,Engineer,1167603,Vellore,2021-11-15
CUST02607,Aditya Joshi,Male,31,Government,1172964,Coimbatore,2019-11-01
CUST02608,Ishita Singh,Female,52,Engineer,1518610,Noida,2025-01-13
CUST02609,Riya Ranjan,Female,57,Engineer,683452,Ahmedabad,2019-06-12
CUST02610,Ishita Jain,Male,25,Engineer,1186081,Kochi,2018-05-07
CUST02611,Aditya Sharma,Female,50,Analyst,777767,Jaipur,2022-02-26
CUST02612,Ananya Iyer,Male,44,Engineer,1411676,Chennai,2021-11-16
CUST02613,Sneha Verma,Male,18,Student,139374,Hyderabad,2021-10-03
CUST02614,Neha Sharma,Female,54,Engineer,1136985,Kochi,2023-08-06
CUST02615,Vivaan Iyer,Female,66,Retired,537544,Mumbai,2021-08-07
CUST02616,Aarav Jain,Male,57,Manager,1566057,Raipur,2018-11-01
CUST02617,Rohit Iyer,Female,61,Retired,393705,Ranchi,2021-06-06
CUST02618,Aman Kumar,Female,46,Engineer,1002062,Raipur,2025-01-05
CUST02619,Raj Sharma,Female,28,Consultant,2165571,Guwahati,2023-07-12
CUST02620,Rohit Das,Male,53,Business Owner,4837003,Kolkata,2025-02-05
CUST02621,Aditya Mishra,Female,30,Engineer,1552956,Noida,2025-03-18
CUST02622,Aarav Iyer,Female,44,Engineer,894490,Mumbai,2018-01-07
CUST02623,Vivaan Ranjan,Female,18,Student,205038,Bhopal,2022-07-15
CUST02624,Raj Sharma,Female,60,Retired,775037,Nagpur,2025-01-07
CUST02625,Karan Verma,Female,46,Engineer,1504040,Guwahati,2018-07-17
CUST02626,Aman Iyer,Female,52,Engineer,793383,Noida,2024-11-03
CUST02627,Vivaan Gupta,Male,19,Student,146319,Chennai,2023-07-16
CUST02628,Sanya Ranjan,Male,45,Analyst,1175937,Delhi,2020-03-21
CUST02629,Priya Gupta,Female,42,Engineer,1500406,Ranchi,2021-03-11
CUST02630,Sanya Verma,Male,24,Analyst,679076,Pune,2019-04-19
CUST02631,Rohit Iyer,Female,20,Student,79810,Chennai,2019-04-12
CUST02632,Karan Mehta,Male,49,Teacher,652964,Gurugram,2019-05-28
CUST02633,Mohit Iyer,Female,32,Engineer,819477,Indore,2022-08-16
CUST02634,Ananya Patel,Male,57,Manager,2210219,Noida,2024-10-20
CUST02635,Rahul Jain,Male,58,Business Owner,1406812,Hyderabad,2022-03-28
CUST02636,Rohit Joshi,Male,56,Analyst,855939,Vellore,2025-05-02
CUST02637,Neha Verma,Male,34,Engineer,948001,Surat,2019-04-02
CUST02638,Rohit Mehta,Male,24,Designer,951881,Vellore,2021-06-25
CUST02639,Neha Sharma,Male,32,Manager,2373136,Coimbatore,2024-06-10
CUST02640,Neha Kumar,Male,48,Teacher,760310,Patna,2024-03-26
CUST02641,Rohit Ranjan,Male,36,Government,1139733,Indore,2018-11-07
CUST02642,Aman Iyer,Male,41,Engineer,747722,Noida,2021-05-31
CUST02643,Vivaan Mehta,Male,46,Business Owner,2565404,Nagpur,2022-12-21
CUST02644,Vivaan Mehta,Male,45,Doctor,2245743,Bhubaneswar,2022-05-27
CUST02645,Diya Patel,Female,41,Engineer,1131007,Chandigarh,2022-08-30
CUST02646,Aman Kumar,Male,40,Engineer,1473622,Indore,2022-05-04
CUST02647,Neha Ranjan,Male,24,Student,258264,Hyderabad,2025-08-04
CUST02648,Priya Gupta,Female,52,Government,673371,Delhi,2019-05-13
CUST02649,Sneha Nair,Female,41,Teacher,802503,Jaipur,2022-05-11
CUST02650,Neha Kumar,Female,40,Doctor,2179057,Mumbai,2025-05-13
CUST02651,Diya Mehta,Male,27,Analyst,535259,Jaipur,2018-10-06
CUST02652,Riya Reddy,Male,34,Manager,2032826,Patna,2021-01-16
CUST02653,Diya Jain,Female,67,Retired,363407,Nagpur,2024-01-03
CUST02654,Rahul Verma,Male,26,Engineer,1546610,Vellore,2021-12-08
CUST02655,Aditya Kumar,Female,58,Business Owner,4086121,Chandigarh,2020-03-19
CUST02656,Rohit Joshi,Female,21,Student,208562,Hyderabad,2023-05-19
CUST02657,Rahul Sharma,Female,35,Engineer,1574006,Gurugram,2019-02-24
CUST02658,Reyansh Das,Male,57,Consultant,2150927,Gurugram,2018-04-17
CUST02659,Rohit Singh,Male,52,Engineer,1126667,Guwahati,2018-09-29
CUST02660,Arjun Kumar,Male,52,Engineer,604038,Patna,2022-05-22
CUST02661,Vivaan Verma,Male,21,Student,155182,Jaipur,2021-10-13
CUST02662,Riya Ranjan,Male,28,Manager,988663,Jaipur,2022-02-23
CUST02663,Priya Ranjan,Female,41,Engineer,1291538,Patna,2020-08-21
CUST02664,Reyansh Mehta,Male,43,Analyst,531832,Lucknow,2022-03-25
CUST02665,Neha Sharma,Female,42,Designer,575402,Indore,2024-10-02
CUST02666,Raj Das,Male,37,Business Owner,1491879,Bhopal,2019-03-06
CUST02667,Ishita Joshi,Male,43,Government,436109,Noida,2018-01-26
CUST02668,Aman Gupta,Male,57,Manager,1475054,Delhi,2020-01-31
CUST02669,Diya Reddy,Male,46,Manager,2490852,Kochi,2024-10-02
CUST02670,Aarav Jain,Male,22,Student,218259,Hyderabad,2018-11-02
CUST02671,Riya Mehta,Male,29,Consultant,1312346,Lucknow,2025-05-07
CUST02672,Riya Kumar,Male,32,Government,751030,Surat,2021-11-09
CUST02673,Nikhil Joshi,Male,43,Manager,2056302,Lucknow,2019-10-30
CUST02674,Nikhil Verma,Female,23,Student,52293,Indore,2022-06-28
CUST02675,Reyansh Das,Male,33,Doctor,2293637,Kolkata,2018-05-14
CUST02676,Raj Reddy,Male,58,Manager,1302083,Bhubaneswar,2019-09-21
CUST02677,Ananya Sharma,Female,57,Teacher,895785,Bengaluru,2025-05-02
CUST02678,Rohit Mishra,Female,27,Government,402469,Kochi,2021-05-31
CUST02679,Reyansh Patel,Female,40,Analyst,508800,Raipur,2022-11-02
CUST02680,Arjun Nair,Female,19,Student,233543,Hyderabad,2019-03-25
CUST02681,Arjun Ranjan,Female,34,Engineer,679238,Kochi,2024-04-27
CUST02682,Neha Patel,Female,28,Business Owner,2539209,Jaipur,2025-04-18
CUST02683,Rohit Sharma,Female,36,Government,812175,Chandigarh,2020-12-16
CUST02684,Rohit Mehta,Male,36,Analyst,1316526,Bhopal,2022-11-21
CUST02685,Riya Das,Male,20,Student,257863,Patna,2021-12-03
CUST02686,Priya Mehta,Female,45,Doctor,2208563,Raipur,2019-07-30
CUST02687,Diya Verma,Female,43,Engineer,1154673,Coimbatore,2019-12-07
CUST02688,Sneha Singh,Female,19,Student,76341,Gurugram,2020-07-19
CUST02689,Mohit Verma,Female,28,Engineer,632847,Bengaluru,2020-10-14
CUST02690,Rahul Ranjan,Female,45,Analyst,1001662,Chandigarh,2024-11-14
CUST02691,Ishita Das,Female,46,Manager,1033459,Ranchi,2023-01-25
CUST02692,Neha Sharma,Female,37,Manager,1828813,Mumbai,2025-02-13
CUST02693,Reyansh Kumar,Male,33,Engineer,617227,Mumbai,2021-06-01
CUST02694,Diya Iyer,Female,51,Engineer,1589162,Ahmedabad,2018-10-06
CUST02695,Sneha Gupta,Male,32,Engineer,725889,Kochi,2020-05-11
CUST02696,Aman Patel,Male,56,Government,884113,Gurugram,2023-10-28
CUST02697,Rohit Das,Female,28,Engineer,1708591,Bhopal,2019-11-28
CUST02698,Rohit Verma,Female,21,Student,212868,Surat,2018-10-05
CUST02699,Priya Joshi,Male,38,Engineer,1534072,Bhubaneswar,2025-03-15
CUST02700,Neha Mehta,Female,50,Analyst,1396492,Nagpur,2024-09-12
CUST02701,Aditya Nair,Male,27,Analyst,1173118,Chandigarh,2019-03-02
CUST02702,Sneha Nair,Male,54,Government,1056782,Vellore,2020-11-24
CUST02703,Reyansh Reddy,Female,44,Teacher,686296,Bengaluru,2020-06-03
CUST02704,Rahul Singh,Female,20,Student,96907,Chandigarh,2021-10-26
CUST02705,Nikhil Kumar,Male,56,Manager,1386272,Mumbai,2019-04-26
CUST02706,Arjun Mehta,Female,35,Analyst,1268049,Raipur,2024-01-25
CUST02707,Sanya Das,Female,23,Student,208100,Bhubaneswar,2023-07-07
CUST02708,Aman Das,Male,50,Manager,1151279,Gurugram,2024-06-19
CUST02709,Raj Verma,Male,38,Engineer,1167512,Lucknow,2023-02-09
CUST02710,Aditya Nair,Female,40,Engineer,1662546,Chandigarh,2025-03-11
CUST02711,Raj Iyer,Male,56,Analyst,623820,Kolkata,2022-01-31
CUST02712,Sanya Mehta,Female,45,Engineer,1165726,Mumbai,2024-02-27
CUST02713,Raj Mehta,Female,34,Teacher,676099,Surat,2018-08-17
CUST02714,Ananya Gupta,Male,28,Engineer,672966,Coimbatore,2024-08-01
CUST02715,Mohit Kumar,Female,55,Engineer,669458,Raipur,2020-02-05
CUST02716,Mohit Mishra,Male,22,Student,5038,Vellore,2025-07-20
CUST02717,Sneha Das,Female,28,Business Owner,2207480,Gurugram,2019-07-26
CUST02718,Aman Singh,Male,39,Engineer,1139486,Vellore,2025-07-06
CUST02719,Aman Iyer,Male,51,Consultant,799931,Surat,2022-05-27
CUST02720,Aarav Sharma,Male,50,Engineer,1451050,Nagpur,2019-08-10
CUST02721,Ananya Singh,Male,66,Retired,291221,Kolkata,2020-06-03
CUST02722,Aman Mishra,Female,20,Student,91972,Kolkata,2019-05-31
CUST02723,Diya Iyer,Male,21,Student,112337,Guwahati,2025-01-27
CUST02724,Reyansh Gupta,Female,56,Teacher,567952,Bhopal,2021-09-10
CUST02725,Priya Singh,Female,32,Engineer,1624513,Coimbatore,2018-07-25
CUST02726,Mohit Reddy,Female,52,Engineer,1358102,Vellore,2024-08-25
CUST02727,Ishita Jain,Female,51,Government,1002891,Delhi,2018-09-27
CUST02728,Riya Mishra,Male,32,Engineer,1551004,Bhopal,2022-08-10
CUST02729,Sneha Sharma,Male,48,Doctor,2412744,Pune,2019-07-19
CUST02730,Karan Singh,Female,30,Teacher,614179,Pune,2020-03-20
CUST02731,Raj Iyer,Male,41,Business Owner,2259692,Kochi,2025-06-29
CUST02732,Sanya Kumar,Female,40,Government,585238,Raipur,2018-03-02
CUST02733,Raj Mehta,Female,54,Manager,2443602,Bhubaneswar,2020-07-11
CUST02734,Priya Jain,Male,48,Manager,1835832,Hyderabad,2021-08-18
CUST02735,Rahul Verma,Female,33,Engineer,1434791,Jaipur,2024-06-04
CUST02736,Arjun Kumar,Male,73,Retired,555165,Bhopal,2023-10-20
CUST02737,Rahul Mehta,Male,53,Engineer,1409563,Lucknow,2023-06-06
CUST02738,Aditya Singh,Male,54,Analyst,1022354,Vellore,2023-02-01
CUST02739,Mohit Das,Male,48,Designer,881552,Bhubaneswar,2018-09-24
CUST02740,Riya Patel,Male,52,Manager,1930538,Guwahati,2019-05-10
CUST02741,Priya Das,Female,60,Retired,251236,Chandigarh,2019-05-30
CUST02742,Sneha Kumar,Female,52,Doctor,2134268,Gurugram,2025-08-05
CUST02743,Rohit Kumar,Female,34,Engineer,1696496,Raipur,2020-04-10
CUST02744,Priya Nair,Female,53,Business Owner,4993408,Noida,2020-03-14
CUST02745,Raj Das,Female,28,Teacher,709129,Lucknow,2022-02-21
CUST02746,Arjun Nair,Male,40,Doctor,1156435,Bengaluru,2024-11-29
CUST02747,Reyansh Gupta,Male,31,Government,820877,Jaipur,2024-03-03
CUST02748,Sneha Jain,Male,25,Business Owner,4602734,Noida,2018-07-24
CUST02749,Aman Singh,Male,44,Designer,596689,Chandigarh,2021-02-22
CUST02750,Raj Das,Male,31,Engineer,1646530,Lucknow,2018-01-18
CUST02751,Reyansh Kumar,Female,28,Analyst,962637,Mumbai,2023-08-27
CUST02752,Raj Kumar,Male,55,Manager,1690088,Pune,2025-02-12
CUST02753,Aditya Kumar,Male,45,Business Owner,3140716,Patna,2019-04-27
CUST02754,Raj Gupta,Male,40,Designer,955630,Lucknow,2025-01-26
CUST02755,Mohit Kumar,Male,63,Retired,796615,Bengaluru,2023-12-04
CUST02756,Rahul Das,Female,25,Doctor,1887916,Gurugram,2020-09-09
CUST02757,Mohit Gupta,Male,28,Doctor,2793129,Noida,2025-06-10
CUST02758,Raj Das,Female,22,Student,118215,Mumbai,2023-05-18
CUST02759,Sneha Patel,Male,45,Business Owner,4733493,Coimbatore,2021-04-25
CUST02760,Aarav Verma,Male,48,Analyst,1145644,Patna,2025-08-17
CUST02761,Riya Verma,Female,69,Retired,259708,Kochi,2018-02-27
CUST02762,Nikhil Verma,Male,52,Manager,1622250,Pune,2020-05-05
CUST02763,Neha Patel,Male,27,Engineer,1620862,Mumbai,2019-09-30
CUST02764,Karan Mishra,Male,55,Engineer,1043662,Lucknow,2019-04-29
CUST02765,Riya Ranjan,Male,30,Business Owner,3616048,Mumbai,2018-09-19
CUST02766,Sanya Jain,Male,61,Retired,673801,Ranchi,2021-11-29
CUST02767,Arjun Iyer,Female,43,Government,1158029,Lucknow,2022-02-05
CUST02768,Aarav Gupta,Male,45,Teacher,494020,Bengaluru,2022-10-06
CUST02769,Rohit Joshi,Male,26,Teacher,357054,Surat,2023-08-29
CUST02770,Mohit Reddy,Male,50,Engineer,1574517,Noida,2024-04-17
CUST02771,Nikhil Mishra,Female,48,Engineer,1633076,Chennai,2025-01-24
CUST02772,Nikhil Das,Male,19,Student,144597,Hyderabad,2022-11-10
CUST02773,Sanya Verma,Female,33,Teacher,486052,Ranchi,2025-06-26
CUST02774,Vivaan Patel,Male,28,Manager,1340297,Jaipur,2021-02-28
CUST02775,Ishita Patel,Female,72,Retired,474438,Bhopal,2019-11-20
CUST02776,Rahul Iyer,Female,25,Engineer,1217418,Hyderabad,2019-12-14
CUST02777,Rahul Mishra,Female,23,Student,175423,Delhi,2025-05-16
CUST02778,Riya Das,Female,62,Retired,528380,Chennai,2024-01-14
CUST02779,Rohit Mehta,Male,32,Business Owner,3842275,Mumbai,2023-07-31
CUST02780,Neha Reddy,Female,38,Engineer,761391,Lucknow,2020-04-21
CUST02781,Priya Joshi,Female,22,Student,221837,Indore,2023-12-06
CUST02782,Priya Singh,Female,29,Government,611850,Kolkata,2018-11-30
CUST02783,Rohit Joshi,Male,30,Government,908887,Nagpur,2020-02-26
CUST02784,Arjun Das,Female,61,Retired,533507,Bhopal,2023-10-11
CUST02785,Mohit Iyer,Female,40,Government,1019922,Vellore,2019-11-04
CUST02786,Ananya Sharma,Male,19,Student,65222,Coimbatore,2018-08-31
CUST02787,Mohit Reddy,Male,45,Manager,1628600,Delhi,2018-07-12
CUST02788,Vivaan Ranjan,Male,55,Analyst,885894,Hyderabad,2018-06-28
CUST02789,Nikhil Singh,Male,41,Engineer,1558527,Bhubaneswar,2020-10-01
CUST02790,Rohit Das,Female,19,Student,142010,Raipur,2021-12-29
CUST02791,Rahul Mishra,Female,33,Analyst,988840,Surat,2022-08-15
CUST02792,Rohit Verma,Female,48,Analyst,797273,Ahmedabad,2021-07-27
CUST02793,Reyansh Verma,Male,24,Student,166724,Mumbai,2024-09-07
CUST02794,Riya Gupta,Male,24,Student,136646,Kochi,2019-10-31
CUST02795,Reyansh Sharma,Female,37,Engineer,1041584,Surat,2021-05-03
CUST02796,Aman Nair,Male,54,Analyst,1397474,Hyderabad,2020-07-15
CUST02797,Riya Jain,Male,57,Engineer,1564773,Noida,2018-09-07
CUST02798,Karan Gupta,Male,30,Business Owner,4868435,Patna,2020-04-01
CUST02799,Ananya Sharma,Male,36,Government,866418,Bhopal,2020-01-29
CUST02800,Aarav Mehta,Female,25,Engineer,1563739,Jaipur,2019-12-01
CUST02801,Ishita Mishra,Male,21,Student,62301,Jaipur,2024-05-19
CUST02802,Riya Singh,Male,34,Consultant,1505098,Bhubaneswar,2018-12-16
CUST02803,Ananya Gupta,Male,56,Government,450663,Hyderabad,2019-08-13
CUST02804,Raj Ranjan,Female,32,Doctor,1477202,Chandigarh,2024-01-11
CUST02805,Priya Mishra,Male,54,Doctor,2791751,Noida,2019-12-24
CUST02806,Vivaan Joshi,Male,36,Engineer,1006206,Kochi,2018-12-21
CUST02807,Mohit Mishra,Male,52,Engineer,1361116,Bengaluru,2024-06-16
CUST02808,Raj Ranjan,Female,24,Student,259161,Mumbai,2020-07-11
CUST02809,Sneha Verma,Female,65,Retired,705242,Noida,2021-05-30
CUST02810,Ananya Singh,Female,46,Doctor,1499019,Nagpur,2021-03-29
CUST02811,Priya Verma,Male,41,Doctor,2570002,Guwahati,2022-10-20
CUST02812,Aditya Patel,Male,39,Engineer,1377039,Bengaluru,2025-08-03
CUST02813,Karan Gupta,Female,25,Student,218047,Raipur,2020-12-12
CUST02814,Mohit Reddy,Female,54,Analyst,866415,Nagpur,2021-08-30
CUST02815,Neha Iyer,Male,27,Business Owner,4736670,Gurugram,2024-02-04
CUST02816,Diya Das,Male,71,Retired,790017,Gurugram,2023-03-17
CUST02817,Rahul Sharma,Female,25,Engineer,908061,Delhi,2020-04-15
CUST02818,Nikhil Mishra,Female,28,Engineer,642220,Mumbai,2018-10-18
CUST02819,Aditya Nair,Male,44,Engineer,629798,Bhopal,2020-02-16
CUST02820,Aman Kumar,Male,53,Manager,2139541,Bengaluru,2022-09-01
CUST02821,Aman Gupta,Male,34,Designer,938853,Ranchi,2018-01-07
CUST02822,Aarav Iyer,Female,56,Manager,2459587,Guwahati,2020-09-25
CUST02823,Raj Mishra,Male,25,Engineer,612941,Chandigarh,2021-07-29
CUST02824,Diya Iyer,Female,28,Consultant,710886,Kochi,2018-09-23
CUST02825,Sneha Gupta,Male,43,Consultant,1018366,Bengaluru,2024-08-13
CUST02826,Neha Patel,Male,51,Business Owner,4765807,Delhi,2019-10-06
CUST02827,Mohit Gupta,Male,20,Student,74408,Indore,2020-10-28
CUST02828,Arjun Mishra,Male,39,Manager,2219857,Nagpur,2019-09-22
CUST02829,Mohit Singh,Female,37,Engineer,630086,Chennai,2024-03-21
CUST02830,Nikhil Ranjan,Male,26,Business Owner,3943817,Chennai,2025-02-04
CUST02831,Rohit Mishra,Female,69,Retired,536305,Mumbai,2021-06-01
CUST02832,Mohit Iyer,Female,39,Teacher,838206,Lucknow,2020-05-30
CUST02833,Neha Mehta,Female,48,Government,703711,Coimbatore,2025-04-06
CUST02834,Mohit Kumar,Male,33,Engineer,1229673,Bengaluru,2020-10-16
CUST02835,Aman Mehta,Female,37,Designer,735571,Jaipur,2021-05-27
CUST02836,Riya Mehta,Female,38,Government,815990,Guwahati,2023-05-28
CUST02837,Mohit Iyer,Male,31,Engineer,1346870,Chennai,2019-04-09
CUST02838,Arjun Mishra,Female,26,Business Owner,3755887,Noida,2018-09-21
CUST02839,Sneha Patel,Female,25,Analyst,731693,Bengaluru,2024-05-06
CUST02840,Aditya Gupta,Male,24,Engineer,963087,Jaipur,2018-11-21
CUST02841,Aarav Reddy,Female,56,Engineer,764401,Raipur,2025-07-08
CUST02842,Diya Mishra,Female,36,Manager,1942750,Surat,2021-06-26
CUST02843,Ishita Patel,Female,40,Teacher,490071,Bengaluru,2024-04-28
CUST02844,Arjun Gupta,Female,65,Retired,209881,Patna,2019-05-01
CUST02845,Sneha Ranjan,Male,57,Manager,2412674,Kochi,2022-11-01
CUST02846,Riya Ranjan,Male,45,Engineer,617602,Guwahati,2023-02-05
CUST02847,Rahul Patel,Male,35,Analyst,826584,Kolkata,2023-07-03
CUST02848,Ishita Kumar,Female,50,Analyst,1372737,Ahmedabad,2024-02-22
CUST02849,Mohit Joshi,Female,44,Engineer,1330941,Kolkata,2020-05-22
CUST02850,Aman Iyer,Female,36,Doctor,1546792,Guwahati,2019-09-20
CUST02851,Diya Das,Male,30,Manager,998858,Bhopal,2025-03-13
CUST02852,Aditya Verma,Female,72,Retired,304175,Coimbatore,2022-04-12
CUST02853,Priya Reddy,Female,25,Analyst,1284877,Vellore,2020-10-20
CUST02854,Priya Reddy,Female,23,Student,90030,Mumbai,2018-11-18
CUST02855,Aman Jain,Female,41,Manager,2254197,Nagpur,2019-05-12
CUST02856,Raj Sharma,Female,30,Government,632459,Nagpur,2023-02-14
CUST02857,Nikhil Mehta,Female,27,Teacher,750337,Raipur,2018-03-20
CUST02858,Ananya Mishra,Male,29,Government,804217,Bhubaneswar,2025-04-10
CUST02859,Aarav Sharma,Male,20,Student,136312,Indore,2024-03-11
CUST02860,Rohit Das,Male,30,Manager,2390916,Bhopal,2024-04-08
CUST02861,Rohit Sharma,Female,64,Retired,307527,Kochi,2022-12-06
CUST02862,Arjun Jain,Female,50,Consultant,1989062,Bhopal,2022-11-23
CUST02863,Aman Mehta,Female,55,Designer,641999,Delhi,2020-01-17
CUST02864,Raj Das,Male,51,Teacher,794448,Noida,2023-02-10
CUST02865,Raj Gupta,Female,58,Doctor,1290077,Mumbai,2018-02-20
CUST02866,Reyansh Verma,Female,44,Doctor,2140563,Indore,2020-06-10
CUST02867,Neha Verma,Male,63,Retired,268287,Guwahati,2021-06-25
CUST02868,Aman Jain,Female,58,Analyst,1226987,Vellore,2018-11-17
CUST02869,Karan Mishra,Female,20,Student,271913,Ahmedabad,2022-02-10
CUST02870,Ishita Mishra,Male,55,Manager,1688228,Lucknow,2018-05-18
CUST02871,Neha Joshi,Male,54,Government,688738,Raipur,2023-05-10
CUST02872,Rohit Jain,Female,32,Manager,1733369,Raipur,2023-04-30
CUST02873,Nikhil Nair,Male,57,Designer,672788,Bhubaneswar,2019-02-10
CUST02874,Arjun Sharma,Male,42,Government,1069638,Jaipur,2019-06-29
CUST02875,Vivaan Mehta,Male,57,Business Owner,1925580,Vellore,2018-07-23
CUST02876,Nikhil Gupta,Female,30,Government,626494,Delhi,2023-05-06
CUST02877,Sanya Nair,Female,25,Engineer,1167224,Lucknow,2018-10-14
CUST02878,Priya Mishra,Male,55,Manager,1529190,Coimbatore,2021-11-11
CUST02879,Aarav Mishra,Male,47,Engineer,739223,Raipur,2021-02-19
CUST02880,Reyansh Gupta,Male,61,Retired,513461,Kochi,2021-04-12
CUST02881,Vivaan Mishra,Male,34,Doctor,2867344,Nagpur,2023-07-21
CUST02882,Aditya Kumar,Male,29,Business Owner,865974,Coimbatore,2021-01-26
CUST02883,Vivaan Ranjan,Female,29,Engineer,1268963,Bhopal,2023-12-17
CUST02884,Raj Mishra,Male,37,Doctor,2781380,Indore,2023-07-11
CUST02885,Neha Singh,Female,55,Manager,2110939,Gurugram,2023-09-03
CUST02886,Sanya Ranjan,Female,60,Retired,291938,Jaipur,2024-09-27
CUST02887,Aman Patel,Female,35,Business Owner,2099765,Nagpur,2023-07-05
CUST02888,Arjun Kumar,Male,54,Teacher,788881,Patna,2019-09-07
CUST02889,Nikhil Gupta,Female,25,Teacher,670768,Mumbai,2022-02-23
CUST02890,Karan Sharma,Male,30,Analyst,658011,Raipur,2024-03-25
CUST02891,Nikhil Kumar,Female,28,Designer,959513,Coimbatore,2024-11-14
CUST02892,Nikhil Reddy,Male,39,Analyst,1259637,Kolkata,2021-11-16
CUST02893,Diya Mishra,Male,51,Engineer,814950,Bhubaneswar,2023-05-20
CUST02894,Ishita Singh,Female,71,Retired,418745,Patna,2018-08-24
CUST02895,Karan Nair,Male,50,Teacher,773791,Patna,2024-09-30
CUST02896,Vivaan Mehta,Female,46,Engineer,1155262,Kolkata,2019-10-09
CUST02897,Ananya Reddy,Male,39,Engineer,917562,Surat,2024-11-20
CUST02898,Raj Das,Female,37,Consultant,1082703,Patna,2023-05-03
CUST02899,Karan Ranjan,Male,26,Engineer,1575332,Vellore,2021-01-01
CUST02900,Riya Gupta,Male,44,Designer,936862,Nagpur,2021-03-21
CUST02901,Ishita Mishra,Female,24,Student,52602,Delhi,2025-07-27
CUST02902,Karan Reddy,Female,39,Manager,1184816,Hyderabad,2022-11-25
CUST02903,Aman Patel,Male,30,Analyst,751993,Indore,2018-08-12
CUST02904,Neha Singh,Male,47,Teacher,620912,Chennai,2020-01-14
CUST02905,Vivaan Kumar,Male,29,Engineer,1799173,Coimbatore,2021-07-21
CUST02906,Reyansh Iyer,Female,24,Analyst,1126772,Lucknow,2021-04-08
CUST02907,Sanya Nair,Female,53,Manager,2012260,Bengaluru,2019-07-07
CUST02908,Vivaan Iyer,Male,35,Analyst,559147,Bhubaneswar,2019-03-14
CUST02909,Diya Mishra,Male,40,Engineer,1342151,Ranchi,2024-02-05
CUST02910,Vivaan Patel,Female,28,Teacher,885138,Lucknow,2022-04-08
CUST02911,Vivaan Ranjan,Female,18,Student,3554,Coimbatore,2025-01-17
CUST02912,Aman Iyer,Male,47,Consultant,2160107,Noida,2023-05-05
CUST02913,Aditya Joshi,Female,43,Manager,2088981,Ranchi,2018-03-16
CUST02914,Nikhil Sharma,Male,51,Engineer,1642473,Ranchi,2022-11-25
CUST02915,Ananya Patel,Male,55,Teacher,357797,Nagpur,2020-10-20
CUST02916,Karan Patel,Female,43,Business Owner,2215589,Kolkata,2024-03-12
CUST02917,Riya Mishra,Male,26,Teacher,575674,Gurugram,2019-01-15
CUST02918,Rohit Iyer,Male,23,Student,55855,Delhi,2021-11-24
CUST02919,Riya Ranjan,Male,41,Manager,1131780,Bhopal,2022-06-09
CUST02920,Diya Das,Male,44,Doctor,2573715,Gurugram,2019-11-22
CUST02921,Diya Mehta,Male,22,Student,294149,Bhopal,2023-11-27
CUST02922,Raj Kumar,Male,34,Teacher,701431,Nagpur,2025-05-20
CUST02923,Raj Gupta,Female,36,Engineer,1503816,Noida,2023-02-12
CUST02924,Rohit Iyer,Female,35,Designer,478425,Ranchi,2025-06-22
CUST02925,Rahul Kumar,Female,66,Retired,228951,Bhubaneswar,2019-09-13
CUST02926,Reyansh Patel,Male,46,Analyst,960627,Ranchi,2018-12-20
CUST02927,Ishita Iyer,Female,45,Engineer,763426,Bhubaneswar,2018-01-25
CUST02928,Mohit Sharma,Male,74,Retired,566525,Hyderabad,2022-01-12
CUST02929,Aarav Joshi,Male,30,Analyst,580314,Gurugram,2020-04-05
CUST02930,Ishita Das,Female,24,Engineer,1621235,Surat,2019-02-09
CUST02931,Karan Joshi,Male,58,Analyst,1009960,Surat,2023-10-21
CUST02932,Rahul Jain,Male,48,Business Owner,4629225,Bengaluru,2021-06-30
CUST02933,Rohit Verma,Female,45,Government,774989,Raipur,2020-08-03
CUST02934,Vivaan Gupta,Male,48,Engineer,890894,Pune,2019-08-22
CUST02935,Ananya Das,Male,27,Teacher,497687,Nagpur,2018-08-03
CUST02936,Sneha Mishra,Male,36,Teacher,805442,Vellore,2018-04-15
CUST02937,Aditya Das,Male,53,Analyst,1234692,Guwahati,2020-03-30
CUST02938,Mohit Kumar,Female,34,Teacher,394195,Lucknow,2020-04-14
CUST02939,Neha Singh,Female,43,Consultant,2044207,Noida,2024-12-25
CUST02940,Riya Reddy,Female,44,Doctor,2297246,Chandigarh,2018-08-27
CUST02941,Aditya Gupta,Female,34,Engineer,749708,Pune,2023-09-26
CUST02942,Reyansh Patel,Female,45,Consultant,1878447,Pune,2020-05-31
CUST02943,Aarav Reddy,Female,39,Analyst,567177,Bengaluru,2023-12-22
CUST02944,Vivaan Reddy,Male,54,Analyst,998938,Raipur,2018-03-24
CUST02945,Sanya Patel,Female,37,Engineer,1362080,Mumbai,2019-02-09
CUST02946,Neha Mehta,Male,73,Retired,311571,Surat,2020-12-28
CUST02947,Raj Singh,Female,58,Engineer,1635452,Delhi,2024-01-08
CUST02948,Raj Verma,Male,36,Engineer,1345183,Jaipur,2021-10-29
CUST02949,Karan Mehta,Male,35,Engineer,1749644,Chandigarh,2025-01-24
CUST02950,Aarav Nair,Female,45,Engineer,1195973,Gurugram,2023-07-23
CUST02951,Diya Joshi,Male,63,Retired,287526,Ranchi,2018-05-28
CUST02952,Aman Sharma,Male,23,Student,259228,Coimbatore,2023-08-30
CUST02953,Vivaan Joshi,Female,51,Designer,469414,Vellore,2021-12-23
CUST02954,Aditya Mehta,Male,37,Engineer,1362654,Vellore,2020-04-19
CUST02955,Ishita Kumar,Female,45,Engineer,687013,Bhopal,2019-10-22
CUST02956,Arjun Iyer,Male,34,Engineer,954047,Pune,2025-08-25
CUST02957,Ananya Nair,Female,31,Engineer,817743,Surat,2019-10-24
CUST02958,Nikhil Joshi,Male,40,Manager,1848405,Guwahati,2021-03-14
CUST02959,Sneha Iyer,Female,42,Engineer,1131638,Delhi,2025-01-07
CUST02960,Mohit Reddy,Male,25,Doctor,1328264,Mumbai,2024-10-15
CUST02961,Priya Verma,Female,24,Engineer,1117655,Kolkata,2018-08-13
CUST02962,Rahul Singh,Female,39,Manager,1546719,Coimbatore,2020-03-23
CUST02963,Ananya Nair,Female,31,Engineer,1083219,Chandigarh,2018-10-03
CUST02964,Reyansh Ranjan,Female,30,Government,1187020,Pune,2020-03-19
CUST02965,Sneha Ranjan,Female,25,Teacher,723065,Hyderabad,2018-12-27
CUST02966,Ishita Iyer,Female,45,Teacher,492262,Pune,2020-02-05
CUST02967,Aarav Mehta,Female,50,Analyst,978230,Indore,2021-04-20
CUST02968,Aarav Jain,Female,62,Retired,414299,Chennai,2021-09-30
CUST02969,Sneha Das,Female,55,Engineer,997561,Chennai,2020-04-03
CUST02970,Aman Das,Female,33,Government,910077,Lucknow,2023-05-16
CUST02971,Diya Reddy,Male,25,Student,269390,Bhopal,2019-01-23
CUST02972,Rahul Patel,Female,31,Engineer,1406999,Chandigarh,2019-05-20
CUST02973,Aditya Gupta,Male,44,Manager,1230701,Lucknow,2018-02-14
CUST02974,Karan Das,Male,47,Government,929196,Ranchi,2020-02-23
CUST02975,Rohit Mehta,Female,54,Designer,445724,Bengaluru,2025-02-28
CUST02976,Priya Kumar,Female,33,Consultant,1208607,Ranchi,2018-10-04
CUST02977,Priya Ranjan,Male,54,Manager,1820658,Kochi,2025-02-13
CUST02978,Ananya Kumar,Male,48,Manager,2339272,Patna,2022-07-09
CUST02979,Aditya Verma,Male,43,Consultant,996169,Coimbatore,2018-02-11
CUST02980,Aarav Mehta,Female,37,Engineer,1207285,Vellore,2018-01-06
CUST02981,Reyansh Joshi,Female,27,Manager,1103042,Chandigarh,2025-04-15
CUST02982,Arjun Jain,Female,29,Manager,1472538,Surat,2020-08-10
CUST02983,Karan Mishra,Female,19,Student,7312,Coimbatore,2024-09-27
CUST02984,Arjun Ranjan,Female,47,Engineer,1041104,Surat,2021-02-12
CUST02985,Rohit Reddy,Female,30,Doctor,1146207,Indore,2019-05-10
CUST02986,Rohit Singh,Male,27,Analyst,902633,Kochi,2019-02-03
CUST02987,Arjun Ranjan,Male,64,Retired,674993,Surat,2023-03-13
CUST02988,Riya Verma,Male,56,Government,922869,Bhubaneswar,2025-04-09
CUST02989,Rohit Singh,Female,38,Manager,1097898,Vellore,2025-01-20
CUST02990,Priya Gupta,Male,25,Consultant,1007618,Hyderabad,2018-03-29
CUST02991,Vivaan Kumar,Male,39,Analyst,507583,Hyderabad,2022-12-21
CUST02992,Ishita Reddy,Male,54,Teacher,771461,Vellore,2025-03-10
CUST02993,Priya Reddy,Female,57,Government,812295,Chennai,2020-11-08
CUST02994,Reyansh Sharma,Male,33,Engineer,1645354,Surat,2022-07-30
CUST02995,Rohit Jain,Female,69,Retired,644049,Chennai,2020-09-21
CUST02996,Mohit Mishra,Female,46,Engineer,1124688,Chandigarh,2021-07-25
CUST02997,Arjun Singh,Male,68,Retired,287181,Gurugram,2023-07-18
CUST02998,Reyansh Patel,Female,57,Engineer,1002157,Chennai,2022-09-21
CUST02999,Raj Reddy,Male,46,Teacher,878461,Hyderabad,2020-11-01
CUST03000,Nikhil Iyer,Male,20,Student,283213,Pune,2018-02-09
CUST03001,Aarav Singh,Female,39,Engineer,1481577,Ranchi,2023-01-18
CUST03002,Rohit Reddy,Male,27,Business Owner,2975276,Patna,2023-11-07
CUST03003,Rahul Patel,Male,32,Government,898088,Lucknow,2024-09-14
CUST03004,Reyansh Gupta,Female,48,Manager,2032186,Lucknow,2019-11-03
CUST03005,Ishita Mishra,Male,47,Manager,1608769,Chandigarh,2024-02-05
CUST03006,Ananya Mishra,Male,74,Retired,659525,Raipur,2021-05-08
CUST03007,Aman Iyer,Female,58,Engineer,1044164,Mumbai,2020-03-13
CUST03008,Ishita Ranjan,Female,50,Consultant,1207297,Noida,2020-10-16
CUST03009,Nikhil Jain,Male,44,Engineer,1411666,Vellore,2024-06-04
CUST03010,Mohit Patel,Female,52,Engineer,742920,Guwahati,2022-06-18
CUST03011,Aditya Patel,Female,57,Engineer,1326556,Coimbatore,2022-04-15
CUST03012,Nikhil Singh,Male,23,Student,260504,Bhopal,2024-04-30
CUST03013,Raj Singh,Female,25,Engineer,1075692,Indore,2023-10-29
CUST03014,Raj Mishra,Male,53,Engineer,1366846,Guwahati,2021-02-09
CUST03015,Riya Iyer,Female,69,Retired,658450,Kochi,2025-08-03
CUST03016,Sanya Mehta,Male,43,Doctor,1652818,Raipur,2025-04-26
CUST03017,Rohit Ranjan,Male,49,Analyst,692507,Guwahati,2020-11-29
CUST03018,Raj Verma,Female,55,Engineer,1230353,Nagpur,2020-01-04
CUST03019,Neha Nair,Female,50,Business Owner,4375002,Kolkata,2022-07-11
CUST03020,Aditya Gupta,Male,37,Engineer,1453466,Mumbai,2025-08-03
CUST03021,Aman Sharma,Female,27,Manager,1126586,Ahmedabad,2024-05-10
CUST03022,Sneha Jain,Female,30,Analyst,1225620,Ahmedabad,2021-10-03
CUST03023,Aditya Kumar,Male,52,Manager,1192707,Coimbatore,2023-08-12
CUST03024,Priya Gupta,Male,57,Engineer,666846,Bengaluru,2019-09-06
CUST03025,Nikhil Iyer,Male,32,Engineer,1753006,Patna,2023-11-18
CUST03026,Rahul Sharma,Male,32,Teacher,498557,Surat,2020-11-28
CUST03027,Karan Singh,Female,58,Teacher,661339,Jaipur,2021-04-06
CUST03028,Reyansh Mehta,Male,35,Manager,1408592,Gurugram,2024-06-30
CUST03029,Rohit Patel,Male,57,Doctor,1480441,Mumbai,2020-05-11
CUST03030,Aman Nair,Female,42,Business Owner,2085547,Gurugram,2018-11-13
CUST03031,Mohit Ranjan,Female,35,Engineer,1503687,Guwahati,2020-11-16
CUST03032,Aman Kumar,Male,22,Student,32435,Patna,2021-12-27
CUST03033,Reyansh Patel,Female,51,Teacher,634620,Patna,2023-08-16
CUST03034,Rahul Jain,Male,37,Analyst,1069855,Bhubaneswar,2023-02-16
CUST03035,Riya Reddy,Female,40,Consultant,845543,Kolkata,2023-11-27
CUST03036,Rohit Gupta,Female,43,Engineer,1412025,Kolkata,2023-10-05
CUST03037,Aman Patel,Male,36,Manager,2393205,Pune,2020-02-07
CUST03038,Aman Kumar,Female,43,Analyst,1282134,Kolkata,2022-08-24
CUST03039,Priya Patel,Female,26,Government,1061222,Raipur,2019-08-11
CUST03040,Mohit Singh,Male,28,Analyst,1033489,Pune,2022-01-10
CUST03041,Aarav Mishra,Male,58,Engineer,1353632,Ahmedabad,2021-03-17
CUST03042,Neha Sharma,Female,53,Consultant,1890612,Kolkata,2023-10-11
CUST03043,Ishita Jain,Female,51,Analyst,987424,Bhubaneswar,2018-03-05
CUST03044,Karan Jain,Female,53,Consultant,1975942,Gurugram,2022-04-12
CUST03045,Raj Reddy,Female,40,Teacher,358764,Patna,2020-12-13
CUST03046,Priya Kumar,Female,30,Doctor,1647810,Pune,2022-10-18
CUST03047,Riya Nair,Female,37,Designer,817798,Vellore,2022-11-26
CUST03048,Raj Gupta,Male,25,Engineer,780955,Hyderabad,2021-03-14
CUST03049,Neha Nair,Female,29,Engineer,1329057,Bengaluru,2019-02-08
CUST03050,Arjun Mehta,Male,36,Engineer,713707,Indore,2025-01-28
CUST03051,Aman Mishra,Female,30,Engineer,1247395,Patna,2020-10-19
CUST03052,Aditya Singh,Female,28,Consultant,1317648,Ahmedabad,2024-06-23
CUST03053,Arjun Iyer,Female,48,Engineer,1607673,Ahmedabad,2024-11-29
CUST03054,Ishita Kumar,Female,49,Engineer,778139,Gurugram,2024-04-21
CUST03055,Nikhil Verma,Female,38,Engineer,1391510,Ahmedabad,2019-05-07
CUST03056,Nikhil Mehta,Male,37,Doctor,2052847,Bhopal,2021-10-17
CUST03057,Diya Verma,Male,24,Teacher,775423,Vellore,2023-09-08
CUST03058,Ishita Sharma,Female,58,Teacher,521530,Bhubaneswar,2024-07-15
CUST03059,Aarav Kumar,Female,56,Analyst,593254,Bhopal,2018-06-28
CUST03060,Rohit Gupta,Male,51,Engineer,1644603,Mumbai,2018-03-15
CUST03061,Priya Mishra,Male,38,Engineer,723691,Bengaluru,2019-03-23
CUST03062,Sneha Verma,Female,53,Analyst,779515,Noida,2022-10-13
CUST03063,Ishita Iyer,Female,58,Analyst,916466,Patna,2019-05-02
CUST03064,Sanya Jain,Male,38,Engineer,875363,Guwahati,2019-07-10
CUST03065,Ishita Jain,Female,34,Teacher,794940,Gurugram,2022-03-01
CUST03066,Reyansh Kumar,Male,55,Doctor,965743,Guwahati,2023-04-30
CUST03067,Rahul Sharma,Female,41,Consultant,1879416,Ahmedabad,2020-10-04
CUST03068,Neha Iyer,Female,49,Designer,528437,Nagpur,2025-08-19
CUST03069,Raj Nair,Male,34,Analyst,1314972,Patna,2022-12-02
CUST03070,Nikhil Mishra,Female,50,Manager,2453747,Guwahati,2021-06-24
CUST03071,Raj Ranjan,Female,55,Engineer,834466,Chandigarh,2018-07-12
CUST03072,Vivaan Verma,Male,24,Student,238631,Guwahati,2019-08-08
CUST03073,Neha Joshi,Male,52,Teacher,474538,Kochi,2018-07-04
CUST03074,Aditya Nair,Male,35,Designer,703480,Kolkata,2021-04-24
CUST03075,Neha Patel,Male,29,Government,592193,Hyderabad,2022-08-27
CUST03076,Sneha Patel,Male,19,Student,212951,Vellore,2018-08-12
CUST03077,Ananya Nair,Male,44,Government,783665,Chandigarh,2022-05-29
CUST03078,Sanya Jain,Female,55,Doctor,1772266,Nagpur,2021-01-30
CUST03079,Raj Das,Male,46,Analyst,518151,Vellore,2024-09-27
CUST03080,Mohit Ranjan,Female,24,Student,107193,Indore,2020-08-22
CUST03081,Sneha Singh,Female,25,Student,82958,Bhubaneswar,2024-07-14
CUST03082,Aarav Ranjan,Male,55,Engineer,833041,Ahmedabad,2020-09-05
CUST03083,Aarav Nair,Male,41,Business Owner,1448944,Vellore,2019-01-24
CUST03084,Karan Singh,Female,38,Engineer,1784891,Kolkata,2019-07-17
CUST03085,Mohit Iyer,Male,23,Student,14702,Indore,2018-11-14
CUST03086,Raj Iyer,Female,48,Analyst,1352243,Patna,2025-03-16
CUST03087,Sneha Iyer,Male,33,Analyst,645808,Jaipur,2019-10-12
CUST03088,Aditya Nair,Female,22,Student,273403,Delhi,2021-07-02
CUST03089,Mohit Das,Male,19,Student,240250,Pune,2025-02-01
CUST03090,Reyansh Joshi,Male,22,Student,196193,Coimbatore,2021-08-12
CUST03091,Rahul Verma,Female,35,Doctor,2698518,Bhopal,2024-11-14
CUST03092,Neha Reddy,Female,42,Business Owner,4304170,Jaipur,2024-02-29
CUST03093,Riya Singh,Male,25,Manager,1978815,Coimbatore,2018-01-17
CUST03094,Mohit Patel,Male,36,Manager,1004102,Nagpur,2018-04-04
CUST03095,Raj Singh,Female,54,Designer,649132,Chennai,2018-05-20
CUST03096,Arjun Nair,Male,27,Engineer,609312,Ahmedabad,2021-11-22
CUST03097,Aditya Reddy,Male,42,Government,742428,Bengaluru,2019-07-29
CUST03098,Priya Ranjan,Female,26,Consultant,1627023,Nagpur,2023-08-14
CUST03099,Priya Joshi,Male,46,Business Owner,4274161,Raipur,2024-04-30
CUST03100,Rahul Mehta,Female,28,Manager,2311716,Bhopal,2018-07-31
CUST03101,Mohit Kumar,Female,27,Doctor,1818328,Bengaluru,2018-02-15
CUST03102,Sanya Nair,Male,44,Manager,1419261,Delhi,2022-03-18
CUST03103,Sneha Patel,Female,31,Engineer,1694572,Kochi,2019-04-27
CUST03104,Aditya Das,Male,51,Engineer,1750742,Kolkata,2019-04-25
CUST03105,Aditya Mehta,Male,34,Engineer,1173996,Kochi,2025-03-13
CUST03106,Diya Joshi,Female,28,Business Owner,2700160,Ranchi,2023-12-27
CUST03107,Aditya Das,Male,27,Engineer,697904,Guwahati,2020-02-10
CUST03108,Aarav Mehta,Female,48,Engineer,1204111,Pune,2021-02-13
CUST03109,Diya Singh,Male,52,Business Owner,4404513,Chennai,2024-01-23
CUST03110,Nikhil Kumar,Female,25,Student,185528,Gurugram,2023-03-09
CUST03111,Vivaan Verma,Female,57,Engineer,1677869,Bhubaneswar,2018-06-13
CUST03112,Arjun Verma,Male,57,Designer,856883,Nagpur,2019-11-09
CUST03113,Karan Reddy,Male,47,Doctor,2786784,Raipur,2018-09-08
CUST03114,Rahul Das,Female,52,Consultant,1325494,Surat,2018-12-26
CUST03115,Riya Singh,Male,28,Teacher,665306,Guwahati,2022-09-21
CUST03116,Aarav Mishra,Male,25,Student,239855,Noida,2019-03-02
CUST03117,Priya Ranjan,Male,25,Student,182015,Vellore,2021-09-02
CUST03118,Riya Singh,Female,30,Manager,1777551,Bengaluru,2018-01-06
CUST03119,Reyansh Mishra,Female,50,Doctor,1182426,Hyderabad,2018-01-23
CUST03120,Ishita Sharma,Female,36,Manager,2334584,Hyderabad,2019-01-20
CUST03121,Sanya Jain,Female,38,Government,739472,Patna,2021-10-22
CUST03122,Riya Iyer,Female,39,Manager,1622724,Pune,2018-09-16
CUST03123,Neha Patel,Female,37,Teacher,353275,Gurugram,2020-12-12
CUST03124,Nikhil Jain,Female,30,Engineer,817773,Bhopal,2020-12-26
CUST03125,Reyansh Sharma,Male,51,Manager,1761879,Indore,2021-06-03
CUST03126,Mohit Singh,Male,31,Manager,1336607,Noida,2023-01-18
CUST03127,Aditya Verma,Female,38,Teacher,823599,Hyderabad,2019-07-01
CUST03128,Vivaan Verma,Male,27,Engineer,1588093,Guwahati,2024-11-14
CUST03129,Riya Verma,Male,26,Engineer,1295299,Kochi,2020-03-31
CUST03130,Ishita Gupta,Male,54,Consultant,1049227,Patna,2023-07-08
CUST03131,Arjun Gupta,Female,71,Retired,794352,Vellore,2020-08-24
CUST03132,Arjun Iyer,Male,39,Engineer,1551220,Vellore,2019-08-17
CUST03133,Ishita Patel,Male,42,Engineer,1552314,Mumbai,2020-12-11
CUST03134,Ananya Kumar,Male,32,Engineer,1138389,Mumbai,2022-12-11
CUST03135,Raj Nair,Male,32,Designer,898840,Gurugram,2018-02-12
CUST03136,Aman Patel,Male,27,Designer,468715,Lucknow,2024-04-25
CUST03137,Diya Iyer,Female,34,Designer,763902,Kochi,2023-12-20
CUST03138,Rohit Patel,Female,47,Government,834644,Nagpur,2025-02-12
CUST03139,Aditya Joshi,Female,34,Engineer,971513,Lucknow,2024-08-24
CUST03140,Aarav Verma,Male,28,Doctor,1790992,Guwahati,2025-05-08
CUST03141,Nikhil Joshi,Male,37,Engineer,868734,Coimbatore,2025-05-01
CUST03142,Sanya Singh,Female,43,Engineer,1648173,Mumbai,2022-08-02
CUST03143,Arjun Singh,Male,18,Student,255715,Chandigarh,2020-06-09
CUST03144,Rahul Sharma,Female,21,Student,84826,Noida,2023-05-02
CUST03145,Neha Reddy,Female,24,Student,11990,Nagpur,2020-01-10
CUST03146,Riya Sharma,Female,44,Government,561617,Chennai,2023-11-12
CUST03147,Sneha Iyer,Male,34,Manager,2116285,Pune,2019-02-06
CUST03148,Ananya Mishra,Male,57,Teacher,533167,Chennai,2022-11-06
CUST03149,Aarav Jain,Female,34,Analyst,1239717,Ahmedabad,2024-05-24
CUST03150,Sanya Reddy,Female,75,Retired,510287,Guwahati,2023-11-12
CUST03151,Aditya Patel,Female,43,Analyst,772920,Jaipur,2024-11-03
CUST03152,Aman Mishra,Female,36,Consultant,1291296,Ranchi,2020-08-23
CUST03153,Ananya Verma,Female,30,Engineer,814905,Ahmedabad,2021-10-08
CUST03154,Sneha Verma,Male,48,Designer,610948,Ahmedabad,2019-01-22
CUST03155,Neha Ranjan,Male,32,Designer,874240,Gurugram,2021-01-22
CUST03156,Nikhil Mehta,Male,29,Manager,1247143,Raipur,2021-01-10
CUST03157,Karan Verma,Female,26,Engineer,1550764,Hyderabad,2019-06-15
CUST03158,Nikhil Singh,Female,28,Designer,822245,Pune,2023-10-21
CUST03159,Sneha Das,Male,36,Designer,363706,Nagpur,2025-01-21
CUST03160,Rohit Mehta,Female,49,Consultant,1012737,Delhi,2018-04-15
CUST03161,Rohit Joshi,Female,43,Government,1085931,Bhubaneswar,2022-05-14
CUST03162,Diya Jain,Female,43,Consultant,2082067,Indore,2019-03-22
CUST03163,Sneha Jain,Male,27,Government,1063728,Bhopal,2022-11-02
CUST03164,Karan Mehta,Female,57,Government,895544,Chennai,2024-03-12
CUST03165,Arjun Ranjan,Male,44,Analyst,1139231,Coimbatore,2020-04-18
CUST03166,Vivaan Iyer,Male,33,Designer,374872,Delhi,2024-03-28
CUST03167,Karan Reddy,Female,58,Government,585026,Bhubaneswar,2019-05-05
CUST03168,Neha Joshi,Male,26,Analyst,1303298,Guwahati,2018-11-27
CUST03169,Ananya Reddy,Female,23,Student,234146,Vellore,2019-11-09
CUST03170,Vivaan Reddy,Male,26,Analyst,765358,Mumbai,2022-06-28
CUST03171,Rahul Jain,Female,53,Engineer,1109952,Bhopal,2019-01-19
CUST03172,Sanya Joshi,Female,38,Manager,1344327,Raipur,2025-07-27
CUST03173,Reyansh Gupta,Male,22,Student,54920,Bengaluru,2024-06-10
CUST03174,Aman Mishra,Male,32,Teacher,607371,Guwahati,2018-09-18
CUST03175,Ishita Gupta,Male,49,Doctor,2912916,Kochi,2023-07-04
CUST03176,Sanya Kumar,Male,57,Manager,1500554,Kochi,2021-05-24
CUST03177,Ananya Kumar,Male,44,Government,410240,Kochi,2020-10-18
CUST03178,Reyansh Joshi,Male,47,Manager,2371715,Chandigarh,2025-03-15
CUST03179,Aarav Gupta,Female,33,Engineer,1093430,Ranchi,2023-02-28
CUST03180,Rahul Mehta,Female,38,Teacher,619941,Patna,2024-11-13
CUST03181,Mohit Patel,Female,41,Manager,988663,Patna,2023-02-25
CUST03182,Mohit Nair,Female,57,Engineer,884314,Ahmedabad,2019-10-11
CUST03183,Mohit Ranjan,Female,33,Manager,1502271,Kochi,2022-12-04
CUST03184,Neha Mehta,Female,53,Teacher,719663,Vellore,2021-03-19
CUST03185,Nikhil Verma,Female,40,Manager,1795692,Vellore,2023-05-22
CUST03186,Priya Jain,Male,39,Engineer,1740266,Vellore,2023-10-25
CUST03187,Diya Kumar,Male,40,Manager,1284664,Mumbai,2025-01-03
CUST03188,Diya Mishra,Male,42,Engineer,1155934,Bhopal,2021-04-03
CUST03189,Raj Nair,Female,53,Designer,694181,Jaipur,2024-10-31
CUST03190,Diya Verma,Male,48,Consultant,1785883,Patna,2023-08-12
CUST03191,Mohit Singh,Female,49,Engineer,1262842,Hyderabad,2019-02-23
CUST03192,Aarav Joshi,Male,32,Engineer,1204258,Guwahati,2019-11-19
CUST03193,Reyansh Gupta,Female,26,Government,1198931,Noida,2024-12-05
CUST03194,Aman Patel,Male,56,Analyst,702110,Gurugram,2020-05-22
CUST03195,Ananya Das,Female,43,Teacher,421601,Kolkata,2021-12-05
CUST03196,Vivaan Mishra,Female,40,Designer,357154,Ahmedabad,2022-01-29
CUST03197,Mohit Jain,Male,32,Business Owner,1096899,Mumbai,2023-04-30
CUST03198,Karan Nair,Female,44,Teacher,682606,Mumbai,2019-09-01
CUST03199,Karan Singh,Female,57,Analyst,511466,Ahmedabad,2023-06-01
CUST03200,Aarav Kumar,Female,53,Government,809122,Guwahati,2018-10-10
CUST03201,Ananya Iyer,Female,40,Analyst,1124001,Jaipur,2018-10-18
CUST03202,Aditya Verma,Female,20,Student,117399,Nagpur,2021-05-14
CUST03203,Neha Mehta,Male,39,Analyst,867125,Bhubaneswar,2023-06-18
CUST03204,Nikhil Ranjan,Male,34,Analyst,534987,Noida,2020-01-06
CUST03205,Vivaan Das,Female,25,Student,265098,Lucknow,2021-09-13
CUST03206,Rahul Gupta,Female,43,Engineer,1007142,Hyderabad,2025-08-24
CUST03207,Rahul Joshi,Female,45,Engineer,1664341,Chandigarh,2021-06-16
CUST03208,Diya Das,Male,70,Retired,620429,Hyderabad,2024-01-21
CUST03209,Vivaan Ranjan,Female,33,Consultant,913779,Bengaluru,2025-02-12
CUST03210,Nikhil Kumar,Male,39,Analyst,844923,Jaipur,2022-01-04
CUST03211,Nikhil Sharma,Male,24,Business Owner,2441820,Jaipur,2019-09-14
CUST03212,Rohit Mishra,Female,25,Government,987964,Patna,2020-11-17
CUST03213,Vivaan Reddy,Male,33,Manager,907376,Jaipur,2019-09-24
CUST03214,Arjun Ranjan,Male,36,Designer,714326,Coimbatore,2021-03-28
CUST03215,Ishita Ranjan,Male,57,Analyst,1360012,Coimbatore,2024-01-18
CUST03216,Priya Gupta,Female,24,Student,255521,Ahmedabad,2022-03-26
CUST03217,Sneha Iyer,Male,28,Engineer,1064059,Mumbai,2020-02-16
CUST03218,Aarav Verma,Male,52,Manager,2359170,Guwahati,2018-09-29
CUST03219,Ananya Das,Female,46,Analyst,700614,Bhopal,2018-08-26
CUST03220,Rohit Iyer,Female,47,Designer,970978,Delhi,2018-01-07
CUST03221,Diya Nair,Female,25,Doctor,1492195,Nagpur,2019-08-14
CUST03222,Mohit Singh,Male,51,Engineer,1228271,Hyderabad,2025-03-20
CUST03223,Nikhil Mishra,Male,53,Designer,975943,Delhi,2023-03-23
CUST03224,Ishita Nair,Female,33,Consultant,1464095,Chennai,2018-04-06
CUST03225,Ishita Kumar,Male,21,Student,204858,Bengaluru,2019-10-01
CUST03226,Aarav Verma,Female,45,Designer,443607,Indore,2022-08-10
CUST03227,Nikhil Nair,Male,39,Doctor,2270391,Surat,2018-06-28
CUST03228,Vivaan Mehta,Female,41,Manager,2124551,Kochi,2018-03-22
CUST03229,Rahul Nair,Female,56,Manager,1993493,Bengaluru,2023-11-11
CUST03230,Reyansh Reddy,Female,42,Doctor,1635708,Noida,2019-06-19
CUST03231,Raj Iyer,Male,41,Teacher,754098,Indore,2021-01-29
CUST03232,Ananya Sharma,Female,35,Business Owner,4529747,Guwahati,2024-08-11
CUST03233,Aman Nair,Female,33,Business Owner,3646192,Ahmedabad,2020-06-10
CUST03234,Riya Mehta,Female,58,Government,807246,Bengaluru,2020-06-16
CUST03235,Sanya Nair,Female,56,Engineer,1706295,Nagpur,2019-04-14
CUST03236,Arjun Iyer,Female,44,Engineer,764779,Guwahati,2024-10-17
CUST03237,Mohit Jain,Female,57,Government,878393,Gurugram,2023-09-08
CUST03238,Karan Das,Male,34,Analyst,563190,Pune,2021-11-07
CUST03239,Mohit Nair,Male,20,Student,35229,Surat,2018-05-12
CUST03240,Diya Das,Male,45,Doctor,1487582,Indore,2021-08-22
CUST03241,Rahul Mishra,Male,52,Manager,1728588,Lucknow,2025-04-24
CUST03242,Arjun Singh,Female,46,Analyst,815526,Hyderabad,2021-04-12
CUST03243,Arjun Mehta,Female,40,Engineer,1094850,Chandigarh,2019-06-17
CUST03244,Reyansh Reddy,Male,31,Analyst,809936,Nagpur,2022-12-10
CUST03245,Aarav Singh,Male,57,Business Owner,1154429,Vellore,2024-03-19
CUST03246,Sneha Nair,Female,32,Doctor,1705087,Bengaluru,2021-05-02
CUST03247,Mohit Patel,Female,24,Engineer,1037457,Nagpur,2021-11-17
CUST03248,Raj Singh,Male,39,Engineer,1041980,Surat,2021-09-23
CUST03249,Priya Jain,Female,18,Student,234504,Vellore,2018-02-08
CUST03250,Reyansh Kumar,Female,45,Business Owner,2043491,Delhi,2019-06-29
CUST03251,Sanya Kumar,Female,43,Engineer,1040815,Bengaluru,2022-03-27
CUST03252,Priya Joshi,Female,45,Analyst,1266239,Lucknow,2021-04-18
CUST03253,Rohit Mehta,Female,48,Manager,2119580,Delhi,2019-03-22
CUST03254,Rohit Singh,Female,67,Retired,597538,Gurugram,2024-10-16
CUST03255,Mohit Jain,Female,31,Doctor,2697776,Chandigarh,2023-05-31
CUST03256,Nikhil Kumar,Male,53,Analyst,865352,Bhopal,2021-05-21
CUST03257,Nikhil Ranjan,Female,30,Analyst,660984,Bhopal,2022-07-31
CUST03258,Nikhil Mishra,Female,34,Designer,700441,Raipur,2024-07-09
CUST03259,Diya Sharma,Male,47,Manager,1892873,Raipur,2018-12-11
CUST03260,Aditya Iyer,Male,52,Manager,2002587,Vellore,2019-02-02
CUST03261,Priya Joshi,Female,33,Analyst,1201774,Gurugram,2021-01-03
CUST03262,Ishita Singh,Male,28,Teacher,854403,Chennai,2022-12-24
CUST03263,Arjun Sharma,Male,34,Engineer,1698600,Jaipur,2021-11-16
CUST03264,Ananya Mehta,Female,31,Manager,1743092,Chandigarh,2020-01-02
CUST03265,Rahul Das,Male,45,Designer,435583,Gurugram,2020-05-22
CUST03266,Sneha Das,Male,18,Student,78491,Delhi,2024-01-12
CUST03267,Aman Sharma,Female,28,Designer,931511,Indore,2019-08-22
CUST03268,Aman Verma,Female,49,Engineer,1039856,Chandigarh,2019-10-25
CUST03269,Rohit Kumar,Female,43,Business Owner,4312402,Guwahati,2022-07-17
CUST03270,Diya Nair,Female,56,Engineer,1761610,Raipur,2020-06-01
CUST03271,Riya Joshi,Female,28,Engineer,1780999,Guwahati,2025-03-15
CUST03272,Neha Iyer,Male,72,Retired,654358,Jaipur,2023-02-12
CUST03273,Raj Ranjan,Male,64,Retired,604199,Jaipur,2024-03-10
CUST03274,Sanya Mishra,Male,32,Manager,1103085,Bhopal,2018-05-06
CUST03275,Aman Joshi,Female,55,Analyst,682906,Jaipur,2024-09-11
CUST03276,Sanya Jain,Female,33,Engineer,742455,Chennai,2018-07-22
CUST03277,Reyansh Reddy,Female,29,Government,1053480,Raipur,2024-04-16
CUST03278,Ishita Joshi,Male,37,Engineer,1778773,Ahmedabad,2021-03-08
CUST03279,Diya Das,Female,47,Manager,1959321,Kolkata,2025-06-02
CUST03280,Diya Reddy,Male,39,Designer,340649,Coimbatore,2018-01-30
CUST03281,Sanya Kumar,Female,55,Engineer,1522355,Kolkata,2021-01-08
CUST03282,Aman Sharma,Male,42,Engineer,1159344,Surat,2020-05-31
CUST03283,Nikhil Joshi,Male,27,Engineer,1384721,Ranchi,2020-09-09
CUST03284,Sanya Gupta,Female,43,Government,794835,Jaipur,2018-09-29
CUST03285,Reyansh Joshi,Male,58,Doctor,2867248,Patna,2021-05-19
CUST03286,Nikhil Mehta,Male,58,Manager,998498,Mumbai,2020-05-16
CUST03287,Ishita Das,Female,54,Teacher,509371,Bengaluru,2018-04-11
CUST03288,Aman Kumar,Male,18,Student,265282,Noida,2023-11-16
CUST03289,Sanya Mehta,Male,32,Analyst,668887,Chandigarh,2019-12-18
CUST03290,Aarav Ranjan,Male,54,Government,546167,Bhopal,2023-04-03
CUST03291,Ishita Kumar,Female,27,Analyst,711476,Jaipur,2021-02-19
CUST03292,Priya Kumar,Male,56,Designer,956614,Ahmedabad,2018-08-20
CUST03293,Karan Singh,Male,45,Designer,659859,Surat,2022-01-17
CUST03294,Riya Patel,Female,40,Analyst,705342,Patna,2024-03-08
CUST03295,Rahul Das,Female,32,Consultant,1740047,Delhi,2018-09-25
CUST03296,Arjun Joshi,Female,44,Consultant,937611,Pune,2018-06-16
CUST03297,Sanya Joshi,Male,25,Doctor,2765722,Raipur,2019-03-26
CUST03298,Arjun Nair,Female,36,Designer,636024,Chandigarh,2019-06-22
CUST03299,Aditya Iyer,Male,40,Teacher,556907,Patna,2021-11-08
CUST03300,Priya Patel,Male,54,Analyst,1203568,Bengaluru,2025-01-17
CUST03301,Ananya Jain,Female,51,Government,476176,Patna,2023-07-05
CUST03302,Riya Mishra,Male,50,Analyst,506002,Chandigarh,2020-08-04
CUST03303,Aman Jain,Male,22,Student,189617,Chennai,2019-04-02
CUST03304,Aarav Nair,Female,25,Analyst,553112,Surat,2022-03-11
CUST03305,Aman Patel,Female,28,Doctor,2182017,Ranchi,2018-03-28
CUST03306,Rohit Iyer,Male,57,Engineer,1770877,Bhubaneswar,2023-07-03
CUST03307,Karan Kumar,Female,31,Designer,755912,Ahmedabad,2019-12-27
CUST03308,Aman Joshi,Female,57,Engineer,924870,Bengaluru,2018-04-27
CUST03309,Rohit Patel,Female,35,Teacher,609892,Mumbai,2024-01-06
CUST03310,Nikhil Das,Female,40,Engineer,1682559,Raipur,2025-05-13
CUST03311,Raj Patel,Female,36,Business Owner,4109450,Surat,2022-11-29
CUST03312,Arjun Mishra,Female,27,Designer,425476,Pune,2023-03-13
CUST03313,Arjun Mehta,Female,40,Analyst,651018,Chandigarh,2019-03-12
CUST03314,Raj Kumar,Female,41,Engineer,1549211,Ranchi,2020-08-02
CUST03315,Diya Patel,Male,21,Student,259760,Lucknow,2018-03-26
CUST03316,Ishita Das,Male,33,Engineer,738915,Surat,2022-06-10
CUST03317,Aarav Das,Male,30,Business Owner,3198847,Gurugram,2024-07-24
CUST03318,Reyansh Mishra,Female,24,Student,102956,Pune,2023-02-05
CUST03319,Mohit Reddy,Male,73,Retired,429411,Hyderabad,2019-05-08
CUST03320,Priya Nair,Female,46,Manager,1904836,Indore,2024-08-08
CUST03321,Vivaan Sharma,Female,53,Analyst,1330586,Chandigarh,2024-08-11
CUST03322,Priya Das,Male,66,Retired,639076,Bhubaneswar,2018-11-01
CUST03323,Diya Nair,Male,48,Business Owner,4372407,Kochi,2021-05-09
CUST03324,Arjun Ranjan,Female,24,Designer,978901,Jaipur,2019-09-24
CUST03325,Diya Ranjan,Female,32,Manager,2257701,Raipur,2020-08-01
CUST03326,Raj Iyer,Male,24,Engineer,1549647,Noida,2023-08-13
CUST03327,Nikhil Mehta,Female,44,Engineer,1740920,Ranchi,2019-05-22
CUST03328,Ishita Mishra,Female,50,Engineer,1147297,Bhubaneswar,2022-11-10
CUST03329,Ishita Jain,Male,70,Retired,255025,Hyderabad,2024-02-09
CUST03330,Riya Nair,Female,57,Engineer,653042,Bhubaneswar,2021-04-29
CUST03331,Karan Gupta,Female,27,Doctor,2250308,Mumbai,2021-09-02
CUST03332,Aarav Jain,Male,40,Analyst,1025357,Coimbatore,2023-01-09
CUST03333,Reyansh Kumar,Male,26,Doctor,957569,Ranchi,2019-07-14
CUST03334,Reyansh Joshi,Male,25,Teacher,770919,Ahmedabad,2019-11-25
CUST03335,Rahul Reddy,Female,18,Student,41796,Noida,2021-08-01
CUST03336,Reyansh Sharma,Male,43,Manager,1209362,Lucknow,2019-02-11
CUST03337,Rahul Sharma,Male,30,Manager,1949420,Jaipur,2022-08-25
CUST03338,Priya Mehta,Female,38,Analyst,562782,Guwahati,2020-11-05
CUST03339,Diya Reddy,Male,58,Business Owner,915430,Lucknow,2021-10-09
CUST03340,Rahul Joshi,Female,70,Retired,795981,Pune,2020-04-11
CUST03341,Ishita Verma,Male,60,Retired,527596,Ahmedabad,2020-12-17
CUST03342,Rohit Verma,Male,24,Engineer,1756770,Vellore,2021-05-07
CUST03343,Arjun Patel,Female,52,Government,732086,Mumbai,2018-10-14
CUST03344,Rahul Gupta,Male,41,Government,1134293,Chandigarh,2020-07-24
CUST03345,Sneha Das,Female,26,Analyst,1046006,Delhi,2021-09-12
CUST03346,Vivaan Das,Male,36,Engineer,815596,Surat,2019-08-16
CUST03347,Diya Gupta,Male,25,Manager,2259589,Hyderabad,2018-05-23
CUST03348,Neha Patel,Female,41,Engineer,858981,Lucknow,2023-08-07
CUST03349,Sneha Jain,Male,26,Manager,2430517,Guwahati,2019-06-30
CUST03350,Sneha Nair,Female,44,Consultant,1534060,Bhubaneswar,2024-11-17
CUST03351,Mohit Gupta,Female,28,Manager,917999,Chandigarh,2024-12-14
CUST03352,Sneha Das,Male,23,Student,22584,Gurugram,2021-06-07
CUST03353,Riya Das,Female,58,Analyst,1385900,Ahmedabad,2018-07-18
CUST03354,Neha Kumar,Male,57,Manager,1945993,Noida,2019-10-29
CUST03355,Arjun Joshi,Male,21,Student,235309,Ranchi,2023-01-13
CUST03356,Mohit Nair,Female,47,Analyst,646698,Ranchi,2019-12-28
CUST03357,Aditya Ranjan,Male,44,Engineer,1169496,Coimbatore,2018-01-15
CUST03358,Raj Mishra,Female,55,Engineer,631005,Kolkata,2019-12-06
CUST03359,Raj Jain,Female,21,Student,4739,Bengaluru,2020-03-30
CUST03360,Karan Ranjan,Female,26,Engineer,927936,Gurugram,2022-12-02
CUST03361,Rohit Mishra,Female,48,Teacher,645938,Noida,2020-02-20
CUST03362,Ananya Reddy,Female,26,Government,1131328,Hyderabad,2023-03-06
CUST03363,Diya Ranjan,Female,48,Designer,577670,Patna,2025-01-11
CUST03364,Priya Kumar,Male,25,Student,77864,Raipur,2021-06-06
CUST03365,Diya Patel,Male,42,Government,428300,Chennai,2022-04-16
CUST03366,Aditya Das,Female,36,Government,735590,Hyderabad,2021-01-11
CUST03367,Aditya Mishra,Female,27,Doctor,1355316,Kolkata,2018-08-13
CUST03368,Raj Das,Female,25,Teacher,360716,Surat,2023-12-07
CUST03369,Ishita Reddy,Male,48,Doctor,2919608,Pune,2019-12-23
CUST03370,Rohit Verma,Female,32,Analyst,947386,Patna,2018-06-02
CUST03371,Rohit Jain,Female,53,Manager,977210,Lucknow,2023-08-24
CUST03372,Neha Verma,Male,34,Business Owner,3614322,Surat,2018-04-15
CUST03373,Reyansh Jain,Male,23,Student,13807,Delhi,2019-09-11
CUST03374,Reyansh Jain,Male,24,Student,15891,Bhopal,2021-09-04
CUST03375,Vivaan Patel,Male,34,Consultant,1964668,Jaipur,2018-08-23
CUST03376,Raj Das,Male,49,Consultant,1892792,Surat,2021-10-11
CUST03377,Vivaan Singh,Male,33,Analyst,558806,Bhubaneswar,2023-11-20
CUST03378,Priya Iyer,Male,24,Student,49543,Hyderabad,2020-06-30
CUST03379,Rahul Iyer,Female,36,Teacher,594087,Gurugram,2021-10-29
CUST03380,Rahul Iyer,Female,45,Doctor,1223457,Gurugram,2022-10-19
CUST03381,Sanya Joshi,Male,58,Engineer,1398722,Lucknow,2019-09-05
CUST03382,Riya Mehta,Female,36,Analyst,1363801,Chandigarh,2021-07-11
CUST03383,Arjun Mishra,Female,51,Analyst,1366975,Patna,2022-03-12
CUST03384,Rohit Verma,Female,53,Government,1024556,Chandigarh,2022-10-05
CUST03385,Sneha Iyer,Female,38,Engineer,1608849,Hyderabad,2025-08-16
CUST03386,Arjun Mehta,Female,55,Teacher,588008,Indore,2025-01-27
CUST03387,Sneha Mishra,Male,50,Engineer,1193804,Noida,2022-11-10
CUST03388,Aditya Das,Female,34,Teacher,536369,Guwahati,2023-10-18
CUST03389,Nikhil Verma,Female,24,Student,24196,Mumbai,2023-04-04
CUST03390,Vivaan Sharma,Female,46,Engineer,764808,Chennai,2025-03-06
CUST03391,Sanya Mishra,Female,45,Manager,1685368,Indore,2024-12-08
CUST03392,Aditya Iyer,Male,25,Engineer,1326584,Mumbai,2020-05-13
CUST03393,Sanya Verma,Female,72,Retired,228862,Jaipur,2024-11-06
CUST03394,Diya Das,Male,54,Engineer,907941,Gurugram,2025-07-25
CUST03395,Sanya Ranjan,Male,46,Manager,1755031,Nagpur,2018-04-23
CUST03396,Ananya Ranjan,Male,25,Engineer,1398912,Coimbatore,2025-07-16
CUST03397,Sneha Ranjan,Female,43,Analyst,1093931,Vellore,2019-01-01
CUST03398,Reyansh Reddy,Male,34,Teacher,856758,Guwahati,2022-05-25
CUST03399,Sanya Kumar,Male,33,Consultant,940096,Delhi,2024-10-04
CUST03400,Nikhil Sharma,Female,19,Student,97844,Chennai,2019-10-18
CUST03401,Aarav Joshi,Male,19,Student,184065,Kolkata,2023-10-16
CUST03402,Aditya Mishra,Female,35,Engineer,980228,Jaipur,2024-06-07
CUST03403,Nikhil Verma,Female,27,Engineer,1407304,Nagpur,2020-06-17
CUST03404,Sanya Ranjan,Male,34,Designer,852778,Mumbai,2023-01-25
CUST03405,Rahul Sharma,Male,36,Engineer,1069678,Bhubaneswar,2022-10-31
CUST03406,Nikhil Joshi,Male,44,Analyst,1016419,Noida,2018-10-12
CUST03407,Aman Sharma,Male,54,Doctor,2708270,Raipur,2019-08-17
CUST03408,Ishita Joshi,Male,18,Student,84947,Raipur,2025-02-23
CUST03409,Nikhil Nair,Male,28,Consultant,1710326,Kochi,2024-05-14
CUST03410,Aarav Joshi,Male,53,Business Owner,3238804,Patna,2018-02-27
CUST03411,Raj Jain,Female,42,Government,791220,Raipur,2021-06-17
CUST03412,Ananya Gupta,Male,25,Student,281630,Hyderabad,2019-12-19
CUST03413,Ananya Iyer,Female,28,Manager,1830559,Noida,2020-09-23
CUST03414,Priya Iyer,Male,24,Student,5827,Hyderabad,2023-01-17
CUST03415,Nikhil Mishra,Female,32,Business Owner,1639274,Lucknow,2020-11-12
CUST03416,Diya Sharma,Female,66,Retired,320454,Vellore,2018-07-13
CUST03417,Diya Sharma,Male,22,Student,197514,Nagpur,2023-05-16
CUST03418,Aman Jain,Male,22,Student,84626,Nagpur,2024-07-03
CUST03419,Arjun Kumar,Male,36,Designer,999271,Chennai,2020-07-16
CUST03420,Diya Nair,Male,41,Government,773259,Hyderabad,2025-05-14
CUST03421,Rahul Mishra,Male,34,Designer,586252,Kolkata,2022-03-20
CUST03422,Karan Jain,Female,42,Analyst,1269443,Raipur,2021-05-12
CUST03423,Nikhil Kumar,Male,24,Teacher,577302,Raipur,2025-01-07
CUST03424,Neha Nair,Male,35,Engineer,998028,Patna,2025-06-19
CUST03425,Vivaan Joshi,Female,27,Business Owner,1286082,Pune,2024-08-24
CUST03426,Rohit Reddy,Female,71,Retired,326819,Delhi,2024-08-02
CUST03427,Mohit Kumar,Female,38,Consultant,1182685,Chandigarh,2019-08-25
CUST03428,Aditya Das,Male,30,Designer,462561,Raipur,2021-12-11
CUST03429,Sneha Iyer,Female,50,Business Owner,2740166,Nagpur,2020-12-25
CUST03430,Aarav Sharma,Male,24,Student,265288,Pune,2018-01-29
CUST03431,Aditya Das,Female,33,Doctor,1640697,Surat,2018-02-18
CUST03432,Karan Mishra,Female,46,Engineer,708131,Vellore,2025-04-21
CUST03433,Riya Joshi,Female,40,Doctor,2812348,Ahmedabad,2022-10-20
CUST03434,Sneha Verma,Male,53,Engineer,1411611,Raipur,2022-03-10
CUST03435,Karan Sharma,Female,30,Engineer,1377697,Patna,2022-05-03
CUST03436,Vivaan Verma,Female,48,Teacher,419727,Ranchi,2019-07-01
CUST03437,Arjun Nair,Male,29,Analyst,1006174,Mumbai,2020-01-30
CUST03438,Raj Gupta,Male,35,Analyst,1042960,Bengaluru,2025-07-04
CUST03439,Rahul Nair,Female,25,Student,20696,Indore,2024-06-24
CUST03440,Neha Verma,Female,47,Business Owner,2770733,Kolkata,2021-01-11
CUST03441,Sanya Reddy,Female,73,Retired,508457,Kochi,2018-05-14
CUST03442,Nikhil Mehta,Male,43,Consultant,1220562,Lucknow,2019-02-18
CUST03443,Diya Ranjan,Female,60,Retired,389678,Delhi,2020-09-05
CUST03444,Rohit Kumar,Female,50,Engineer,729051,Kolkata,2021-06-15
CUST03445,Karan Das,Male,40,Engineer,710913,Chennai,2022-04-09
CUST03446,Sneha Sharma,Female,18,Student,64604,Patna,2022-01-12
CUST03447,Rahul Kumar,Male,51,Government,791946,Pune,2020-12-04
CUST03448,Arjun Verma,Male,22,Student,97607,Noida,2020-06-07
CUST03449,Karan Iyer,Female,26,Business Owner,4080156,Patna,2020-03-29
CUST03450,Ananya Sharma,Female,26,Government,1035818,Pune,2021-06-02
CUST03451,Aman Singh,Female,68,Retired,425100,Pune,2023-10-20
CUST03452,Mohit Sharma,Male,47,Engineer,1189972,Chennai,2024-10-27
CUST03453,Arjun Mehta,Male,31,Teacher,731890,Coimbatore,2023-03-26
CUST03454,Aditya Verma,Male,34,Government,900670,Bhopal,2023-08-16
CUST03455,Reyansh Nair,Female,41,Engineer,1025506,Bengaluru,2020-05-29
CUST03456,Ananya Kumar,Female,47,Doctor,2402072,Hyderabad,2024-02-18
CUST03457,Sneha Ranjan,Male,25,Analyst,762934,Patna,2022-03-09
CUST03458,Mohit Reddy,Female,42,Analyst,601860,Bhopal,2020-11-04
CUST03459,Rohit Gupta,Male,40,Government,857879,Vellore,2025-02-05
CUST03460,Diya Jain,Female,52,Teacher,838223,Coimbatore,2018-07-10
CUST03461,Ananya Gupta,Female,34,Consultant,1989812,Ahmedabad,2022-05-16
CUST03462,Aditya Reddy,Female,40,Designer,387108,Pune,2019-06-05
CUST03463,Mohit Kumar,Male,46,Manager,1792639,Mumbai,2020-08-29
CUST03464,Sneha Iyer,Male,34,Engineer,1276722,Noida,2018-08-18
CUST03465,Mohit Kumar,Female,65,Retired,490873,Hyderabad,2022-01-06
CUST03466,Rahul Ranjan,Female,68,Retired,732438,Chandigarh,2023-01-12
CUST03467,Karan Sharma,Male,50,Engineer,1340621,Bhubaneswar,2023-05-21
CUST03468,Ishita Reddy,Female,25,Student,65804,Hyderabad,2019-02-08
CUST03469,Arjun Joshi,Male,24,Analyst,840945,Patna,2025-01-22
CUST03470,Rahul Jain,Female,29,Doctor,2995363,Guwahati,2024-07-22
CUST03471,Karan Iyer,Male,51,Engineer,1509268,Bhopal,2018-04-05
CUST03472,Aarav Ranjan,Female,64,Retired,585561,Pune,2019-01-02
CUST03473,Diya Jain,Female,48,Business Owner,2980323,Kochi,2022-08-12
CUST03474,Raj Das,Female,44,Teacher,651179,Chandigarh,2024-08-04
CUST03475,Mohit Joshi,Female,46,Teacher,656475,Guwahati,2025-01-25
CUST03476,Mohit Joshi,Female,26,Engineer,1726696,Bengaluru,2019-08-14
CUST03477,Rahul Reddy,Male,71,Retired,335702,Ranchi,2018-06-14
CUST03478,Riya Reddy,Male,24,Teacher,689370,Lucknow,2023-09-07
CUST03479,Reyansh Das,Female,49,Manager,1827222,Vellore,2019-07-10
CUST03480,Sanya Iyer,Male,51,Manager,1464973,Chandigarh,2020-05-24
CUST03481,Priya Verma,Male,52,Doctor,2225422,Ranchi,2019-06-02
CUST03482,Aman Sharma,Male,25,Analyst,994666,Guwahati,2019-03-18
CUST03483,Aarav Reddy,Male,39,Consultant,787881,Indore,2023-07-17
CUST03484,Raj Singh,Female,30,Teacher,810683,Nagpur,2020-11-06
CUST03485,Vivaan Ranjan,Female,50,Designer,871314,Mumbai,2018-12-14
CUST03486,Arjun Joshi,Female,18,Student,226996,Coimbatore,2018-08-05
CUST03487,Vivaan Ranjan,Male,49,Teacher,634422,Chandigarh,2018-10-12
CUST03488,Reyansh Das,Female,41,Engineer,1049544,Jaipur,2019-05-21
CUST03489,Ananya Ranjan,Male,53,Government,855200,Indore,2018-03-12
CUST03490,Ananya Singh,Male,54,Doctor,2730148,Pune,2019-02-11
CUST03491,Ishita Singh,Female,51,Engineer,1255162,Surat,2019-04-15
CUST03492,Karan Joshi,Female,22,Student,256621,Raipur,2018-07-23
CUST03493,Aditya Mishra,Male,23,Student,61447,Chennai,2019-01-04
CUST03494,Rahul Patel,Female,37,Manager,2199409,Coimbatore,2021-02-22
CUST03495,Aarav Kumar,Male,49,Analyst,1102950,Gurugram,2021-05-20
CUST03496,Ishita Ranjan,Male,40,Engineer,1018595,Vellore,2018-02-24
CUST03497,Neha Das,Male,21,Student,27671,Chennai,2024-01-09
CUST03498,Riya Sharma,Female,53,Business Owner,2517239,Ahmedabad,2018-08-30
CUST03499,Reyansh Joshi,Male,41,Government,1037129,Bhopal,2025-06-17
CUST03500,Mohit Jain,Female,36,Analyst,1330559,Bhopal,2018-10-15
CUST03501,Aarav Kumar,Male,49,Manager,996615,Guwahati,2024-02-23
CUST03502,Karan Patel,Male,36,Manager,1461020,Bengaluru,2021-06-30
CUST03503,Mohit Verma,Female,42,Engineer,1759802,Patna,2020-05-05
CUST03504,Arjun Kumar,Male,26,Consultant,1116981,Patna,2020-01-27
CUST03505,Aarav Reddy,Female,48,Engineer,833326,Jaipur,2018-01-10
CUST03506,Karan Jain,Male,31,Consultant,1480717,Hyderabad,2018-04-25
CUST03507,Rohit Sharma,Male,19,Student,193709,Kolkata,2023-01-11
CUST03508,Rohit Nair,Male,45,Teacher,743958,Bhopal,2021-10-16
CUST03509,Raj Verma,Male,27,Doctor,1949106,Chennai,2024-10-01
CUST03510,Aditya Gupta,Male,39,Teacher,863159,Raipur,2022-01-08
CUST03511,Aarav Gupta,Male,40,Consultant,1573829,Guwahati,2019-12-21
CUST03512,Diya Mishra,Male,53,Analyst,903281,Patna,2021-01-03
CUST03513,Aarav Ranjan,Male,20,Student,23285,Raipur,2022-09-26
CUST03514,Arjun Mehta,Female,31,Business Owner,3037152,Pune,2023-08-28
CUST03515,Aman Verma,Female,43,Teacher,687799,Gurugram,2024-10-11
CUST03516,Rohit Gupta,Female,68,Retired,768727,Hyderabad,2018-06-27
CUST03517,Sanya Singh,Female,24,Designer,670023,Raipur,2020-12-10
CUST03518,Ishita Reddy,Female,56,Engineer,1154974,Raipur,2022-12-22
CUST03519,Rahul Reddy,Male,72,Retired,402213,Noida,2025-05-10
CUST03520,Diya Mehta,Female,56,Engineer,832707,Indore,2018-12-06
CUST03521,Riya Das,Male,40,Designer,482192,Guwahati,2024-05-16
CUST03522,Ishita Patel,Female,34,Analyst,1141088,Bhopal,2021-07-11
CUST03523,Rahul Kumar,Male,42,Engineer,1548282,Jaipur,2025-04-24
CUST03524,Riya Jain,Female,25,Manager,907395,Noida,2022-10-28
CUST03525,Aman Gupta,Female,49,Engineer,864789,Pune,2018-07-28
CUST03526,Rohit Gupta,Male,49,Analyst,948228,Ahmedabad,2021-09-28
CUST03527,Mohit Nair,Female,73,Retired,667788,Ahmedabad,2022-09-06
CUST03528,Nikhil Das,Female,24,Engineer,1776243,Bengaluru,2025-07-13
CUST03529,Aditya Mehta,Male,45,Manager,1795989,Raipur,2025-08-19
CUST03530,Sanya Reddy,Male,22,Student,50837,Delhi,2018-08-09
CUST03531,Arjun Patel,Male,38,Teacher,466651,Kochi,2019-08-25
CUST03532,Sneha Ranjan,Female,68,Retired,711954,Vellore,2018-02-19
CUST03533,Priya Singh,Female,24,Government,500129,Bhopal,2018-04-01
CUST03534,Ishita Ranjan,Male,26,Manager,1573767,Indore,2021-12-08
CUST03535,Reyansh Mishra,Female,29,Teacher,459035,Bhopal,2022-02-24
CUST03536,Neha Reddy,Female,54,Manager,2045410,Patna,2023-09-23
CUST03537,Ananya Mishra,Female,37,Consultant,1078383,Nagpur,2024-12-01
CUST03538,Ishita Mehta,Female,53,Engineer,1149939,Pune,2021-09-13
CUST03539,Diya Iyer,Male,24,Engineer,759920,Bhopal,2025-04-08
CUST03540,Neha Mishra,Male,31,Engineer,1197448,Vellore,2025-07-22
CUST03541,Sneha Patel,Male,29,Teacher,357940,Coimbatore,2018-10-18
CUST03542,Karan Gupta,Male,51,Teacher,887273,Lucknow,2021-06-16
CUST03543,Priya Patel,Female,34,Doctor,2267062,Ahmedabad,2024-01-06
CUST03544,Arjun Sharma,Male,36,Engineer,1571903,Patna,2021-07-30
CUST03545,Nikhil Gupta,Male,38,Designer,956164,Indore,2025-06-14
CUST03546,Sneha Mishra,Male,32,Business Owner,1573261,Chennai,2021-08-20
CUST03547,Aman Joshi,Male,70,Retired,626216,Bhopal,2019-06-21
CUST03548,Riya Nair,Male,25,Government,619459,Noida,2019-10-01
CUST03549,Ananya Singh,Female,48,Teacher,627989,Kochi,2024-01-30
CUST03550,Priya Kumar,Male,49,Manager,2169579,Delhi,2021-02-12
CUST03551,Mohit Gupta,Male,37,Engineer,1715667,Jaipur,2021-06-20
CUST03552,Priya Nair,Male,49,Manager,1099685,Bhopal,2020-11-19
CUST03553,Karan Das,Male,20,Student,20507,Chandigarh,2019-06-24
CUST03554,Priya Sharma,Female,27,Analyst,1026456,Raipur,2023-03-08
CUST03555,Rohit Patel,Female,52,Engineer,1184854,Coimbatore,2021-01-15
CUST03556,Reyansh Ranjan,Male,46,Engineer,1515775,Ranchi,2023-06-02
CUST03557,Ananya Nair,Male,51,Business Owner,1877070,Kochi,2020-10-06
CUST03558,Reyansh Patel,Female,50,Engineer,1131956,Ahmedabad,2024-05-11
CUST03559,Karan Ranjan,Male,24,Analyst,1326358,Kochi,2018-04-24
CUST03560,Arjun Gupta,Female,56,Engineer,1387992,Hyderabad,2018-03-12
CUST03561,Neha Verma,Female,47,Engineer,1076478,Bhopal,2019-11-12
CUST03562,Raj Iyer,Female,57,Analyst,826677,Vellore,2020-04-27
CUST03563,Karan Joshi,Female,39,Engineer,1660374,Chennai,2025-03-20
CUST03564,Nikhil Gupta,Male,32,Engineer,1604033,Kochi,2020-03-02
CUST03565,Aditya Gupta,Male,70,Retired,557693,Ahmedabad,2020-08-20
CUST03566,Riya Ranjan,Male,46,Teacher,571334,Vellore,2025-01-18
CUST03567,Riya Joshi,Male,55,Engineer,1033345,Ahmedabad,2019-09-14
CUST03568,Raj Iyer,Male,57,Designer,348977,Hyderabad,2025-01-25
CUST03569,Raj Reddy,Female,34,Analyst,660695,Nagpur,2025-03-24
CUST03570,Sanya Nair,Male,56,Doctor,2795455,Bhubaneswar,2020-01-01
CUST03571,Aman Sharma,Male,22,Student,104665,Surat,2024-06-20
CUST03572,Raj Mishra,Female,33,Designer,904579,Bengaluru,2020-02-19
CUST03573,Neha Gupta,Female,49,Manager,1472844,Nagpur,2020-09-16
CUST03574,Riya Mishra,Female,50,Doctor,2345286,Lucknow,2022-07-30
CUST03575,Vivaan Ranjan,Male,69,Retired,706875,Hyderabad,2019-01-28
CUST03576,Aarav Das,Female,37,Consultant,1438015,Surat,2021-03-28
CUST03577,Sneha Iyer,Male,58,Doctor,1358628,Pune,2022-11-06
CUST03578,Rahul Gupta,Female,26,Engineer,1599145,Nagpur,2022-11-28
CUST03579,Aditya Reddy,Female,53,Engineer,1272079,Surat,2019-07-04
CUST03580,Vivaan Verma,Female,38,Business Owner,2666206,Bhopal,2023-11-03
CUST03581,Aman Iyer,Female,72,Retired,692502,Delhi,2022-09-12
CUST03582,Ishita Sharma,Male,69,Retired,437876,Coimbatore,2023-09-18
CUST03583,Rohit Singh,Male,40,Engineer,1752857,Patna,2023-03-28
CUST03584,Ananya Nair,Male,40,Manager,2015675,Lucknow,2023-03-27
CUST03585,Raj Ranjan,Female,19,Student,97020,Jaipur,2023-10-02
CUST03586,Arjun Gupta,Female,46,Manager,1414179,Kochi,2024-01-23
CUST03587,Rahul Nair,Female,49,Government,654084,Patna,2021-10-21
CUST03588,Aarav Verma,Female,24,Manager,2138669,Surat,2022-09-08
CUST03589,Diya Sharma,Female,66,Retired,744261,Bhopal,2025-08-17
CUST03590,Aarav Iyer,Male,60,Retired,494099,Patna,2018-12-01
CUST03591,Aarav Patel,Female,20,Student,207228,Guwahati,2025-04-10
CUST03592,Priya Gupta,Male,47,Doctor,2103096,Gurugram,2025-06-03
CUST03593,Sanya Iyer,Female,35,Consultant,1073540,Chandigarh,2018-05-11
CUST03594,Aarav Nair,Male,44,Designer,484343,Raipur,2018-12-18
CUST03595,Priya Reddy,Male,48,Designer,972020,Delhi,2023-03-16
CUST03596,Vivaan Nair,Male,48,Government,779656,Patna,2019-12-19
CUST03597,Arjun Sharma,Female,61,Retired,602127,Vellore,2021-07-25
CUST03598,Reyansh Singh,Male,31,Designer,429890,Bhopal,2021-03-23
CUST03599,Sanya Patel,Male,20,Student,40848,Kochi,2021-03-05
CUST03600,Priya Mehta,Male,35,Business Owner,1411505,Mumbai,2019-01-12
CUST03601,Arjun Das,Female,25,Student,283224,Chennai,2024-10-19
CUST03602,Rahul Sharma,Male,39,Consultant,1138313,Patna,2025-06-27
CUST03603,Diya Iyer,Male,57,Engineer,657416,Jaipur,2025-02-01
CUST03604,Sneha Patel,Female,47,Manager,1682762,Mumbai,2023-03-17
CUST03605,Nikhil Nair,Male,28,Manager,2378716,Guwahati,2021-08-08
CUST03606,Karan Mishra,Male,20,Student,22811,Pune,2024-06-10
CUST03607,Sneha Reddy,Female,64,Retired,649384,Mumbai,2021-08-02
CUST03608,Diya Iyer,Male,32,Engineer,1318176,Bhopal,2022-12-03
CUST03609,Nikhil Iyer,Male,45,Engineer,1231482,Patna,2021-07-08
CUST03610,Rohit Mehta,Male,23,Student,285438,Ahmedabad,2020-05-07
CUST03611,Ananya Gupta,Male,56,Engineer,920344,Kochi,2021-10-27
CUST03612,Nikhil Joshi,Male,47,Designer,611067,Patna,2018-03-13
CUST03613,Ananya Jain,Male,41,Teacher,824717,Ranchi,2020-01-23
CUST03614,Aarav Das,Female,23,Student,81413,Bhubaneswar,2022-12-14
CUST03615,Mohit Patel,Male,28,Analyst,1072870,Patna,2019-11-04
CUST03616,Priya Sharma,Male,34,Engineer,820813,Kochi,2025-08-17
CUST03617,Sneha Das,Female,44,Consultant,2097342,Jaipur,2019-01-11
CUST03618,Arjun Reddy,Female,45,Government,674778,Surat,2022-01-30
CUST03619,Rahul Verma,Male,49,Manager,1702878,Lucknow,2018-08-17
CUST03620,Rohit Jain,Female,48,Analyst,794335,Lucknow,2018-12-09
CUST03621,Vivaan Verma,Male,42,Teacher,576295,Noida,2023-04-09
CUST03622,Riya Jain,Female,72,Retired,649004,Patna,2024-11-07
CUST03623,Sneha Gupta,Female,30,Government,1100968,Raipur,2018-04-16
CUST03624,Aditya Nair,Male,42,Consultant,1747160,Pune,2022-08-07
CUST03625,Mohit Jain,Male,50,Manager,2326607,Gurugram,2022-08-21
CUST03626,Mohit Ranjan,Male,40,Manager,2218532,Noida,2025-05-24
CUST03627,Mohit Ranjan,Male,68,Retired,764152,Raipur,2021-05-18
CUST03628,Arjun Patel,Female,54,Analyst,1089227,Bhubaneswar,2022-09-08
CUST03629,Diya Iyer,Female,26,Engineer,1288264,Kolkata,2022-09-03
CUST03630,Ananya Sharma,Female,36,Analyst,1371760,Raipur,2021-01-02
CUST03631,Nikhil Jain,Female,49,Government,951731,Kochi,2018-12-28
CUST03632,Aman Patel,Female,56,Designer,910978,Nagpur,2018-08-08
CUST03633,Ananya Patel,Male,21,Student,112986,Mumbai,2021-11-01
CUST03634,Mohit Mishra,Female,31,Doctor,1214330,Raipur,2022-02-15
CUST03635,Priya Jain,Male,51,Analyst,876139,Raipur,2023-03-02
CUST03636,Ananya Kumar,Male,49,Engineer,1124056,Ahmedabad,2022-10-21
CUST03637,Aarav Jain,Female,49,Analyst,1394427,Coimbatore,2023-06-20
CUST03638,Riya Ranjan,Female,58,Analyst,898346,Jaipur,2021-09-02
CUST03639,Rahul Gupta,Female,19,Student,208823,Vellore,2020-07-22
CUST03640,Karan Mehta,Male,47,Government,657828,Nagpur,2018-03-12
CUST03641,Ishita Nair,Male,34,Manager,1378161,Vellore,2018-06-10
CUST03642,Rohit Joshi,Male,45,Engineer,1034653,Patna,2021-01-29
CUST03643,Aman Iyer,Female,23,Student,225864,Coimbatore,2023-12-04
CUST03644,Aman Sharma,Male,22,Student,252954,Chandigarh,2023-08-31
CUST03645,Ishita Gupta,Female,41,Designer,772864,Chandigarh,2021-11-27
CUST03646,Vivaan Patel,Female,56,Engineer,1605334,Surat,2023-02-08
CUST03647,Nikhil Iyer,Female,24,Analyst,1297657,Ranchi,2022-03-20
CUST03648,Raj Mehta,Male,25,Manager,2163073,Chandigarh,2023-10-06
CUST03649,Vivaan Patel,Female,66,Retired,781010,Nagpur,2020-10-22
CUST03650,Nikhil Singh,Male,56,Designer,571472,Noida,2025-04-19
CUST03651,Neha Joshi,Female,46,Analyst,907734,Bhubaneswar,2018-09-14
CUST03652,Raj Jain,Male,43,Engineer,662724,Surat,2020-01-09
CUST03653,Reyansh Mishra,Male,45,Teacher,832587,Vellore,2019-04-01
CUST03654,Riya Verma,Female,44,Manager,1911862,Nagpur,2023-10-02
CUST03655,Aarav Singh,Male,33,Manager,1917058,Pune,2020-07-14
CUST03656,Sanya Joshi,Male,52,Analyst,1014573,Indore,2019-02-25
CUST03657,Raj Verma,Female,28,Engineer,1372412,Lucknow,2024-11-25
CUST03658,Ananya Reddy,Female,53,Business Owner,1483710,Pune,2018-05-31
CUST03659,Rohit Reddy,Female,45,Doctor,2848501,Coimbatore,2024-02-26
CUST03660,Rohit Ranjan,Female,47,Engineer,975783,Jaipur,2024-04-14
CUST03661,Vivaan Iyer,Male,32,Engineer,782728,Bhubaneswar,2024-09-26
CUST03662,Reyansh Verma,Female,22,Student,12528,Nagpur,2023-05-06
CUST03663,Aarav Sharma,Male,57,Business Owner,2107003,Bhopal,2024-06-12
CUST03664,Rahul Ranjan,Male,47,Teacher,775193,Bengaluru,2024-11-01
CUST03665,Vivaan Verma,Male,50,Manager,1938895,Coimbatore,2024-05-07
CUST03666,Aditya Verma,Female,75,Retired,681225,Noida,2025-04-04
CUST03667,Sanya Das,Male,30,Engineer,1590766,Vellore,2023-12-05
CUST03668,Aditya Patel,Female,37,Government,1003003,Nagpur,2019-12-26
CUST03669,Vivaan Kumar,Female,40,Engineer,746747,Vellore,2018-01-17
CUST03670,Raj Nair,Female,51,Government,627786,Patna,2019-07-19
CUST03671,Nikhil Singh,Male,24,Engineer,905405,Ahmedabad,2022-05-08
CUST03672,Sneha Singh,Male,42,Engineer,813337,Coimbatore,2018-11-29
CUST03673,Aman Jain,Female,57,Engineer,1291643,Patna,2023-01-04
CUST03674,Sanya Iyer,Male,45,Government,555799,Bhubaneswar,2025-03-19
CUST03675,Neha Joshi,Female,20,Student,160530,Vellore,2023-06-15
CUST03676,Ananya Mehta,Male,31,Teacher,515827,Delhi,2018-02-21
CUST03677,Ananya Mishra,Female,53,Doctor,2979294,Indore,2021-05-29
CUST03678,Raj Nair,Male,55,Business Owner,4514689,Delhi,2020-11-13
CUST03679,Vivaan Das,Male,25,Student,83365,Jaipur,2019-08-12
CUST03680,Aarav Ranjan,Female,43,Manager,1965360,Noida,2018-05-24
CUST03681,Sneha Verma,Male,49,Engineer,1767546,Hyderabad,2021-09-17
CUST03682,Arjun Patel,Female,58,Government,743508,Raipur,2024-10-14
CUST03683,Diya Verma,Female,45,Teacher,368599,Chennai,2019-03-06
CUST03684,Riya Mehta,Male,33,Analyst,983630,Guwahati,2018-11-03
CUST03685,Rahul Sharma,Male,44,Manager,2346395,Bhopal,2024-08-26
CUST03686,Rahul Patel,Female,19,Student,289512,Chandigarh,2023-04-23
CUST03687,Ishita Ranjan,Male,44,Teacher,564260,Patna,2018-03-30
CUST03688,Diya Ranjan,Male,56,Analyst,1318146,Lucknow,2023-09-24
CUST03689,Rohit Verma,Female,33,Engineer,714380,Bhopal,2023-03-11
CUST03690,Priya Singh,Female,53,Analyst,944827,Mumbai,2019-07-21
CUST03691,Aditya Singh,Female,58,Engineer,988260,Lucknow,2025-01-06
CUST03692,Vivaan Sharma,Male,32,Manager,2239515,Pune,2018-10-01
CUST03693,Arjun Singh,Male,44,Analyst,1035453,Guwahati,2021-11-08
CUST03694,Priya Iyer,Male,56,Consultant,1109191,Bengaluru,2022-12-03
CUST03695,Rohit Reddy,Male,55,Analyst,533045,Guwahati,2023-07-20
CUST03696,Karan Joshi,Male,46,Manager,1611586,Delhi,2021-05-18
CUST03697,Raj Patel,Female,35,Analyst,1267543,Kolkata,2020-02-24
CUST03698,Aman Sharma,Female,47,Teacher,739132,Nagpur,2023-01-23
CUST03699,Aarav Nair,Male,53,Doctor,2535535,Noida,2021-11-30
CUST03700,Vivaan Mishra,Female,44,Analyst,522185,Ahmedabad,2020-10-02
CUST03701,Ananya Ranjan,Male,27,Manager,1527358,Surat,2022-06-26
CUST03702,Aditya Patel,Female,30,Engineer,825526,Gurugram,2020-01-09
CUST03703,Aditya Kumar,Male,53,Manager,2018602,Ranchi,2019-04-23
CUST03704,Aman Singh,Female,28,Consultant,822543,Ahmedabad,2024-03-20
CUST03705,Aarav Ranjan,Male,50,Engineer,1294526,Jaipur,2020-01-18
CUST03706,Mohit Gupta,Male,36,Manager,2281901,Noida,2022-08-08
CUST03707,Arjun Mehta,Male,52,Designer,504150,Bhopal,2021-09-12
CUST03708,Ishita Joshi,Female,52,Consultant,1128148,Kochi,2023-06-24
CUST03709,Rohit Singh,Female,27,Consultant,1238237,Kochi,2024-01-13
CUST03710,Nikhil Patel,Female,26,Consultant,1714526,Coimbatore,2021-07-06
CUST03711,Rahul Reddy,Female,33,Doctor,1013761,Bhopal,2024-08-11
CUST03712,Aditya Jain,Male,46,Engineer,830885,Indore,2024-08-17
CUST03713,Rahul Verma,Male,31,Engineer,1458792,Indore,2021-12-26
CUST03714,Raj Gupta,Female,58,Manager,2023247,Delhi,2021-06-10
CUST03715,Neha Nair,Male,20,Student,44513,Pune,2020-03-08
CUST03716,Arjun Singh,Female,34,Business Owner,3995204,Raipur,2024-09-02
CUST03717,Sneha Sharma,Male,32,Engineer,1799768,Ranchi,2020-06-27
CUST03718,Neha Singh,Male,40,Engineer,1013802,Kochi,2023-02-11
CUST03719,Vivaan Kumar,Female,50,Manager,2036100,Kochi,2020-12-29
CUST03720,Karan Mehta,Female,73,Retired,667399,Ranchi,2018-11-03
CUST03721,Karan Nair,Male,39,Teacher,400175,Delhi,2020-01-02
CUST03722,Diya Gupta,Male,37,Engineer,658117,Vellore,2023-07-19
CUST03723,Ananya Das,Female,41,Engineer,1628342,Patna,2024-01-22
CUST03724,Nikhil Das,Female,26,Doctor,1630036,Surat,2021-01-17
CUST03725,Neha Joshi,Female,37,Engineer,1170611,Jaipur,2023-04-07
CUST03726,Rahul Ranjan,Female,38,Engineer,1402933,Kochi,2021-08-03
CUST03727,Ishita Mehta,Male,54,Engineer,707466,Pune,2018-10-01
CUST03728,Aman Kumar,Male,49,Business Owner,4245457,Bhubaneswar,2018-05-01
CUST03729,Priya Gupta,Male,24,Manager,2076527,Vellore,2021-11-08
CUST03730,Aarav Gupta,Male,31,Teacher,358243,Jaipur,2021-08-26
CUST03731,Sanya Kumar,Male,33,Business Owner,3726049,Chandigarh,2024-08-30
CUST03732,Mohit Iyer,Female,29,Government,1190369,Kochi,2020-05-18
CUST03733,Mohit Mishra,Male,72,Retired,704607,Mumbai,2019-10-07
CUST03734,Reyansh Singh,Female,25,Student,129725,Lucknow,2021-09-14
CUST03735,Nikhil Joshi,Male,43,Engineer,750188,Gurugram,2021-03-29
CUST03736,Reyansh Sharma,Male,31,Government,937659,Raipur,2024-08-08
CUST03737,Ishita Gupta,Female,35,Manager,1074035,Kolkata,2019-08-01
CUST03738,Aman Mehta,Female,55,Government,958878,Guwahati,2022-03-04
CUST03739,Karan Gupta,Female,58,Doctor,1721652,Indore,2022-04-11
CUST03740,Sanya Kumar,Male,46,Manager,1904163,Indore,2020-07-16
CUST03741,Aditya Verma,Male,45,Teacher,407706,Ahmedabad,2022-12-12
CUST03742,Sneha Iyer,Female,32,Consultant,964432,Pune,2025-01-22
CUST03743,Rahul Patel,Female,38,Manager,2040717,Patna,2024-04-15
CUST03744,Reyansh Jain,Female,29,Analyst,1148351,Kochi,2022-02-20
CUST03745,Neha Reddy,Male,56,Engineer,1000802,Pune,2020-04-05
CUST03746,Ananya Jain,Female,24,Student,292599,Mumbai,2021-09-26
CUST03747,Raj Singh,Male,47,Government,695501,Guwahati,2022-09-01
CUST03748,Rohit Mehta,Male,29,Manager,1146827,Bengaluru,2019-02-18
CUST03749,Aarav Mehta,Female,41,Engineer,1654613,Vellore,2019-08-31
CUST03750,Rohit Gupta,Female,65,Retired,713958,Raipur,2025-08-02
CUST03751,Raj Verma,Female,20,Student,240053,Chennai,2019-07-26
CUST03752,Aman Ranjan,Male,39,Government,1111410,Coimbatore,2020-03-14
CUST03753,Karan Sharma,Male,26,Designer,909325,Ahmedabad,2022-06-20
CUST03754,Rohit Kumar,Female,38,Doctor,2850972,Hyderabad,2020-05-04
CUST03755,Mohit Mehta,Male,37,Engineer,1768869,Guwahati,2020-08-08
CUST03756,Aarav Verma,Female,73,Retired,279836,Bhopal,2025-02-17
CUST03757,Arjun Mehta,Male,66,Retired,623453,Surat,2022-01-02
CUST03758,Priya Joshi,Male,35,Business Owner,2667162,Kochi,2022-11-18
CUST03759,Rahul Mishra,Female,57,Teacher,712339,Guwahati,2025-06-10
CUST03760,Karan Patel,Male,41,Manager,1692828,Indore,2020-01-20
CUST03761,Ishita Gupta,Female,74,Retired,455033,Patna,2025-06-29
CUST03762,Priya Nair,Male,61,Retired,281088,Patna,2025-07-29
CUST03763,Reyansh Ranjan,Female,50,Engineer,1076674,Surat,2023-02-05
CUST03764,Aarav Mehta,Male,33,Analyst,540378,Ranchi,2019-06-18
CUST03765,Arjun Iyer,Male,39,Consultant,720559,Hyderabad,2018-07-28
CUST03766,Diya Reddy,Male,41,Engineer,712916,Gurugram,2025-06-17
CUST03767,Mohit Reddy,Male,49,Manager,1424438,Vellore,2021-05-27
CUST03768,Diya Kumar,Female,52,Teacher,707668,Kochi,2025-01-06
CUST03769,Aarav Kumar,Female,35,Teacher,574568,Kolkata,2022-08-19
CUST03770,Karan Sharma,Female,26,Engineer,1116920,Bengaluru,2024-10-19
CUST03771,Diya Joshi,Male,24,Student,23243,Chennai,2025-04-28
CUST03772,Rahul Jain,Female,35,Teacher,531251,Nagpur,2019-03-16
CUST03773,Sneha Jain,Male,57,Government,413845,Guwahati,2022-09-01
CUST03774,Mohit Joshi,Female,39,Engineer,1020960,Ranchi,2020-11-21
CUST03775,Diya Verma,Female,23,Student,158324,Surat,2022-08-18
CUST03776,Sneha Sharma,Male,18,Student,299447,Chandigarh,2024-11-30
CUST03777,Aarav Reddy,Male,52,Manager,1923820,Bhubaneswar,2020-01-18
CUST03778,Aditya Singh,Female,50,Manager,2289937,Kochi,2022-11-23
CUST03779,Mohit Jain,Male,28,Engineer,1379511,Lucknow,2023-11-24
CUST03780,Ananya Gupta,Female,22,Student,273397,Bhopal,2020-08-08
CUST03781,Mohit Das,Male,32,Manager,1113485,Delhi,2021-11-20
CUST03782,Rahul Iyer,Male,36,Business Owner,1461795,Bhubaneswar,2023-09-24
CUST03783,Priya Verma,Male,39,Analyst,671671,Mumbai,2022-01-24
CUST03784,Neha Mishra,Male,40,Business Owner,1355655,Jaipur,2024-07-14
CUST03785,Ananya Kumar,Male,34,Government,880350,Delhi,2018-01-14
CUST03786,Vivaan Mishra,Male,19,Student,236538,Chandigarh,2023-12-24
CUST03787,Aarav Verma,Female,58,Government,795736,Patna,2024-01-24
CUST03788,Rohit Jain,Male,34,Government,914613,Bengaluru,2022-10-31
CUST03789,Karan Verma,Female,45,Government,856600,Lucknow,2019-07-07
CUST03790,Mohit Mehta,Male,40,Doctor,2694093,Chandigarh,2023-09-08
CUST03791,Sneha Mehta,Male,25,Analyst,1135706,Noida,2022-07-28
CUST03792,Sneha Patel,Female,53,Designer,878359,Lucknow,2025-06-30
CUST03793,Rahul Ranjan,Female,54,Government,838561,Kolkata,2025-08-10
CUST03794,Mohit Reddy,Male,75,Retired,326848,Bhopal,2022-01-13
CUST03795,Raj Jain,Female,30,Analyst,690565,Hyderabad,2023-10-31
CUST03796,Diya Jain,Female,29,Doctor,1964348,Chennai,2020-07-13
CUST03797,Raj Mishra,Female,44,Analyst,1073402,Bhubaneswar,2020-08-12
CUST03798,Karan Iyer,Male,26,Engineer,746301,Gurugram,2022-08-09
CUST03799,Sanya Das,Female,22,Student,186315,Hyderabad,2021-06-23
CUST03800,Diya Mishra,Female,41,Doctor,2464081,Mumbai,2024-05-13
CUST03801,Riya Gupta,Female,22,Student,174984,Surat,2019-11-25
CUST03802,Neha Sharma,Male,25,Engineer,994941,Bhubaneswar,2018-07-15
CUST03803,Ananya Das,Male,31,Consultant,784868,Coimbatore,2024-05-12
CUST03804,Mohit Jain,Female,42,Government,1145302,Mumbai,2024-12-26
CUST03805,Rahul Das,Male,43,Engineer,1768737,Hyderabad,2018-01-09
CUST03806,Ananya Mishra,Female,55,Government,458260,Indore,2021-04-05
CUST03807,Ishita Joshi,Male,47,Business Owner,4550259,Mumbai,2021-07-08
CUST03808,Karan Iyer,Male,50,Teacher,465802,Patna,2020-06-17
CUST03809,Ishita Mishra,Male,61,Retired,339765,Ahmedabad,2019-03-22
CUST03810,Riya Joshi,Male,55,Doctor,1965652,Bhubaneswar,2023-07-14
CUST03811,Sneha Singh,Male,51,Manager,1018839,Delhi,2025-03-15
CUST03812,Rahul Jain,Male,30,Manager,1781802,Indore,2024-06-27
CUST03813,Mohit Ranjan,Female,57,Analyst,681580,Chandigarh,2024-07-06
CUST03814,Diya Mishra,Female,34,Engineer,889505,Kolkata,2019-09-22
CUST03815,Rahul Iyer,Female,37,Engineer,1790032,Chandigarh,2018-02-08
CUST03816,Ananya Gupta,Female,23,Student,9056,Delhi,2023-06-06
CUST03817,Aditya Das,Female,55,Government,625333,Kochi,2025-06-18
CUST03818,Reyansh Iyer,Male,34,Engineer,1262868,Ranchi,2023-05-17
CUST03819,Rahul Nair,Male,23,Student,257372,Kolkata,2018-04-24
CUST03820,Aman Ranjan,Female,20,Student,71717,Hyderabad,2020-11-28
CUST03821,Reyansh Das,Female,25,Business Owner,2624856,Kolkata,2019-08-11
CUST03822,Aditya Sharma,Female,19,Student,215300,Guwahati,2025-01-10
CUST03823,Ishita Kumar,Male,37,Consultant,1695787,Delhi,2020-01-28
CUST03824,Riya Iyer,Female,41,Teacher,891772,Raipur,2018-08-11
CUST03825,Riya Iyer,Female,28,Engineer,1288473,Coimbatore,2023-07-22
CUST03826,Karan Gupta,Female,20,Student,281465,Guwahati,2024-06-25
CUST03827,Riya Gupta,Female,43,Analyst,1097797,Gurugram,2018-11-21
CUST03828,Karan Ranjan,Male,61,Retired,364473,Ranchi,2021-05-23
CUST03829,Arjun Joshi,Male,58,Consultant,916727,Ahmedabad,2024-07-14
CUST03830,Ananya Gupta,Female,47,Designer,809271,Ahmedabad,2023-04-27
CUST03831,Neha Joshi,Female,38,Business Owner,4957268,Hyderabad,2025-02-11
CUST03832,Priya Patel,Male,26,Engineer,775850,Kolkata,2025-01-19
CUST03833,Reyansh Iyer,Female,34,Manager,1792815,Coimbatore,2021-05-29
CUST03834,Rahul Jain,Female,32,Engineer,788464,Hyderabad,2025-07-09
CUST03835,Ananya Jain,Female,43,Analyst,1046773,Hyderabad,2019-10-02
CUST03836,Aditya Gupta,Female,42,Engineer,1179941,Gurugram,2024-04-06
CUST03837,Neha Mishra,Male,51,Teacher,710114,Patna,2022-08-15
CUST03838,Aditya Joshi,Male,27,Government,1072675,Noida,2022-10-12
CUST03839,Aarav Kumar,Female,39,Manager,1308433,Bengaluru,2020-11-22
CUST03840,Aditya Patel,Female,33,Analyst,1144751,Nagpur,2021-09-15
CUST03841,Nikhil Patel,Male,55,Engineer,1247353,Gurugram,2024-10-03
CUST03842,Vivaan Kumar,Male,27,Analyst,518551,Raipur,2022-01-31
CUST03843,Sanya Mehta,Female,39,Engineer,601629,Ahmedabad,2018-01-22
CUST03844,Rohit Patel,Female,56,Government,579416,Lucknow,2019-04-18
CUST03845,Aman Mehta,Male,36,Consultant,810839,Delhi,2021-10-02
CUST03846,Raj Das,Male,21,Student,128095,Patna,2023-09-09
CUST03847,Riya Sharma,Female,40,Manager,1646716,Gurugram,2021-04-30
CUST03848,Mohit Nair,Male,42,Manager,1109525,Pune,2021-10-20
CUST03849,Riya Joshi,Male,26,Manager,1052228,Lucknow,2022-10-24
CUST03850,Karan Sharma,Female,25,Student,34599,Kolkata,2018-06-11
CUST03851,Arjun Singh,Male,30,Engineer,796522,Kolkata,2018-02-09
CUST03852,Karan Kumar,Female,52,Designer,443341,Bhopal,2018-10-06
CUST03853,Ananya Sharma,Male,33,Engineer,770284,Lucknow,2019-07-20
CUST03854,Aarav Nair,Female,40,Manager,1675509,Kolkata,2021-01-30
CUST03855,Arjun Reddy,Male,34,Manager,2237100,Hyderabad,2024-06-01
CUST03856,Aditya Nair,Male,27,Engineer,625079,Raipur,2018-11-08
CUST03857,Mohit Joshi,Female,42,Manager,1431743,Noida,2021-05-10
CUST03858,Aman Ranjan,Female,64,Retired,519417,Ranchi,2024-12-22
CUST03859,Sanya Gupta,Male,21,Student,104456,Ranchi,2021-11-09
CUST03860,Neha Das,Male,22,Student,204360,Kochi,2025-02-18
CUST03861,Arjun Reddy,Male,41,Analyst,1217277,Bhubaneswar,2020-07-02
CUST03862,Nikhil Nair,Male,29,Designer,673776,Bengaluru,2025-08-12
CUST03863,Ishita Reddy,Female,37,Analyst,958299,Kochi,2018-11-06
CUST03864,Neha Mishra,Male,41,Teacher,780523,Chennai,2024-12-23
CUST03865,Ishita Ranjan,Female,64,Retired,794951,Ahmedabad,2024-04-25
CUST03866,Aman Jain,Female,27,Engineer,1045365,Coimbatore,2019-11-10
CUST03867,Aarav Verma,Male,37,Analyst,1131267,Lucknow,2018-06-02
CUST03868,Neha Das,Male,54,Consultant,966384,Chennai,2018-09-17
CUST03869,Rahul Jain,Male,56,Business Owner,3646409,Kolkata,2025-07-31
CUST03870,Sneha Joshi,Female,49,Government,1143682,Pune,2018-05-16
CUST03871,Sneha Singh,Female,57,Engineer,965653,Hyderabad,2025-07-31
CUST03872,Arjun Iyer,Male,41,Teacher,657540,Ahmedabad,2022-04-02
CUST03873,Neha Mishra,Male,36,Manager,1513162,Bhubaneswar,2024-09-26
CUST03874,Vivaan Mehta,Male,32,Analyst,528882,Hyderabad,2023-04-11
CUST03875,Rohit Mishra,Female,32,Doctor,1778279,Bhubaneswar,2023-11-20
CUST03876,Rahul Joshi,Female,38,Consultant,1850419,Raipur,2018-01-27
CUST03877,Ananya Singh,Female,53,Government,643718,Lucknow,2023-01-10
CUST03878,Arjun Singh,Female,49,Designer,777886,Pune,2023-02-15
CUST03879,Vivaan Gupta,Male,19,Student,170607,Guwahati,2021-03-12
CUST03880,Priya Nair,Male,32,Engineer,1096785,Nagpur,2025-08-17
CUST03881,Aarav Kumar,Female,31,Analyst,705102,Jaipur,2024-11-20
CUST03882,Rohit Mishra,Male,26,Analyst,1109668,Mumbai,2025-01-10
CUST03883,Mohit Kumar,Male,33,Engineer,1444587,Kolkata,2019-04-26
CUST03884,Arjun Patel,Male,27,Doctor,2459546,Bhopal,2018-07-24
CUST03885,Priya Singh,Male,34,Designer,837700,Bhubaneswar,2021-02-03
CUST03886,Riya Mehta,Female,20,Student,250328,Noida,2021-10-18
CUST03887,Mohit Verma,Male,33,Consultant,2122638,Chandigarh,2022-03-26
CUST03888,Aditya Joshi,Male,26,Engineer,1193743,Nagpur,2021-01-12
CUST03889,Diya Reddy,Male,43,Teacher,509593,Surat,2020-01-20
CUST03890,Vivaan Verma,Male,21,Student,230403,Nagpur,2021-07-21
CUST03891,Arjun Kumar,Male,31,Business Owner,1830104,Bhubaneswar,2019-02-23
CUST03892,Karan Joshi,Male,28,Engineer,980324,Gurugram,2018-07-18
CUST03893,Ishita Iyer,Male,41,Designer,544167,Indore,2022-02-09
CUST03894,Nikhil Joshi,Female,52,Doctor,2959549,Noida,2020-11-01
CUST03895,Mohit Ranjan,Male,48,Engineer,824038,Ahmedabad,2020-10-27
CUST03896,Raj Iyer,Male,34,Engineer,1193074,Pune,2018-07-27
CUST03897,Aman Jain,Male,37,Analyst,1327479,Hyderabad,2024-11-22
CUST03898,Nikhil Sharma,Female,35,Engineer,814347,Bengaluru,2025-01-15
CUST03899,Reyansh Mehta,Female,57,Manager,1095215,Chandigarh,2018-06-12
CUST03900,Sanya Das,Female,71,Retired,254728,Guwahati,2021-01-24
CUST03901,Aditya Jain,Male,21,Student,53655,Ahmedabad,2022-02-25
CUST03902,Reyansh Gupta,Female,55,Analyst,702753,Ahmedabad,2023-02-04
CUST03903,Karan Mehta,Female,40,Consultant,1939101,Chennai,2025-07-24
CUST03904,Riya Jain,Male,25,Student,213783,Noida,2018-07-19
CUST03905,Diya Joshi,Male,41,Analyst,1056591,Raipur,2020-07-19
CUST03906,Aman Verma,Male,34,Analyst,814228,Noida,2022-06-13
CUST03907,Aman Joshi,Male,58,Business Owner,2469582,Pune,2019-07-02
CUST03908,Rahul Kumar,Male,21,Student,192994,Patna,2020-08-12
CUST03909,Sanya Joshi,Male,27,Engineer,894477,Raipur,2020-09-22
CUST03910,Ishita Iyer,Male,38,Engineer,1699654,Pune,2021-08-17
CUST03911,Priya Ranjan,Female,23,Student,255932,Guwahati,2023-03-13
CUST03912,Ananya Nair,Female,25,Student,73678,Bengaluru,2020-05-28
CUST03913,Aarav Jain,Female,39,Analyst,766519,Pune,2024-08-22
CUST03914,Aditya Kumar,Female,53,Analyst,977319,Kochi,2019-11-12
CUST03915,Rohit Iyer,Female,57,Government,477728,Mumbai,2024-11-29
CUST03916,Karan Iyer,Female,51,Government,567219,Nagpur,2023-09-11
CUST03917,Ishita Nair,Female,48,Analyst,1193160,Bhopal,2024-05-23
CUST03918,Aman Mehta,Male,58,Government,474998,Mumbai,2022-05-10
CUST03919,Arjun Patel,Male,38,Consultant,2070137,Chandigarh,2019-07-24
CUST03920,Raj Patel,Male,20,Student,104639,Chandigarh,2023-07-10
CUST03921,Arjun Jain,Male,43,Engineer,626093,Bhubaneswar,2025-04-23
CUST03922,Ishita Kumar,Male,29,Analyst,811172,Vellore,2021-10-28
CUST03923,Aarav Sharma,Female,24,Engineer,1239631,Mumbai,2024-01-10
CUST03924,Aarav Gupta,Male,36,Teacher,653088,Raipur,2023-11-08
CUST03925,Vivaan Mishra,Male,28,Business Owner,3180536,Jaipur,2023-12-03
CUST03926,Priya Verma,Male,33,Government,1093453,Delhi,2019-05-31
CUST03927,Karan Singh,Male,55,Engineer,1316266,Ranchi,2023-11-04
CUST03928,Rohit Das,Male,36,Analyst,723424,Raipur,2019-05-04
CUST03929,Riya Nair,Male,54,Teacher,429865,Chandigarh,2022-10-17
CUST03930,Vivaan Mehta,Female,18,Student,60682,Lucknow,2022-12-20
CUST03931,Aarav Gupta,Male,23,Student,19776,Gurugram,2024-03-24
CUST03932,Reyansh Singh,Male,50,Business Owner,1167606,Chennai,2022-02-09
CUST03933,Ishita Jain,Male,55,Teacher,881636,Vellore,2019-12-02
CUST03934,Raj Reddy,Male,52,Analyst,749414,Nagpur,2023-04-16
CUST03935,Rahul Jain,Male,32,Consultant,1089153,Nagpur,2025-05-16
CUST03936,Rohit Gupta,Male,27,Engineer,1509801,Ahmedabad,2018-04-10
CUST03937,Reyansh Verma,Female,53,Manager,1302010,Gurugram,2024-02-17
CUST03938,Raj Iyer,Male,34,Manager,1730471,Delhi,2025-04-12
CUST03939,Raj Nair,Male,57,Doctor,2890390,Patna,2018-04-09
CUST03940,Aman Nair,Male,36,Government,811158,Surat,2020-09-26
CUST03941,Rohit Das,Female,51,Analyst,1344445,Patna,2019-08-28
CUST03942,Ishita Iyer,Female,28,Analyst,1068534,Ranchi,2018-04-04
CUST03943,Raj Kumar,Female,30,Government,549481,Ahmedabad,2020-10-14
CUST03944,Sanya Joshi,Female,52,Engineer,916532,Gurugram,2023-08-13
CUST03945,Mohit Singh,Female,19,Student,193699,Vellore,2020-04-14
CUST03946,Aarav Gupta,Male,18,Student,74737,Raipur,2018-03-16
CUST03947,Sneha Joshi,Male,72,Retired,655077,Noida,2023-07-06
CUST03948,Aman Singh,Male,25,Student,243334,Pune,2020-04-06
CUST03949,Riya Iyer,Male,24,Student,24182,Hyderabad,2020-04-26
CUST03950,Sanya Jain,Female,22,Student,231648,Jaipur,2019-05-06
CUST03951,Aarav Ranjan,Male,68,Retired,565554,Mumbai,2021-11-30
CUST03952,Ananya Mehta,Male,46,Manager,1854480,Hyderabad,2020-12-26
CUST03953,Ananya Jain,Male,39,Business Owner,3941449,Lucknow,2020-07-24
CUST03954,Sneha Nair,Female,52,Manager,1270420,Delhi,2020-07-31
CUST03955,Raj Iyer,Female,53,Business Owner,1669722,Lucknow,2018-02-09
CUST03956,Rohit Ranjan,Male,46,Business Owner,874870,Chennai,2024-11-19
CUST03957,Rahul Ranjan,Male,46,Teacher,563978,Patna,2020-03-01
CUST03958,Riya Nair,Male,36,Engineer,1116995,Hyderabad,2019-12-20
CUST03959,Aman Mishra,Male,45,Manager,2196378,Chandigarh,2018-02-12
CUST03960,Sanya Ranjan,Male,30,Doctor,2824503,Jaipur,2018-05-25
CUST03961,Vivaan Iyer,Female,30,Engineer,1006665,Hyderabad,2020-02-29
CUST03962,Riya Nair,Male,62,Retired,230388,Patna,2020-10-15
CUST03963,Ananya Verma,Female,44,Analyst,1238502,Mumbai,2018-12-05
CUST03964,Rahul Joshi,Male,30,Government,1157739,Chandigarh,2023-03-21
CUST03965,Ishita Iyer,Female,58,Analyst,1266138,Indore,2024-03-12
CUST03966,Arjun Joshi,Male,27,Manager,1496732,Gurugram,2019-10-05
CUST03967,Riya Singh,Female,58,Designer,858788,Coimbatore,2019-12-10
CUST03968,Aman Joshi,Male,65,Retired,284427,Raipur,2022-07-11
CUST03969,Sneha Joshi,Female,51,Engineer,1389113,Kochi,2020-11-12
CUST03970,Sneha Kumar,Male,62,Retired,319064,Raipur,2023-06-24
CUST03971,Ishita Ranjan,Male,32,Analyst,734807,Jaipur,2020-10-19
CUST03972,Raj Kumar,Male,40,Teacher,640689,Coimbatore,2019-12-16
CUST03973,Priya Joshi,Male,35,Business Owner,879063,Coimbatore,2022-05-15
CUST03974,Priya Reddy,Female,29,Engineer,1138804,Kochi,2024-04-16
CUST03975,Priya Verma,Male,48,Doctor,1494393,Ranchi,2021-06-19
CUST03976,Diya Sharma,Male,21,Student,172506,Gurugram,2019-12-16
CUST03977,Raj Gupta,Female,48,Engineer,1299410,Bhubaneswar,2024-04-08
CUST03978,Raj Gupta,Male,46,Engineer,735431,Raipur,2022-11-14
CUST03979,Ishita Mehta,Male,33,Business Owner,4203776,Patna,2019-02-23
CUST03980,Aarav Patel,Female,30,Government,1149425,Patna,2022-07-22
CUST03981,Riya Kumar,Male,46,Engineer,1430465,Bhubaneswar,2020-03-07
CUST03982,Aman Singh,Female,51,Engineer,1296870,Gurugram,2021-01-16
CUST03983,Aman Joshi,Male,53,Engineer,872438,Lucknow,2020-08-20
CUST03984,Neha Verma,Female,53,Business Owner,1504626,Ranchi,2022-10-01
CUST03985,Sanya Mishra,Female,31,Consultant,1935565,Bhopal,2019-03-07
CUST03986,Vivaan Mehta,Male,51,Government,502138,Indore,2021-12-01
CUST03987,Aman Mehta,Male,42,Engineer,1469161,Coimbatore,2024-07-30
CUST03988,Sanya Joshi,Male,61,Retired,759816,Ranchi,2022-11-15
CUST03989,Sneha Verma,Male,56,Engineer,1163168,Nagpur,2023-03-02
CUST03990,Aditya Patel,Male,47,Manager,921927,Ranchi,2022-05-01
CUST03991,Sneha Mishra,Male,19,Student,120188,Kochi,2018-02-15
CUST03992,Vivaan Jain,Male,27,Government,1071928,Bengaluru,2021-10-10
CUST03993,Aditya Verma,Female,46,Manager,1193864,Patna,2022-11-07
CUST03994,Diya Verma,Male,25,Student,275139,Vellore,2020-04-24
CUST03995,Sneha Joshi,Female,40,Teacher,862443,Kolkata,2021-11-12
CUST03996,Riya Mishra,Male,43,Analyst,1044371,Lucknow,2020-02-17
CUST03997,Reyansh Das,Female,22,Student,221878,Hyderabad,2024-08-14
CUST03998,Rohit Das,Male,55,Government,470605,Surat,2025-07-25
CUST03999,Aman Mehta,Male,51,Manager,1137584,Pune,2024-06-14
CUST04000,Reyansh Jain,Female,47,Government,932948,Surat,2020-10-29
CUST04001,Neha Reddy,Female,21,Student,115884,Chennai,2020-01-10
CUST04002,Riya Mehta,Male,38,Business Owner,1341028,Kochi,2019-11-12
CUST04003,Aarav Mehta,Male,46,Manager,1016664,Chandigarh,2024-04-23
CUST04004,Rahul Verma,Male,50,Analyst,909996,Lucknow,2024-04-03
CUST04005,Sanya Jain,Male,31,Engineer,1791778,Patna,2022-08-29
CUST04006,Ishita Mehta,Male,37,Engineer,1688173,Bhubaneswar,2025-08-08
CUST04007,Aarav Joshi,Female,54,Business Owner,2964897,Kolkata,2021-09-04
CUST04008,Raj Joshi,Female,37,Manager,1683924,Bengaluru,2018-05-28
CUST04009,Sanya Singh,Male,58,Analyst,894340,Kolkata,2024-02-13
CUST04010,Priya Patel,Female,36,Analyst,1232200,Kochi,2021-10-29
CUST04011,Aman Reddy,Female,57,Analyst,1027940,Surat,2025-07-13
CUST04012,Aman Nair,Female,46,Doctor,1597835,Surat,2020-08-25
CUST04013,Vivaan Joshi,Female,56,Business Owner,1027065,Bengaluru,2022-09-28
CUST04014,Mohit Mehta,Male,25,Teacher,486971,Ahmedabad,2024-01-07
CUST04015,Sanya Patel,Male,30,Analyst,1376668,Nagpur,2019-12-27
CUST04016,Arjun Iyer,Female,44,Engineer,812878,Chennai,2020-08-05
CUST04017,Karan Joshi,Female,24,Manager,1205736,Delhi,2024-03-13
CUST04018,Rohit Verma,Female,35,Consultant,701590,Jaipur,2020-12-04
CUST04019,Aman Verma,Female,30,Engineer,1590809,Nagpur,2021-01-19
CUST04020,Aarav Verma,Female,32,Engineer,1224177,Lucknow,2023-03-17
CUST04021,Ananya Mehta,Female,47,Government,686973,Bhopal,2022-04-17
CUST04022,Aditya Reddy,Female,48,Manager,1162113,Noida,2025-01-31
CUST04023,Vivaan Nair,Female,44,Doctor,1151533,Ahmedabad,2021-10-08
CUST04024,Nikhil Kumar,Male,28,Consultant,1338149,Vellore,2025-01-09
CUST04025,Riya Nair,Male,32,Teacher,449257,Hyderabad,2023-03-22
CUST04026,Diya Gupta,Female,31,Business Owner,2689752,Coimbatore,2018-10-13
CUST04027,Reyansh Das,Male,50,Doctor,1418815,Patna,2022-10-25
CUST04028,Karan Nair,Male,34,Manager,2498877,Pune,2024-01-14
CUST04029,Aman Gupta,Male,46,Government,654098,Raipur,2021-05-01
CUST04030,Aman Jain,Male,44,Government,507879,Ahmedabad,2021-12-06
CUST04031,Vivaan Gupta,Male,27,Engineer,933850,Hyderabad,2023-01-14
CUST04032,Rohit Jain,Male,51,Teacher,486601,Surat,2023-06-25
CUST04033,Riya Das,Female,35,Teacher,508161,Chandigarh,2023-06-06
CUST04034,Karan Patel,Male,54,Analyst,1129827,Guwahati,2023-12-04
CUST04035,Priya Reddy,Female,49,Doctor,1583959,Kochi,2021-07-12
CUST04036,Rohit Singh,Male,25,Student,142679,Delhi,2020-03-25
CUST04037,Riya Patel,Female,48,Analyst,1199141,Kolkata,2021-12-20
CUST04038,Riya Ranjan,Female,44,Engineer,1375881,Kochi,2023-05-21
CUST04039,Diya Das,Male,51,Designer,745703,Bhopal,2023-07-17
CUST04040,Karan Patel,Male,31,Engineer,1647499,Bhubaneswar,2022-09-13
CUST04041,Rohit Nair,Male,35,Engineer,1285000,Patna,2023-06-09
CUST04042,Nikhil Das,Female,46,Government,1084157,Bengaluru,2019-08-15
CUST04043,Aarav Singh,Female,36,Engineer,1140396,Ahmedabad,2023-10-12
CUST04044,Ananya Mishra,Female,25,Analyst,1159532,Bhopal,2025-05-06
CUST04045,Aman Iyer,Female,21,Student,53438,Surat,2021-10-22
CUST04046,Rohit Reddy,Male,69,Retired,277120,Pune,2020-03-26
CUST04047,Riya Verma,Male,37,Manager,1784124,Pune,2022-06-07
CUST04048,Karan Reddy,Male,46,Designer,994280,Ahmedabad,2019-11-23
CUST04049,Nikhil Joshi,Female,49,Consultant,1967209,Chandigarh,2021-09-14
CUST04050,Nikhil Jain,Female,35,Consultant,1438139,Hyderabad,2025-01-31
CUST04051,Mohit Verma,Male,23,Student,33582,Gurugram,2024-02-10
CUST04052,Sneha Sharma,Male,29,Manager,2255844,Jaipur,2018-04-29
CUST04053,Aarav Mishra,Male,45,Engineer,1628377,Vellore,2021-08-26
CUST04054,Ishita Gupta,Male,56,Teacher,472757,Noida,2023-07-15
CUST04055,Neha Singh,Female,50,Engineer,1623451,Ahmedabad,2025-05-14
CUST04056,Sneha Das,Female,40,Analyst,592983,Ahmedabad,2018-09-14
CUST04057,Arjun Iyer,Female,22,Student,122994,Jaipur,2020-02-07
CUST04058,Ishita Mehta,Male,50,Government,1196256,Patna,2022-07-14
CUST04059,Rohit Nair,Male,47,Government,597440,Surat,2020-09-05
CUST04060,Karan Iyer,Male,34,Teacher,422458,Guwahati,2020-07-20
CUST04061,Riya Mehta,Female,33,Analyst,1218309,Delhi,2025-05-14
CUST04062,Vivaan Jain,Female,46,Engineer,1606156,Chandigarh,2024-06-29
CUST04063,Aman Joshi,Male,22,Student,235814,Guwahati,2022-09-26
CUST04064,Arjun Sharma,Female,28,Manager,1854643,Raipur,2021-04-28
CUST04065,Diya Gupta,Female,33,Engineer,1666066,Bhubaneswar,2021-09-09
CUST04066,Aman Joshi,Male,41,Engineer,902948,Surat,2025-01-01
CUST04067,Karan Joshi,Female,51,Consultant,1712924,Delhi,2024-07-23
CUST04068,Reyansh Gupta,Male,52,Manager,2136789,Jaipur,2023-12-12
CUST04069,Mohit Mishra,Female,37,Doctor,2811760,Raipur,2023-10-27
CUST04070,Reyansh Mishra,Male,19,Student,209158,Kochi,2023-05-27
CUST04071,Priya Mehta,Male,35,Analyst,1171916,Jaipur,2021-03-15
CUST04072,Sanya Jain,Male,29,Manager,1616913,Bhopal,2021-11-15
CUST04073,Sanya Kumar,Female,26,Engineer,745108,Bengaluru,2024-07-03
CUST04074,Ishita Singh,Male,32,Engineer,727308,Jaipur,2022-06-09
CUST04075,Aditya Mehta,Male,32,Engineer,963262,Guwahati,2023-02-19
CUST04076,Nikhil Mehta,Female,44,Engineer,627965,Bengaluru,2018-03-08
CUST04077,Mohit Patel,Female,36,Doctor,1391292,Mumbai,2019-01-06
CUST04078,Karan Jain,Male,41,Teacher,689745,Noida,2023-10-22
CUST04079,Ishita Kumar,Male,25,Student,292915,Noida,2020-08-10
CUST04080,Aarav Gupta,Female,64,Retired,794294,Ahmedabad,2024-10-22
CUST04081,Diya Nair,Female,37,Engineer,1595472,Indore,2022-12-04
CUST04082,Sneha Das,Male,24,Designer,605125,Bengaluru,2022-05-24
CUST04083,Ishita Gupta,Female,50,Engineer,1329071,Chennai,2021-04-03
CUST04084,Sanya Reddy,Male,20,Student,94892,Hyderabad,2022-04-20
CUST04085,Diya Mehta,Female,42,Engineer,1720497,Vellore,2018-04-25
CUST04086,Priya Iyer,Male,24,Designer,804588,Chandigarh,2019-03-14
CUST04087,Diya Gupta,Female,30,Analyst,1132210,Bengaluru,2024-12-23
CUST04088,Reyansh Jain,Male,40,Analyst,1159352,Pune,2025-08-31
CUST04089,Diya Singh,Female,39,Analyst,980602,Pune,2018-04-26
CUST04090,Arjun Kumar,Male,26,Engineer,1441862,Nagpur,2023-09-30
CUST04091,Sneha Patel,Female,21,Student,793,Nagpur,2021-06-24
CUST04092,Ishita Mehta,Male,72,Retired,280590,Bhubaneswar,2020-11-20
CUST04093,Raj Gupta,Female,46,Government,958757,Pune,2025-04-27
CUST04094,Arjun Reddy,Male,20,Student,208480,Patna,2020-02-05
CUST04095,Mohit Patel,Male,46,Teacher,549381,Vellore,2020-11-23
CUST04096,Ishita Jain,Female,39,Designer,495460,Raipur,2023-07-26
CUST04097,Rohit Singh,Male,21,Student,165122,Indore,2018-07-21
CUST04098,Rahul Sharma,Female,32,Engineer,690026,Lucknow,2021-03-21
CUST04099,Raj Das,Male,41,Designer,641705,Hyderabad,2024-10-16
CUST04100,Priya Mishra,Female,24,Student,188177,Kolkata,2020-06-10
CUST04101,Rohit Das,Male,31,Designer,948327,Ranchi,2023-04-27
CUST04102,Sanya Nair,Male,46,Teacher,447542,Pune,2022-01-03
CUST04103,Rahul Kumar,Male,27,Analyst,564002,Coimbatore,2020-05-17
CUST04104,Arjun Ranjan,Female,52,Engineer,1325974,Chennai,2023-02-28
CUST04105,Aditya Mishra,Female,26,Manager,1640451,Patna,2022-06-30
CUST04106,Diya Reddy,Male,19,Student,87426,Delhi,2022-11-28
CUST04107,Rahul Mishra,Female,25,Analyst,1170895,Kolkata,2021-09-26
CUST04108,Rahul Joshi,Male,35,Engineer,1780544,Guwahati,2022-09-15
CUST04109,Mohit Singh,Male,48,Engineer,868424,Lucknow,2023-10-13
CUST04110,Aditya Kumar,Female,31,Analyst,1216661,Indore,2018-03-01
CUST04111,Priya Das,Male,22,Student,169458,Ahmedabad,2024-04-23
CUST04112,Aman Das,Female,41,Manager,1182260,Kochi,2023-08-12
CUST04113,Sanya Singh,Male,34,Designer,352641,Nagpur,2018-02-24
CUST04114,Reyansh Ranjan,Female,34,Engineer,833730,Delhi,2018-12-18
CUST04115,Aditya Kumar,Male,31,Engineer,1465848,Bengaluru,2024-04-28
CUST04116,Sneha Singh,Male,43,Analyst,804874,Vellore,2021-12-29
CUST04117,Nikhil Joshi,Male,25,Student,57698,Noida,2020-10-24
CUST04118,Sneha Reddy,Female,18,Student,157855,Delhi,2022-07-10
CUST04119,Raj Verma,Female,27,Government,441358,Hyderabad,2022-02-23
CUST04120,Rahul Ranjan,Female,35,Government,715839,Lucknow,2021-06-09
CUST04121,Aarav Nair,Female,47,Business Owner,4819872,Chandigarh,2019-08-18
CUST04122,Reyansh Reddy,Male,54,Engineer,1467301,Mumbai,2021-03-26
CUST04123,Rohit Gupta,Female,30,Analyst,1253443,Coimbatore,2022-11-01
CUST04124,Vivaan Jain,Female,31,Analyst,1185939,Chennai,2023-04-23
CUST04125,Sanya Singh,Female,36,Manager,1765154,Coimbatore,2020-08-17
CUST04126,Aarav Joshi,Female,56,Designer,521439,Chennai,2021-04-22
CUST04127,Rohit Jain,Male,45,Business Owner,2271981,Vellore,2024-10-28
CUST04128,Aman Iyer,Female,54,Designer,652372,Hyderabad,2025-02-08
CUST04129,Sneha Patel,Female,31,Doctor,2789454,Patna,2021-03-17
CUST04130,Diya Mehta,Female,70,Retired,389720,Pune,2021-12-11
CUST04131,Aditya Kumar,Male,22,Student,99200,Bhubaneswar,2018-06-20
CUST04132,Mohit Das,Male,55,Doctor,2000147,Surat,2020-09-01
CUST04133,Diya Patel,Male,30,Designer,334122,Bhubaneswar,2018-10-12
CUST04134,Sanya Reddy,Female,33,Consultant,1017241,Pune,2021-04-27
CUST04135,Ishita Jain,Male,56,Engineer,783580,Mumbai,2024-12-26
CUST04136,Sanya Nair,Male,58,Consultant,2068910,Chandigarh,2019-04-21
CUST04137,Aditya Nair,Female,54,Manager,2053319,Kolkata,2024-01-21
CUST04138,Rohit Verma,Male,42,Consultant,1522770,Gurugram,2019-03-11
CUST04139,Arjun Joshi,Female,42,Business Owner,2630823,Kochi,2018-01-16
CUST04140,Vivaan Mishra,Female,27,Engineer,1472916,Coimbatore,2023-05-15
CUST04141,Rohit Iyer,Female,55,Analyst,1219427,Kochi,2025-01-30
CUST04142,Neha Verma,Male,20,Student,30533,Jaipur,2022-09-04
CUST04143,Raj Jain,Male,50,Government,496286,Delhi,2018-12-29
CUST04144,Nikhil Nair,Female,57,Engineer,650090,Hyderabad,2018-09-17
CUST04145,Aman Sharma,Male,24,Student,123867,Chennai,2021-09-21
CUST04146,Aarav Joshi,Female,35,Teacher,542824,Coimbatore,2023-08-17
CUST04147,Raj Kumar,Male,24,Student,163364,Chandigarh,2018-05-16
CUST04148,Riya Singh,Male,51,Teacher,360275,Chennai,2021-07-30
CUST04149,Diya Iyer,Male,39,Analyst,1198364,Bhubaneswar,2021-07-21
CUST04150,Neha Iyer,Female,19,Student,26931,Delhi,2022-05-31
CUST04151,Aarav Iyer,Female,39,Business Owner,4330153,Noida,2023-01-27
CUST04152,Sneha Jain,Female,74,Retired,498756,Chandigarh,2018-08-04
CUST04153,Arjun Ranjan,Female,39,Business Owner,4475042,Bhubaneswar,2019-11-07
CUST04154,Arjun Reddy,Female,57,Engineer,1701495,Nagpur,2024-06-19
CUST04155,Rahul Nair,Male,39,Designer,347215,Jaipur,2022-03-18
CUST04156,Karan Joshi,Female,36,Analyst,1218755,Guwahati,2018-09-15
CUST04157,Nikhil Singh,Female,40,Analyst,1096029,Surat,2023-04-27
CUST04158,Ananya Ranjan,Male,24,Engineer,1636597,Kochi,2018-03-05
CUST04159,Neha Das,Male,27,Business Owner,3904437,Raipur,2020-10-08
CUST04160,Ananya Ranjan,Female,43,Business Owner,1752245,Surat,2020-04-04
CUST04161,Reyansh Iyer,Male,45,Manager,1167738,Hyderabad,2021-03-23
CUST04162,Sneha Mehta,Male,39,Analyst,696018,Ahmedabad,2020-02-13
CUST04163,Rahul Singh,Male,21,Student,253922,Guwahati,2021-10-17
CUST04164,Priya Das,Male,43,Engineer,847984,Kochi,2025-01-07
CUST04165,Vivaan Joshi,Female,41,Engineer,673647,Bhubaneswar,2024-02-22
CUST04166,Aditya Verma,Male,24,Manager,1329681,Ranchi,2021-05-13
CUST04167,Aman Kumar,Male,50,Designer,303149,Patna,2024-04-09
CUST04168,Aarav Gupta,Male,23,Student,33823,Hyderabad,2023-01-12
CUST04169,Riya Reddy,Male,31,Engineer,1708895,Patna,2020-04-07
CUST04170,Arjun Ranjan,Female,38,Engineer,1383584,Bengaluru,2019-05-02
CUST04171,Riya Mishra,Male,62,Retired,430246,Lucknow,2025-06-21
CUST04172,Sanya Patel,Female,18,Student,88079,Kochi,2018-10-20
CUST04173,Aman Das,Male,52,Doctor,967836,Ahmedabad,2024-11-27
CUST04174,Ishita Iyer,Male,43,Government,571389,Vellore,2019-05-01
CUST04175,Reyansh Joshi,Female,58,Government,542251,Surat,2024-10-23
CUST04176,Aditya Ranjan,Female,41,Business Owner,3489103,Pune,2018-06-21
CUST04177,Arjun Gupta,Male,21,Student,67840,Raipur,2018-10-14
CUST04178,Ishita Mehta,Male,24,Government,472529,Guwahati,2021-10-24
CUST04179,Priya Mishra,Male,45,Analyst,1366487,Chennai,2024-09-28
CUST04180,Karan Singh,Female,32,Consultant,1207936,Ahmedabad,2022-12-27
CUST04181,Priya Ranjan,Female,50,Government,541785,Kochi,2023-11-21
CUST04182,Reyansh Nair,Female,46,Government,783591,Vellore,2021-07-07
CUST04183,Aarav Sharma,Male,37,Engineer,1280492,Vellore,2022-02-16
CUST04184,Ananya Gupta,Female,24,Engineer,698971,Guwahati,2022-04-21
CUST04185,Ishita Ranjan,Female,51,Engineer,1256081,Lucknow,2018-09-30
CUST04186,Neha Reddy,Male,38,Doctor,1750015,Delhi,2023-05-01
CUST04187,Neha Ranjan,Female,58,Consultant,809815,Jaipur,2023-04-26
CUST04188,Rohit Ranjan,Female,48,Engineer,1232230,Guwahati,2024-07-17
CUST04189,Reyansh Reddy,Female,69,Retired,531205,Chandigarh,2018-05-17
CUST04190,Riya Verma,Male,28,Manager,974753,Noida,2020-12-05
CUST04191,Rohit Reddy,Female,56,Business Owner,2568497,Noida,2018-10-05
CUST04192,Reyansh Singh,Male,32,Business Owner,3789417,Kolkata,2019-07-07
CUST04193,Ishita Iyer,Male,46,Government,685805,Gurugram,2025-05-03
CUST04194,Aman Kumar,Male,29,Analyst,1307406,Guwahati,2019-07-03
CUST04195,Diya Singh,Male,42,Government,1076213,Indore,2020-09-21
CUST04196,Priya Gupta,Male,34,Doctor,1712165,Raipur,2024-01-14
CUST04197,Reyansh Verma,Female,51,Engineer,774123,Bhubaneswar,2019-04-25
CUST04198,Reyansh Patel,Male,56,Engineer,785357,Noida,2022-02-24
CUST04199,Aarav Das,Male,23,Student,94922,Delhi,2019-08-06
CUST04200,Aarav Kumar,Male,53,Analyst,1342192,Noida,2019-10-27
CUST04201,Vivaan Reddy,Male,67,Retired,618498,Pune,2022-05-18
CUST04202,Reyansh Gupta,Female,29,Manager,1559042,Kolkata,2020-06-11
CUST04203,Aditya Mehta,Male,27,Doctor,1232767,Ranchi,2023-12-15
CUST04204,Sanya Kumar,Female,45,Teacher,560919,Hyderabad,2020-08-31
CUST04205,Neha Nair,Female,24,Engineer,1269495,Surat,2024-08-09
CUST04206,Karan Ranjan,Male,49,Engineer,1157633,Ranchi,2018-08-10
CUST04207,Reyansh Patel,Female,25,Student,88484,Bengaluru,2018-12-04
CUST04208,Sneha Ranjan,Male,58,Teacher,600758,Mumbai,2019-11-21
CUST04209,Arjun Jain,Female,50,Analyst,622877,Coimbatore,2022-09-07
CUST04210,Reyansh Sharma,Female,36,Analyst,1003669,Chennai,2022-07-14
CUST04211,Priya Mehta,Female,24,Student,140544,Raipur,2020-10-26
CUST04212,Mohit Mishra,Male,46,Engineer,1752633,Pune,2021-01-30
CUST04213,Reyansh Iyer,Female,55,Manager,1067703,Chennai,2021-02-05
CUST04214,Nikhil Verma,Female,31,Government,1014757,Jaipur,2021-08-31
CUST04215,Rohit Mehta,Male,37,Manager,1191141,Bhubaneswar,2021-08-15
CUST04216,Sanya Patel,Male,74,Retired,774141,Bhubaneswar,2023-04-01
CUST04217,Raj Mishra,Female,40,Teacher,527821,Chandigarh,2018-03-20
CUST04218,Aman Iyer,Male,39,Analyst,1149255,Gurugram,2022-06-01
CUST04219,Reyansh Nair,Male,22,Student,253120,Gurugram,2019-01-26
CUST04220,Neha Verma,Female,27,Business Owner,800683,Kochi,2021-01-22
CUST04221,Mohit Singh,Female,38,Engineer,1476739,Nagpur,2023-10-10
CUST04222,Arjun Ranjan,Female,18,Student,57185,Hyderabad,2021-07-23
CUST04223,Ananya Patel,Female,26,Manager,2114184,Bhubaneswar,2022-09-02
CUST04224,Vivaan Verma,Male,55,Consultant,978911,Noida,2022-04-20
CUST04225,Nikhil Mishra,Female,57,Engineer,1515108,Chennai,2022-07-04
CUST04226,Aditya Ranjan,Male,47,Doctor,1874026,Ahmedabad,2022-01-07
CUST04227,Reyansh Nair,Female,20,Student,87497,Pune,2019-02-09
CUST04228,Vivaan Nair,Female,33,Engineer,1589413,Pune,2021-11-16
CUST04229,Sneha Das,Female,30,Analyst,927805,Ahmedabad,2023-02-12
CUST04230,Arjun Jain,Female,41,Engineer,1245115,Indore,2018-01-01
CUST04231,Riya Nair,Female,54,Teacher,852912,Delhi,2023-10-26
CUST04232,Arjun Ranjan,Female,46,Doctor,2211707,Noida,2023-06-22
CUST04233,Neha Joshi,Male,45,Manager,1434157,Jaipur,2018-01-08
CUST04234,Ananya Verma,Female,52,Teacher,370388,Bengaluru,2019-09-27
CUST04235,Sanya Mishra,Male,20,Student,281761,Kolkata,2024-01-22
CUST04236,Neha Mehta,Female,53,Government,1063302,Kolkata,2018-10-29
CUST04237,Reyansh Patel,Male,25,Analyst,1381909,Bhubaneswar,2022-10-26
CUST04238,Rahul Reddy,Male,25,Designer,407376,Noida,2022-05-23
CUST04239,Aditya Mishra,Male,53,Analyst,1126521,Hyderabad,2020-04-29
CUST04240,Neha Jain,Female,62,Retired,781274,Bhubaneswar,2023-02-20
CUST04241,Sneha Reddy,Male,42,Engineer,1418191,Lucknow,2023-05-14
CUST04242,Neha Sharma,Male,29,Engineer,935019,Surat,2024-02-01
CUST04243,Rahul Joshi,Male,24,Analyst,678927,Mumbai,2024-05-13
CUST04244,Diya Nair,Male,24,Analyst,944016,Surat,2020-02-16
CUST04245,Mohit Singh,Female,23,Student,89882,Surat,2023-07-02
CUST04246,Raj Joshi,Male,43,Analyst,787795,Kolkata,2018-10-08
CUST04247,Karan Verma,Female,32,Engineer,1577696,Ranchi,2023-07-03
CUST04248,Ishita Iyer,Male,39,Teacher,672856,Delhi,2021-10-07
CUST04249,Diya Ranjan,Female,30,Engineer,1760082,Gurugram,2020-12-02
CUST04250,Reyansh Verma,Male,33,Teacher,385372,Bengaluru,2021-07-25
CUST04251,Sanya Mishra,Male,19,Student,52592,Jaipur,2022-12-13
CUST04252,Sanya Mishra,Male,29,Business Owner,1687917,Chandigarh,2020-12-07
CUST04253,Sanya Ranjan,Male,64,Retired,269939,Kolkata,2021-10-14
CUST04254,Ishita Mehta,Female,18,Student,280089,Chennai,2018-03-26
CUST04255,Ananya Nair,Female,54,Business Owner,3846907,Bengaluru,2019-11-19
CUST04256,Aditya Das,Male,44,Analyst,514191,Hyderabad,2022-01-20
CUST04257,Rahul Kumar,Male,19,Student,132444,Kolkata,2019-03-12
CUST04258,Riya Ranjan,Male,48,Engineer,982285,Vellore,2018-01-21
CUST04259,Aman Gupta,Male,31,Analyst,754158,Ahmedabad,2019-08-15
CUST04260,Priya Mishra,Female,47,Doctor,1277039,Hyderabad,2024-10-21
CUST04261,Aditya Verma,Female,72,Retired,428238,Coimbatore,2023-10-11
CUST04262,Ananya Patel,Female,22,Student,96451,Mumbai,2023-04-02
CUST04263,Ananya Gupta,Male,39,Analyst,597911,Bengaluru,2024-11-02
CUST04264,Priya Jain,Male,25,Engineer,662287,Mumbai,2022-07-05
CUST04265,Aman Jain,Female,19,Student,113768,Ranchi,2018-10-20
CUST04266,Rohit Nair,Male,18,Student,50082,Noida,2021-08-28
CUST04267,Arjun Iyer,Male,18,Student,99092,Hyderabad,2022-02-07
CUST04268,Riya Patel,Male,42,Analyst,990062,Chandigarh,2020-03-18
CUST04269,Ananya Das,Male,44,Designer,421997,Vellore,2021-02-21
CUST04270,Nikhil Patel,Male,32,Analyst,587914,Kochi,2022-05-08
CUST04271,Aarav Ranjan,Male,49,Designer,878103,Lucknow,2018-12-26
CUST04272,Nikhil Nair,Female,25,Manager,1191172,Kolkata,2020-07-27
CUST04273,Reyansh Jain,Female,52,Engineer,1792957,Ranchi,2018-08-03
CUST04274,Riya Mehta,Male,43,Designer,706523,Vellore,2024-03-22
CUST04275,Arjun Ranjan,Male,43,Consultant,966499,Nagpur,2022-09-19
CUST04276,Ananya Ranjan,Female,25,Designer,367456,Raipur,2022-06-03
CUST04277,Priya Iyer,Male,71,Retired,298218,Pune,2018-03-30
CUST04278,Diya Sharma,Female,26,Analyst,1118100,Coimbatore,2023-02-14
CUST04279,Aman Gupta,Female,57,Government,532249,Patna,2018-07-17
CUST04280,Rohit Patel,Female,54,Teacher,809097,Mumbai,2023-07-10
CUST04281,Rahul Singh,Female,40,Doctor,1591533,Vellore,2018-01-27
CUST04282,Vivaan Gupta,Male,24,Student,246740,Gurugram,2023-11-28
CUST04283,Aman Verma,Female,57,Business Owner,3187040,Patna,2022-11-22
CUST04284,Karan Jain,Female,35,Teacher,714942,Mumbai,2024-10-20
CUST04285,Vivaan Patel,Female,36,Business Owner,1562238,Ranchi,2022-02-18
CUST04286,Diya Nair,Female,51,Business Owner,4834358,Surat,2025-06-23
CUST04287,Nikhil Kumar,Female,52,Teacher,717658,Lucknow,2023-04-12
CUST04288,Diya Iyer,Female,27,Analyst,567235,Surat,2020-09-03
CUST04289,Diya Jain,Male,29,Teacher,382487,Vellore,2024-02-02
CUST04290,Arjun Iyer,Male,21,Student,231969,Indore,2022-05-07
CUST04291,Ishita Jain,Male,57,Engineer,769559,Nagpur,2018-01-01
CUST04292,Diya Das,Male,24,Engineer,731402,Noida,2022-04-20
CUST04293,Sneha Gupta,Female,27,Analyst,757907,Patna,2018-05-27
CUST04294,Reyansh Sharma,Female,42,Analyst,1388541,Nagpur,2022-08-21
CUST04295,Aman Gupta,Female,70,Retired,676155,Surat,2018-12-16
CUST04296,Karan Joshi,Male,31,Doctor,2182949,Nagpur,2023-07-16
CUST04297,Rahul Sharma,Male,20,Student,33561,Bhopal,2021-02-28
CUST04298,Priya Verma,Male,36,Engineer,1560171,Bhopal,2024-11-06
CUST04299,Reyansh Mishra,Female,18,Student,15012,Delhi,2020-08-28
CUST04300,Sanya Das,Male,25,Engineer,1349729,Chandigarh,2025-05-05
CUST04301,Rohit Kumar,Male,43,Business Owner,4715785,Bhopal,2024-04-15
CUST04302,Ishita Gupta,Female,29,Analyst,1340332,Nagpur,2018-02-19
CUST04303,Vivaan Reddy,Female,23,Student,99911,Chandigarh,2023-06-11
CUST04304,Rahul Das,Male,55,Government,794656,Jaipur,2018-07-05
CUST04305,Riya Iyer,Female,43,Engineer,931253,Noida,2019-11-27
CUST04306,Rahul Kumar,Female,33,Teacher,620524,Ahmedabad,2024-02-14
CUST04307,Aarav Mehta,Male,43,Engineer,802168,Bhubaneswar,2018-04-10
CUST04308,Ananya Das,Female,45,Engineer,1595769,Vellore,2024-03-05
CUST04309,Ishita Reddy,Female,26,Government,592559,Kolkata,2025-01-20
CUST04310,Sanya Kumar,Female,25,Doctor,1389474,Kochi,2018-01-09
CUST04311,Aarav Ranjan,Male,40,Analyst,1114319,Lucknow,2021-02-15
CUST04312,Priya Jain,Female,53,Analyst,852190,Indore,2019-07-15
CUST04313,Vivaan Kumar,Female,60,Retired,564780,Bengaluru,2020-08-12
CUST04314,Sanya Mehta,Male,35,Engineer,939695,Noida,2019-12-30
CUST04315,Rahul Mishra,Female,33,Business Owner,2512510,Bhopal,2025-08-07
CUST04316,Ishita Gupta,Male,19,Student,244910,Nagpur,2018-01-15
CUST04317,Neha Verma,Male,38,Engineer,927101,Chandigarh,2023-09-13
CUST04318,Diya Jain,Female,41,Doctor,1323943,Raipur,2022-06-08
CUST04319,Reyansh Patel,Female,44,Manager,2277528,Gurugram,2023-08-16
CUST04320,Riya Kumar,Female,28,Analyst,821208,Coimbatore,2019-12-02
CUST04321,Sanya Sharma,Female,20,Student,294436,Delhi,2023-02-12
CUST04322,Karan Kumar,Male,37,Doctor,1318604,Guwahati,2019-11-01
CUST04323,Ananya Iyer,Female,46,Government,864614,Bhubaneswar,2024-03-31
CUST04324,Rohit Mishra,Male,46,Engineer,1323098,Patna,2020-11-30
CUST04325,Riya Ranjan,Female,55,Analyst,1229966,Patna,2020-08-22
CUST04326,Arjun Jain,Male,56,Engineer,1742240,Nagpur,2020-10-21
CUST04327,Ishita Patel,Male,49,Engineer,1435248,Chennai,2024-06-09
CUST04328,Raj Verma,Male,36,Analyst,696745,Chandigarh,2022-08-10
CUST04329,Sneha Gupta,Male,38,Government,564143,Indore,2018-11-20
CUST04330,Reyansh Patel,Female,70,Retired,718991,Gurugram,2022-10-24
CUST04331,Ananya Joshi,Female,44,Teacher,871345,Kochi,2021-12-14
CUST04332,Aman Iyer,Male,47,Doctor,1695005,Indore,2019-05-03
CUST04333,Ananya Nair,Male,42,Engineer,1407151,Delhi,2022-07-12
CUST04334,Nikhil Verma,Female,69,Retired,734756,Gurugram,2019-10-14
CUST04335,Ananya Verma,Female,23,Student,199230,Kolkata,2023-09-11
CUST04336,Aman Sharma,Female,41,Engineer,1698553,Ranchi,2022-06-22
CUST04337,Diya Mishra,Male,20,Student,27475,Coimbatore,2021-07-22
CUST04338,Arjun Nair,Female,55,Engineer,740302,Kolkata,2020-09-12
CUST04339,Raj Kumar,Female,25,Student,115663,Gurugram,2024-07-17
CUST04340,Neha Iyer,Female,54,Analyst,510755,Hyderabad,2024-02-25
CUST04341,Diya Sharma,Male,69,Retired,455828,Ranchi,2018-12-22
CUST04342,Aman Das,Female,24,Manager,2409644,Delhi,2023-04-20
CUST04343,Sanya Iyer,Female,60,Retired,380954,Ahmedabad,2023-05-14
CUST04344,Karan Jain,Female,54,Engineer,1793776,Nagpur,2024-11-21
CUST04345,Raj Nair,Female,52,Engineer,1780667,Bhubaneswar,2018-10-03
CUST04346,Aman Mehta,Male,52,Business Owner,3542854,Mumbai,2018-04-01
CUST04347,Rahul Singh,Male,52,Analyst,1056319,Kochi,2023-04-26
CUST04348,Riya Iyer,Male,30,Consultant,1063109,Bhopal,2024-11-23
CUST04349,Priya Ranjan,Female,53,Analyst,1335217,Chennai,2020-09-04
CUST04350,Arjun Patel,Male,47,Business Owner,1217645,Nagpur,2023-03-12
CUST04351,Raj Kumar,Female,42,Business Owner,3069501,Surat,2018-03-20
CUST04352,Riya Jain,Female,44,Teacher,762060,Surat,2022-08-01
CUST04353,Ananya Kumar,Male,38,Analyst,1116705,Guwahati,2024-09-16
CUST04354,Vivaan Ranjan,Male,39,Designer,999228,Ranchi,2024-11-18
CUST04355,Aman Reddy,Male,53,Consultant,814883,Bhubaneswar,2020-12-17
CUST04356,Neha Jain,Female,64,Retired,660475,Coimbatore,2021-06-05
CUST04357,Rohit Mehta,Female,63,Retired,724848,Patna,2018-02-23
CUST04358,Ishita Verma,Male,57,Consultant,1383283,Bengaluru,2018-01-05
CUST04359,Mohit Jain,Female,32,Engineer,1462407,Mumbai,2020-09-29
CUST04360,Aarav Sharma,Female,27,Engineer,920613,Ahmedabad,2019-07-20
CUST04361,Rahul Joshi,Female,25,Student,212396,Coimbatore,2024-10-31
CUST04362,Mohit Reddy,Female,35,Analyst,1114335,Chennai,2024-12-20
CUST04363,Aditya Joshi,Male,34,Doctor,1693780,Coimbatore,2022-04-25
CUST04364,Priya Reddy,Male,18,Student,153354,Patna,2023-01-15
CUST04365,Aditya Ranjan,Male,45,Engineer,1098859,Guwahati,2022-02-15
CUST04366,Reyansh Mehta,Male,19,Student,100857,Mumbai,2021-12-21
CUST04367,Aman Joshi,Female,57,Teacher,469198,Mumbai,2020-07-24
CUST04368,Sanya Reddy,Female,26,Designer,777952,Bhopal,2024-07-24
CUST04369,Vivaan Sharma,Male,44,Engineer,660170,Noida,2025-07-08
CUST04370,Rohit Nair,Male,31,Engineer,1772577,Bengaluru,2021-10-01
CUST04371,Diya Patel,Female,56,Government,1171869,Kochi,2022-02-17
CUST04372,Aman Verma,Female,29,Business Owner,1130088,Ahmedabad,2023-12-12
CUST04373,Diya Gupta,Female,22,Student,95194,Kolkata,2019-09-22
CUST04374,Aarav Joshi,Female,30,Government,463526,Mumbai,2023-02-24
CUST04375,Mohit Kumar,Male,34,Engineer,829205,Nagpur,2021-12-04
CUST04376,Nikhil Sharma,Female,23,Student,123117,Kolkata,2020-07-04
CUST04377,Karan Singh,Male,45,Analyst,1079007,Chandigarh,2022-05-08
CUST04378,Nikhil Patel,Male,33,Designer,955490,Kochi,2019-09-15
CUST04379,Aarav Sharma,Female,25,Teacher,496940,Ranchi,2019-07-24
CUST04380,Nikhil Ranjan,Male,26,Analyst,811569,Lucknow,2023-11-03
CUST04381,Mohit Patel,Male,38,Business Owner,2003018,Lucknow,2021-12-23
CUST04382,Aditya Gupta,Female,18,Student,171628,Raipur,2025-06-04
CUST04383,Ishita Patel,Female,74,Retired,309578,Kolkata,2020-01-12
CUST04384,Karan Sharma,Male,44,Analyst,1273167,Lucknow,2018-03-17
CUST04385,Sanya Jain,Male,23,Student,159544,Kolkata,2020-03-08
CUST04386,Arjun Kumar,Male,42,Teacher,837852,Chennai,2018-12-28
CUST04387,Aman Das,Male,28,Analyst,707404,Vellore,2021-12-10
CUST04388,Aman Joshi,Female,23,Student,206725,Ranchi,2025-06-19
CUST04389,Aarav Sharma,Male,30,Analyst,1156286,Bengaluru,2018-01-27
CUST04390,Priya Verma,Male,23,Student,276164,Chennai,2021-03-31
CUST04391,Vivaan Ranjan,Male,50,Teacher,507689,Ranchi,2019-08-14
CUST04392,Diya Mishra,Male,50,Engineer,1012197,Nagpur,2021-10-01
CUST04393,Aditya Singh,Female,56,Engineer,1769618,Jaipur,2025-07-26
CUST04394,Mohit Kumar,Male,24,Government,528873,Surat,2018-08-04
CUST04395,Ananya Iyer,Male,70,Retired,310667,Guwahati,2020-05-30
CUST04396,Karan Reddy,Female,49,Teacher,882910,Chennai,2022-04-24
CUST04397,Aman Singh,Male,20,Student,101185,Hyderabad,2021-11-21
CUST04398,Reyansh Patel,Female,42,Manager,1146106,Hyderabad,2025-03-13
CUST04399,Aman Ranjan,Male,65,Retired,349622,Hyderabad,2021-12-26
CUST04400,Rahul Gupta,Male,57,Teacher,779753,Noida,2018-07-13
CUST04401,Riya Verma,Male,56,Consultant,1008211,Guwahati,2022-09-16
CUST04402,Sanya Nair,Female,33,Analyst,681803,Mumbai,2020-04-29
CUST04403,Ananya Singh,Female,60,Retired,325923,Pune,2020-12-11
CUST04404,Karan Singh,Female,30,Manager,1860955,Raipur,2024-04-19
CUST04405,Ananya Reddy,Male,54,Consultant,1437516,Indore,2018-12-21
CUST04406,Vivaan Nair,Male,27,Government,1054641,Nagpur,2020-09-08
CUST04407,Nikhil Iyer,Female,70,Retired,451932,Ranchi,2024-06-14
CUST04408,Priya Mehta,Male,49,Consultant,1750090,Hyderabad,2019-01-23
CUST04409,Aman Patel,Female,41,Analyst,1225339,Bhubaneswar,2022-02-08
CUST04410,Aditya Reddy,Male,49,Designer,355923,Vellore,2024-04-12
CUST04411,Sneha Ranjan,Female,28,Business Owner,1238998,Indore,2019-03-13
CUST04412,Ananya Mehta,Male,74,Retired,572451,Surat,2025-02-01
CUST04413,Riya Verma,Female,38,Engineer,1248392,Bhopal,2018-04-11
CUST04414,Aarav Kumar,Female,32,Teacher,545653,Pune,2023-09-13
CUST04415,Aarav Iyer,Male,20,Student,194477,Guwahati,2025-02-07
CUST04416,Sanya Mehta,Male,54,Engineer,786082,Chandigarh,2025-04-10
CUST04417,Sneha Ranjan,Male,42,Designer,905597,Bengaluru,2024-06-17
CUST04418,Aman Sharma,Male,40,Manager,1759323,Ahmedabad,2021-05-07
CUST04419,Sneha Nair,Male,47,Government,1122887,Ranchi,2022-09-12
CUST04420,Riya Mishra,Female,35,Analyst,823187,Raipur,2022-10-25
CUST04421,Reyansh Reddy,Male,43,Analyst,592107,Pune,2022-12-23
CUST04422,Karan Mehta,Male,47,Business Owner,3928566,Surat,2023-03-16
CUST04423,Rohit Nair,Male,72,Retired,334872,Noida,2022-12-17
CUST04424,Aarav Singh,Male,58,Engineer,1346037,Coimbatore,2024-06-26
CUST04425,Priya Singh,Female,38,Consultant,1131821,Kolkata,2025-08-12
CUST04426,Karan Mishra,Male,44,Engineer,1744404,Raipur,2024-02-13
CUST04427,Arjun Reddy,Male,33,Analyst,814123,Ranchi,2021-10-20
CUST04428,Reyansh Joshi,Female,21,Student,222700,Nagpur,2023-01-05
CUST04429,Aman Mehta,Female,27,Analyst,1018514,Hyderabad,2022-02-27
CUST04430,Rahul Das,Female,50,Doctor,1144483,Ahmedabad,2024-03-26
CUST04431,Rohit Mishra,Female,39,Manager,1831086,Patna,2021-09-04
CUST04432,Priya Joshi,Male,29,Engineer,1480241,Bengaluru,2018-08-27
CUST04433,Aarav Mishra,Male,46,Engineer,1344428,Bhopal,2022-03-19
CUST04434,Diya Patel,Female,62,Retired,287467,Pune,2020-09-19
CUST04435,Aarav Mishra,Female,36,Engineer,1777133,Gurugram,2023-01-09
CUST04436,Reyansh Gupta,Female,66,Retired,202069,Gurugram,2021-07-24
CUST04437,Reyansh Sharma,Female,27,Engineer,1723734,Vellore,2021-06-03
CUST04438,Sanya Jain,Male,20,Student,92712,Hyderabad,2018-09-05
CUST04439,Sanya Jain,Female,51,Business Owner,1228511,Lucknow,2023-07-05
CUST04440,Neha Sharma,Male,56,Engineer,1661889,Vellore,2020-06-07
CUST04441,Reyansh Mishra,Male,37,Analyst,690458,Noida,2018-09-07
CUST04442,Arjun Joshi,Female,18,Student,296767,Vellore,2024-06-02
CUST04443,Neha Reddy,Female,22,Student,32667,Vellore,2022-01-24
CUST04444,Aman Mehta,Male,23,Student,165552,Mumbai,2021-08-21
CUST04445,Ananya Reddy,Female,36,Engineer,1458233,Jaipur,2024-10-13
CUST04446,Diya Joshi,Female,20,Student,157672,Ranchi,2019-10-12
CUST04447,Vivaan Das,Female,58,Government,443427,Guwahati,2020-06-15
CUST04448,Sanya Ranjan,Female,25,Engineer,1011043,Jaipur,2024-08-21
CUST04449,Ananya Kumar,Female,36,Doctor,2391130,Lucknow,2018-05-13
CUST04450,Aditya Joshi,Male,39,Teacher,749251,Delhi,2018-02-27
CUST04451,Vivaan Gupta,Male,37,Doctor,2618965,Lucknow,2025-08-02
CUST04452,Diya Mishra,Female,24,Student,119984,Jaipur,2024-05-29
CUST04453,Rahul Jain,Female,38,Manager,1129865,Bengaluru,2018-06-06
CUST04454,Arjun Reddy,Female,45,Engineer,651987,Vellore,2024-11-20
CUST04455,Reyansh Verma,Female,38,Business Owner,4748532,Vellore,2018-04-05
CUST04456,Karan Verma,Female,44,Analyst,1065246,Guwahati,2024-05-12
CUST04457,Mohit Patel,Male,50,Consultant,1934788,Kochi,2019-06-14
CUST04458,Nikhil Gupta,Male,39,Designer,434999,Kolkata,2022-08-04
CUST04459,Rahul Das,Male,28,Manager,1770549,Bhopal,2021-08-09
CUST04460,Reyansh Ranjan,Female,19,Student,199586,Raipur,2025-06-03
CUST04461,Ananya Verma,Male,57,Designer,719706,Ranchi,2023-07-25
CUST04462,Aditya Jain,Male,26,Consultant,1339588,Ranchi,2018-10-25
CUST04463,Sneha Sharma,Female,28,Teacher,371183,Noida,2020-08-04
CUST04464,Priya Mishra,Male,33,Engineer,1012594,Coimbatore,2024-04-12
CUST04465,Priya Mishra,Female,75,Retired,703601,Surat,2018-12-16
CUST04466,Raj Gupta,Female,27,Analyst,564939,Delhi,2025-03-13
CUST04467,Priya Singh,Female,23,Student,178745,Patna,2025-03-11
CUST04468,Diya Patel,Male,27,Doctor,1147203,Ranchi,2023-08-08
CUST04469,Sneha Patel,Male,65,Retired,258323,Patna,2021-07-08
CUST04470,Vivaan Patel,Male,34,Engineer,922208,Nagpur,2018-05-17
CUST04471,Sneha Das,Female,33,Government,495512,Raipur,2018-06-04
CUST04472,Riya Gupta,Female,25,Student,278390,Guwahati,2023-10-27
CUST04473,Aditya Ranjan,Male,57,Engineer,710342,Raipur,2022-01-18
CUST04474,Rohit Jain,Female,49,Teacher,633149,Chandigarh,2020-05-02
CUST04475,Neha Jain,Male,22,Student,128361,Vellore,2021-12-22
CUST04476,Ishita Nair,Female,25,Engineer,659081,Ahmedabad,2021-04-18
CUST04477,Aman Singh,Female,53,Designer,908517,Indore,2023-04-22
CUST04478,Riya Mehta,Female,55,Engineer,1237598,Hyderabad,2022-06-15
CUST04479,Aditya Mishra,Male,23,Student,2385,Hyderabad,2023-12-27
CUST04480,Karan Iyer,Male,52,Analyst,1072580,Bengaluru,2022-01-24
CUST04481,Diya Sharma,Male,49,Engineer,643938,Jaipur,2023-09-24
CUST04482,Diya Iyer,Male,45,Analyst,1023260,Patna,2019-10-25
CUST04483,Vivaan Das,Female,44,Engineer,795856,Delhi,2019-01-18
CUST04484,Rahul Kumar,Male,22,Student,23173,Bhubaneswar,2020-09-19
CUST04485,Neha Reddy,Female,30,Consultant,1660106,Bhopal,2019-12-06
CUST04486,Sneha Verma,Male,51,Engineer,856581,Guwahati,2023-02-05
CUST04487,Riya Sharma,Male,50,Designer,799684,Coimbatore,2019-01-06
CUST04488,Riya Mehta,Female,47,Analyst,915627,Kochi,2025-04-12
CUST04489,Mohit Mishra,Male,51,Teacher,488050,Coimbatore,2020-03-15
CUST04490,Ishita Gupta,Female,35,Engineer,664023,Chennai,2022-05-30
CUST04491,Mohit Mehta,Male,56,Consultant,1113971,Mumbai,2020-12-23
CUST04492,Ishita Iyer,Male,39,Designer,622267,Patna,2023-07-26
CUST04493,Karan Singh,Male,55,Analyst,611527,Noida,2021-10-07
CUST04494,Sneha Jain,Female,37,Analyst,692767,Vellore,2025-07-13
CUST04495,Arjun Mishra,Male,73,Retired,627985,Bhopal,2023-03-01
CUST04496,Priya Nair,Male,23,Student,156481,Raipur,2022-02-16
CUST04497,Reyansh Singh,Female,42,Government,1098441,Kolkata,2018-10-03
CUST04498,Ishita Das,Male,48,Business Owner,3346805,Raipur,2023-11-18
CUST04499,Rohit Mehta,Male,53,Doctor,1025343,Chandigarh,2019-09-28
CUST04500,Mohit Singh,Male,40,Designer,779479,Gurugram,2022-02-27
CUST04501,Vivaan Gupta,Male,43,Engineer,1626454,Delhi,2022-08-24
CUST04502,Karan Sharma,Female,54,Manager,2216745,Ahmedabad,2018-03-13
CUST04503,Diya Gupta,Male,75,Retired,312246,Bhopal,2021-11-09
CUST04504,Rahul Ranjan,Male,46,Business Owner,3727078,Surat,2025-08-10
CUST04505,Ishita Das,Female,49,Government,907120,Chennai,2019-09-23
CUST04506,Priya Patel,Female,43,Doctor,2757030,Raipur,2018-04-07
CUST04507,Arjun Mehta,Male,18,Student,58097,Surat,2018-07-29
CUST04508,Arjun Das,Female,26,Engineer,1423340,Surat,2021-10-08
CUST04509,Nikhil Nair,Female,57,Teacher,485539,Mumbai,2018-01-19
CUST04510,Reyansh Patel,Female,58,Engineer,629180,Surat,2018-06-09
CUST04511,Ishita Nair,Female,31,Manager,2467044,Chennai,2024-12-18
CUST04512,Karan Ranjan,Male,49,Teacher,762067,Coimbatore,2025-06-23
CUST04513,Aditya Ranjan,Female,56,Manager,1676938,Indore,2020-01-17
CUST04514,Raj Reddy,Male,25,Student,267459,Lucknow,2019-05-08
CUST04515,Aarav Singh,Female,35,Engineer,1685450,Surat,2021-04-26
CUST04516,Reyansh Ranjan,Female,38,Government,416052,Hyderabad,2019-01-31
CUST04517,Rohit Sharma,Male,50,Manager,2028336,Bhopal,2019-01-26
CUST04518,Aman Mishra,Male,54,Engineer,1675126,Coimbatore,2018-02-16
CUST04519,Mohit Joshi,Male,37,Business Owner,3315780,Mumbai,2021-05-19
CUST04520,Reyansh Verma,Male,56,Engineer,1178500,Ranchi,2024-07-24
CUST04521,Raj Reddy,Female,51,Government,495055,Patna,2019-01-04
CUST04522,Karan Kumar,Male,33,Analyst,682424,Bhopal,2019-04-12
CUST04523,Ananya Verma,Female,47,Analyst,1270115,Noida,2020-01-24
CUST04524,Arjun Mehta,Male,24,Student,90548,Noida,2024-11-24
CUST04525,Reyansh Nair,Female,54,Doctor,2306537,Patna,2023-06-10
CUST04526,Mohit Jain,Male,33,Engineer,1551965,Mumbai,2022-03-09
CUST04527,Raj Sharma,Male,50,Business Owner,4813567,Jaipur,2018-10-17
CUST04528,Vivaan Mehta,Female,23,Student,111862,Delhi,2024-05-11
CUST04529,Rohit Iyer,Male,27,Designer,351657,Kolkata,2019-02-20
CUST04530,Aditya Singh,Female,61,Retired,620053,Raipur,2024-07-10
CUST04531,Mohit Kumar,Male,39,Doctor,2702182,Chennai,2024-06-23
CUST04532,Diya Joshi,Male,18,Student,211452,Vellore,2018-09-04
CUST04533,Aarav Verma,Male,43,Business Owner,3453031,Mumbai,2018-10-02
CUST04534,Ishita Mehta,Male,46,Government,737172,Nagpur,2020-10-05
CUST04535,Nikhil Verma,Female,46,Teacher,538000,Lucknow,2023-10-15
CUST04536,Priya Mehta,Male,56,Consultant,1167569,Delhi,2018-12-10
CUST04537,Sanya Das,Male,33,Engineer,978781,Lucknow,2020-04-26
CUST04538,Neha Patel,Female,31,Designer,810415,Coimbatore,2018-05-30
CUST04539,Sanya Kumar,Male,18,Student,205159,Kochi,2020-11-03
CUST04540,Sneha Gupta,Male,70,Retired,696853,Mumbai,2022-08-11
CUST04541,Neha Patel,Male,36,Manager,1263371,Ahmedabad,2022-11-13
CUST04542,Ananya Iyer,Female,33,Designer,623595,Bhopal,2025-01-06
CUST04543,Sanya Mehta,Male,54,Consultant,1257513,Indore,2025-07-09
CUST04544,Ananya Kumar,Male,27,Engineer,1620756,Chandigarh,2019-08-21
CUST04545,Arjun Nair,Female,33,Manager,1367129,Kochi,2018-12-01
CUST04546,Diya Ranjan,Male,45,Analyst,1379481,Lucknow,2025-06-06
CUST04547,Neha Mishra,Male,41,Manager,2004634,Surat,2021-02-09
CUST04548,Vivaan Das,Male,33,Engineer,1478708,Raipur,2024-09-14
CUST04549,Riya Verma,Female,43,Business Owner,1535313,Jaipur,2023-02-02
CUST04550,Priya Ranjan,Male,28,Engineer,1193847,Ranchi,2022-12-15
CUST04551,Aman Jain,Male,52,Analyst,900286,Lucknow,2021-03-27
CUST04552,Rahul Jain,Male,44,Analyst,795085,Patna,2018-01-03
CUST04553,Neha Singh,Male,47,Teacher,664773,Surat,2022-06-06
CUST04554,Mohit Reddy,Male,52,Manager,1522405,Surat,2019-05-17
CUST04555,Aarav Mishra,Female,44,Manager,1996917,Surat,2024-11-17
CUST04556,Neha Jain,Male,35,Engineer,1586755,Bhubaneswar,2021-07-22
CUST04557,Reyansh Verma,Female,35,Doctor,2735437,Chandigarh,2019-01-06
CUST04558,Diya Jain,Male,57,Consultant,2153077,Vellore,2021-08-27
CUST04559,Aditya Sharma,Female,41,Engineer,715161,Indore,2025-03-24
CUST04560,Nikhil Patel,Male,43,Teacher,482891,Mumbai,2025-04-14
CUST04561,Aman Patel,Male,36,Engineer,1638421,Bhubaneswar,2021-04-21
CUST04562,Priya Reddy,Male,55,Analyst,560137,Ranchi,2024-07-19
CUST04563,Ishita Sharma,Male,58,Teacher,791028,Bhubaneswar,2024-03-22
CUST04564,Karan Mehta,Male,42,Doctor,2993030,Bhopal,2023-05-29
CUST04565,Diya Reddy,Female,54,Engineer,1717486,Indore,2025-07-07
CUST04566,Aarav Ranjan,Female,55,Teacher,545921,Pune,2020-02-28
CUST04567,Rohit Iyer,Female,20,Student,82544,Vellore,2021-01-02
CUST04568,Ishita Ranjan,Male,51,Manager,2374443,Patna,2020-05-26
CUST04569,Karan Ranjan,Female,58,Manager,987777,Bengaluru,2023-07-13
CUST04570,Arjun Kumar,Male,30,Engineer,1437071,Bhopal,2023-08-22
CUST04571,Aditya Nair,Male,34,Government,753938,Chennai,2023-03-21
CUST04572,Vivaan Sharma,Male,28,Consultant,1128224,Kochi,2019-03-06
CUST04573,Riya Nair,Female,22,Student,248387,Guwahati,2020-04-05
CUST04574,Sneha Verma,Male,27,Manager,1268373,Gurugram,2019-09-01
CUST04575,Sanya Joshi,Female,36,Business Owner,1571151,Bhubaneswar,2018-12-16
CUST04576,Aditya Singh,Male,54,Business Owner,4099237,Indore,2021-09-14
CUST04577,Aarav Gupta,Male,65,Retired,711585,Bengaluru,2019-02-04
CUST04578,Ananya Mehta,Male,44,Engineer,884897,Noida,2023-01-18
CUST04579,Arjun Mehta,Male,27,Consultant,1072418,Patna,2019-07-20
CUST04580,Neha Nair,Male,36,Consultant,1887462,Kochi,2022-12-04
CUST04581,Aman Jain,Male,49,Analyst,1122993,Chandigarh,2021-04-05
CUST04582,Karan Mehta,Male,37,Manager,1683384,Ranchi,2019-05-01
CUST04583,Vivaan Patel,Male,21,Student,109937,Raipur,2022-10-19
CUST04584,Raj Gupta,Male,37,Engineer,1716885,Chandigarh,2024-12-11
CUST04585,Nikhil Nair,Male,60,Retired,573955,Bengaluru,2019-06-16
CUST04586,Ishita Das,Female,43,Doctor,1952062,Pune,2025-05-29
CUST04587,Riya Sharma,Female,37,Engineer,1637621,Vellore,2022-01-06
CUST04588,Riya Iyer,Male,43,Designer,953920,Ahmedabad,2024-10-04
CUST04589,Nikhil Patel,Female,58,Engineer,1517321,Kolkata,2020-08-01
CUST04590,Aditya Sharma,Female,36,Consultant,1314593,Guwahati,2021-11-21
CUST04591,Diya Joshi,Male,34,Manager,1541922,Guwahati,2022-03-20
CUST04592,Raj Das,Female,44,Engineer,1349337,Delhi,2020-12-04
CUST04593,Rohit Mehta,Female,53,Doctor,2013837,Hyderabad,2022-03-22
CUST04594,Aman Kumar,Male,50,Business Owner,1248300,Pune,2020-05-30
CUST04595,Karan Das,Male,37,Doctor,2923312,Pune,2019-01-14
CUST04596,Vivaan Singh,Male,39,Business Owner,4741409,Patna,2024-12-26
CUST04597,Reyansh Kumar,Male,49,Government,971765,Kochi,2023-01-07
CUST04598,Rohit Sharma,Female,22,Student,59124,Nagpur,2018-12-16
CUST04599,Sneha Jain,Female,21,Student,222560,Kolkata,2023-03-14
CUST04600,Neha Verma,Female,44,Teacher,536179,Coimbatore,2024-07-21
CUST04601,Raj Jain,Female,58,Consultant,772576,Kochi,2024-11-24
CUST04602,Aarav Iyer,Female,53,Business Owner,2025007,Bengaluru,2023-09-08
CUST04603,Reyansh Nair,Male,30,Engineer,836791,Hyderabad,2021-02-19
CUST04604,Karan Reddy,Male,58,Teacher,682976,Vellore,2018-07-01
CUST04605,Nikhil Jain,Female,66,Retired,639384,Kolkata,2023-11-10
CUST04606,Karan Kumar,Male,29,Government,1183493,Coimbatore,2024-07-06
CUST04607,Raj Sharma,Female,46,Business Owner,3113984,Kochi,2021-06-20
CUST04608,Rahul Singh,Male,29,Government,438867,Mumbai,2025-06-07
CUST04609,Arjun Ranjan,Male,35,Doctor,2037069,Pune,2023-02-01
CUST04610,Vivaan Verma,Male,39,Teacher,420721,Delhi,2021-09-25
CUST04611,Raj Jain,Female,40,Analyst,813778,Patna,2021-06-17
CUST04612,Mohit Das,Female,36,Teacher,789235,Gurugram,2025-04-08
CUST04613,Reyansh Iyer,Female,26,Manager,2337432,Nagpur,2020-03-22
CUST04614,Rahul Iyer,Male,46,Analyst,1234681,Ahmedabad,2019-11-20
CUST04615,Ishita Patel,Male,37,Analyst,655597,Hyderabad,2022-06-01
CUST04616,Arjun Gupta,Male,28,Teacher,579380,Vellore,2019-02-13
CUST04617,Rahul Verma,Male,52,Engineer,918652,Kolkata,2019-08-18
CUST04618,Ananya Jain,Female,20,Student,6267,Raipur,2021-02-13
CUST04619,Riya Nair,Male,52,Government,954254,Bengaluru,2021-09-09
CUST04620,Rohit Mishra,Male,38,Engineer,1798616,Vellore,2020-06-03
CUST04621,Vivaan Nair,Female,56,Engineer,826284,Ahmedabad,2019-06-04
CUST04622,Vivaan Mishra,Male,43,Engineer,728831,Nagpur,2023-10-04
CUST04623,Sanya Patel,Female,38,Engineer,1072950,Bhopal,2022-12-14
CUST04624,Sneha Nair,Male,37,Analyst,1353350,Coimbatore,2019-07-14
CUST04625,Nikhil Ranjan,Female,26,Manager,1593011,Ahmedabad,2019-06-25
CUST04626,Sneha Reddy,Female,43,Engineer,1595776,Mumbai,2018-07-28
CUST04627,Aditya Sharma,Male,28,Engineer,1688744,Gurugram,2025-08-19
CUST04628,Reyansh Iyer,Female,21,Student,237525,Ranchi,2024-04-24
CUST04629,Neha Iyer,Male,46,Manager,935333,Bhopal,2025-02-10
CUST04630,Neha Nair,Female,38,Engineer,1555276,Patna,2025-03-14
CUST04631,Rahul Joshi,Male,24,Student,247006,Bhubaneswar,2020-02-17
CUST04632,Aman Patel,Female,37,Manager,2398899,Surat,2021-02-28
CUST04633,Mohit Ranjan,Female,48,Business Owner,2374525,Bhubaneswar,2025-07-18
CUST04634,Sneha Joshi,Male,28,Analyst,1049841,Jaipur,2020-03-27
CUST04635,Reyansh Iyer,Male,45,Engineer,1627489,Bengaluru,2024-10-25
CUST04636,Arjun Mishra,Male,58,Government,998855,Bhopal,2018-01-06
CUST04637,Arjun Iyer,Male,26,Analyst,1306796,Ahmedabad,2021-04-01
CUST04638,Raj Jain,Male,24,Engineer,1751710,Ahmedabad,2022-06-22
CUST04639,Reyansh Nair,Male,21,Student,250619,Noida,2020-03-18
CUST04640,Raj Nair,Female,41,Designer,309497,Coimbatore,2021-12-04
CUST04641,Aman Ranjan,Male,66,Retired,370572,Chennai,2023-05-24
CUST04642,Rohit Gupta,Male,69,Retired,714626,Bhopal,2022-02-06
CUST04643,Rahul Patel,Male,45,Engineer,1746232,Kochi,2018-11-20
CUST04644,Sanya Das,Male,26,Engineer,1396310,Gurugram,2022-11-16
CUST04645,Neha Gupta,Female,23,Student,215273,Coimbatore,2018-10-29
CUST04646,Ishita Ranjan,Male,44,Designer,678567,Kochi,2024-10-20
CUST04647,Ananya Das,Male,65,Retired,514348,Noida,2023-05-09
CUST04648,Riya Nair,Female,60,Retired,326624,Jaipur,2019-08-14
CUST04649,Sanya Sharma,Male,60,Retired,787090,Patna,2022-11-19
CUST04650,Mohit Sharma,Male,53,Teacher,467372,Chandigarh,2019-01-08
CUST04651,Reyansh Jain,Male,28,Consultant,1994508,Vellore,2021-05-27
CUST04652,Aarav Ranjan,Female,38,Engineer,1338405,Chandigarh,2024-05-16
CUST04653,Rahul Reddy,Female,36,Engineer,1305840,Guwahati,2024-09-28
CUST04654,Aditya Patel,Female,24,Manager,2158032,Chandigarh,2023-10-19
CUST04655,Arjun Ranjan,Female,35,Business Owner,3443634,Bhubaneswar,2018-06-02
CUST04656,Reyansh Iyer,Female,74,Retired,477775,Vellore,2022-08-12
CUST04657,Aarav Nair,Female,36,Doctor,1524663,Kolkata,2023-07-06
CUST04658,Ananya Reddy,Male,29,Government,879270,Mumbai,2019-05-24
CUST04659,Riya Kumar,Female,24,Engineer,1114900,Kochi,2022-10-02
CUST04660,Sanya Mishra,Female,40,Engineer,856344,Surat,2021-08-01
CUST04661,Sneha Iyer,Male,52,Analyst,748303,Bhopal,2025-07-04
CUST04662,Aditya Das,Female,21,Student,45821,Indore,2023-01-21
CUST04663,Riya Sharma,Female,50,Engineer,878354,Ahmedabad,2021-06-22
CUST04664,Karan Iyer,Female,22,Student,79817,Delhi,2023-11-04
CUST04665,Diya Iyer,Male,33,Manager,2233818,Chennai,2021-07-07
CUST04666,Rahul Joshi,Male,30,Analyst,894473,Guwahati,2024-06-04
CUST04667,Sneha Gupta,Male,30,Engineer,826258,Guwahati,2024-08-29
CUST04668,Karan Verma,Male,53,Analyst,1281109,Indore,2019-02-16
CUST04669,Ananya Nair,Male,34,Manager,2019586,Guwahati,2025-06-20
CUST04670,Raj Sharma,Female,32,Engineer,1754064,Noida,2025-01-17
CUST04671,Vivaan Kumar,Female,19,Student,145466,Patna,2018-04-17
CUST04672,Neha Reddy,Female,65,Retired,447675,Kochi,2024-02-27
CUST04673,Vivaan Iyer,Male,34,Doctor,2583498,Patna,2019-08-05
CUST04674,Sneha Gupta,Male,24,Business Owner,975604,Ahmedabad,2018-02-19
CUST04675,Rahul Gupta,Female,27,Consultant,1231638,Ahmedabad,2022-09-16
CUST04676,Nikhil Iyer,Female,54,Business Owner,4419723,Bhubaneswar,2023-11-30
CUST04677,Neha Singh,Male,45,Engineer,1393420,Lucknow,2020-05-14
CUST04678,Arjun Reddy,Male,54,Engineer,664576,Ranchi,2018-11-21
CUST04679,Nikhil Ranjan,Female,32,Designer,770347,Bhopal,2022-05-15
CUST04680,Aman Singh,Female,24,Student,149402,Patna,2018-01-19
CUST04681,Ishita Mehta,Female,22,Student,76328,Delhi,2022-10-26
CUST04682,Sneha Sharma,Female,28,Business Owner,4727678,Jaipur,2022-05-03
CUST04683,Priya Patel,Female,45,Analyst,1300600,Mumbai,2018-08-10
CUST04684,Neha Nair,Male,29,Consultant,1832175,Vellore,2022-03-03
CUST04685,Raj Singh,Female,42,Doctor,1141307,Ranchi,2019-04-08
CUST04686,Raj Verma,Male,29,Designer,755990,Surat,2019-04-14
CUST04687,Karan Joshi,Male,50,Consultant,866792,Coimbatore,2018-11-16
CUST04688,Sneha Kumar,Female,36,Engineer,681218,Ranchi,2023-12-15
CUST04689,Aditya Singh,Male,51,Analyst,1211170,Hyderabad,2020-04-04
CUST04690,Riya Reddy,Female,37,Analyst,1187947,Raipur,2020-01-08
CUST04691,Karan Reddy,Male,34,Analyst,507864,Bengaluru,2025-07-09
CUST04692,Aarav Patel,Male,28,Consultant,937450,Guwahati,2021-12-23
CUST04693,Aarav Das,Male,22,Student,113000,Chandigarh,2021-07-26
CUST04694,Ananya Reddy,Male,20,Student,103525,Raipur,2019-05-20
CUST04695,Ishita Jain,Female,27,Consultant,2014830,Bengaluru,2022-08-04
CUST04696,Aditya Joshi,Female,22,Student,187009,Chandigarh,2019-10-05
CUST04697,Priya Sharma,Male,56,Government,941361,Ahmedabad,2021-03-06
CUST04698,Aman Kumar,Female,37,Analyst,1379478,Lucknow,2020-02-07
CUST04699,Karan Sharma,Male,48,Designer,541930,Guwahati,2024-03-10
CUST04700,Mohit Iyer,Female,44,Analyst,1011752,Lucknow,2020-08-01
CUST04701,Neha Patel,Male,27,Doctor,1546075,Noida,2023-12-11
CUST04702,Aarav Mehta,Female,55,Business Owner,4890726,Ranchi,2022-02-04
CUST04703,Priya Nair,Male,53,Engineer,1398365,Ranchi,2022-09-15
CUST04704,Mohit Mishra,Male,19,Student,163902,Vellore,2019-05-09
CUST04705,Ishita Mishra,Male,42,Analyst,1155059,Guwahati,2025-06-22
CUST04706,Aman Joshi,Female,30,Government,1037276,Bengaluru,2018-12-06
CUST04707,Arjun Joshi,Female,52,Business Owner,1770869,Chennai,2023-11-18
CUST04708,Nikhil Mishra,Female,56,Designer,401040,Ranchi,2024-11-27
CUST04709,Rahul Kumar,Female,29,Analyst,758384,Bhopal,2021-11-25
CUST04710,Ishita Reddy,Female,31,Consultant,2106734,Mumbai,2025-07-16
CUST04711,Reyansh Patel,Female,46,Business Owner,884047,Chandigarh,2023-01-18
CUST04712,Mohit Sharma,Male,43,Manager,2094373,Mumbai,2023-06-12
CUST04713,Ananya Iyer,Female,58,Doctor,2874731,Patna,2024-01-15
CUST04714,Aman Kumar,Male,48,Manager,1635021,Lucknow,2021-09-13
CUST04715,Raj Das,Female,24,Designer,423560,Coimbatore,2021-10-26
CUST04716,Rahul Singh,Female,36,Manager,2202870,Hyderabad,2023-12-01
CUST04717,Diya Verma,Male,50,Engineer,1222318,Raipur,2024-10-06
CUST04718,Karan Joshi,Female,72,Retired,421982,Nagpur,2021-10-10
CUST04719,Sanya Patel,Male,39,Engineer,810864,Coimbatore,2021-04-08
CUST04720,Raj Gupta,Female,46,Engineer,693832,Kolkata,2025-04-01
CUST04721,Diya Singh,Female,54,Designer,572743,Kolkata,2023-09-28
CUST04722,Priya Verma,Male,32,Doctor,1150618,Ahmedabad,2019-10-05
CUST04723,Mohit Kumar,Female,68,Retired,733064,Ranchi,2022-11-20
CUST04724,Sanya Das,Female,38,Engineer,1499406,Gurugram,2020-07-07
CUST04725,Karan Ranjan,Male,46,Analyst,658594,Pune,2021-02-11
CUST04726,Diya Sharma,Female,25,Business Owner,4936989,Ranchi,2023-04-08
CUST04727,Riya Mehta,Male,48,Engineer,895200,Coimbatore,2018-09-20
CUST04728,Aditya Kumar,Male,37,Analyst,762326,Coimbatore,2019-03-18
CUST04729,Riya Mehta,Female,24,Designer,904014,Bhopal,2023-04-11
CUST04730,Ananya Verma,Female,54,Engineer,1340640,Chennai,2024-09-27
CUST04731,Rahul Das,Female,31,Business Owner,2085935,Coimbatore,2025-04-28
CUST04732,Sanya Patel,Female,32,Government,585563,Ahmedabad,2020-01-11
CUST04733,Aman Iyer,Female,37,Government,1170447,Raipur,2023-05-11
CUST04734,Rohit Kumar,Female,34,Teacher,407459,Guwahati,2019-08-13
CUST04735,Nikhil Verma,Female,19,Student,239534,Indore,2021-08-03
CUST04736,Arjun Singh,Female,46,Analyst,639992,Bengaluru,2025-03-07
CUST04737,Rahul Iyer,Male,32,Doctor,2962576,Vellore,2019-11-10
CUST04738,Aman Sharma,Female,46,Manager,1748585,Kochi,2025-06-16
CUST04739,Aditya Gupta,Male,49,Designer,460005,Noida,2019-09-28
CUST04740,Sanya Gupta,Male,56,Manager,1157743,Mumbai,2023-12-02
CUST04741,Mohit Iyer,Female,46,Consultant,1029146,Raipur,2024-04-27
CUST04742,Aman Mishra,Male,38,Engineer,959801,Mumbai,2025-05-15
CUST04743,Riya Patel,Female,29,Government,645951,Ahmedabad,2023-03-05
CUST04744,Priya Singh,Female,51,Engineer,1243332,Kochi,2023-01-26
CUST04745,Neha Das,Female,33,Analyst,811607,Ahmedabad,2023-09-03
CUST04746,Raj Patel,Female,38,Engineer,734045,Nagpur,2022-06-05
CUST04747,Diya Mishra,Female,54,Engineer,1764150,Patna,2025-04-22
CUST04748,Vivaan Mehta,Male,47,Manager,1374248,Patna,2023-03-29
CUST04749,Reyansh Patel,Female,47,Government,1112617,Ranchi,2022-03-03
CUST04750,Reyansh Kumar,Female,75,Retired,257372,Kolkata,2022-01-30
CUST04751,Ananya Das,Female,40,Government,846565,Gurugram,2021-02-02
CUST04752,Ishita Iyer,Female,48,Designer,872562,Bhubaneswar,2018-05-11
CUST04753,Reyansh Singh,Female,39,Engineer,1188826,Lucknow,2023-12-21
CUST04754,Rahul Nair,Male,35,Designer,802530,Pune,2021-12-31
CUST04755,Neha Mishra,Male,53,Analyst,579083,Noida,2020-12-31
CUST04756,Riya Patel,Female,52,Analyst,843174,Vellore,2021-10-01
CUST04757,Aditya Ranjan,Male,53,Engineer,805660,Lucknow,2023-08-03
CUST04758,Mohit Ranjan,Male,55,Government,702359,Chennai,2020-12-18
CUST04759,Nikhil Gupta,Female,21,Student,237062,Coimbatore,2022-04-19
CUST04760,Diya Singh,Female,53,Government,554261,Noida,2022-08-02
CUST04761,Diya Gupta,Male,36,Analyst,1234692,Delhi,2023-05-21
CUST04762,Aman Kumar,Female,46,Manager,1929652,Ahmedabad,2019-06-20
CUST04763,Sneha Jain,Male,44,Analyst,617476,Surat,2020-12-27
CUST04764,Mohit Mishra,Male,37,Engineer,1485299,Pune,2024-07-12
CUST04765,Sanya Reddy,Male,39,Manager,2131416,Delhi,2018-12-31
CUST04766,Aditya Iyer,Female,22,Student,266490,Chandigarh,2020-02-07
CUST04767,Nikhil Reddy,Female,28,Government,1121345,Raipur,2020-12-16
CUST04768,Arjun Gupta,Male,55,Manager,1049978,Gurugram,2018-11-16
CUST04769,Rahul Ranjan,Female,45,Business Owner,1374075,Gurugram,2024-07-18
CUST04770,Ishita Verma,Male,58,Analyst,1265654,Pune,2018-07-07
CUST04771,Nikhil Sharma,Male,23,Student,238546,Indore,2023-06-29
CUST04772,Ananya Nair,Male,44,Government,1034874,Kochi,2018-01-13
CUST04773,Rahul Mishra,Male,46,Consultant,2190675,Kolkata,2019-11-15
CUST04774,Mohit Iyer,Male,31,Manager,1986048,Kolkata,2020-03-21
CUST04775,Rohit Iyer,Female,51,Analyst,865371,Kochi,2024-04-13
CUST04776,Aditya Gupta,Female,57,Government,741849,Patna,2020-10-17
CUST04777,Diya Iyer,Male,47,Manager,2255280,Noida,2018-10-31
CUST04778,Sneha Mehta,Female,58,Teacher,762239,Bhubaneswar,2022-07-15
CUST04779,Sneha Ranjan,Female,23,Student,51210,Nagpur,2020-09-18
CUST04780,Riya Sharma,Female,58,Manager,1334538,Vellore,2020-11-13
CUST04781,Rohit Patel,Male,33,Consultant,1035465,Indore,2023-07-07
CUST04782,Vivaan Reddy,Male,38,Designer,392940,Kolkata,2025-06-28
CUST04783,Ishita Sharma,Female,42,Doctor,2283791,Coimbatore,2024-08-07
CUST04784,Mohit Mehta,Female,25,Student,246370,Kochi,2023-03-03
CUST04785,Mohit Sharma,Female,57,Engineer,1190802,Patna,2023-06-29
CUST04786,Diya Verma,Male,30,Designer,820412,Vellore,2019-02-07
CUST04787,Neha Reddy,Female,24,Student,74365,Lucknow,2019-12-10
CUST04788,Neha Reddy,Male,20,Student,259060,Guwahati,2025-08-30
CUST04789,Priya Singh,Female,32,Engineer,1510199,Hyderabad,2019-12-20
CUST04790,Nikhil Singh,Male,23,Student,261888,Jaipur,2018-11-07
CUST04791,Nikhil Sharma,Female,22,Student,231947,Mumbai,2024-02-12
CUST04792,Raj Singh,Male,40,Engineer,1010586,Pune,2021-09-26
CUST04793,Raj Mehta,Male,25,Student,190827,Bhubaneswar,2022-07-29
CUST04794,Aman Mehta,Male,43,Engineer,975288,Ranchi,2019-05-04
CUST04795,Neha Joshi,Female,25,Student,269239,Bengaluru,2020-04-11
CUST04796,Neha Nair,Female,49,Engineer,726066,Jaipur,2018-01-29
CUST04797,Vivaan Gupta,Male,29,Government,874992,Jaipur,2025-06-06
CUST04798,Reyansh Patel,Male,53,Business Owner,3220557,Vellore,2024-11-11
CUST04799,Riya Joshi,Male,31,Teacher,350433,Bengaluru,2023-05-29
CUST04800,Arjun Mehta,Male,44,Analyst,747532,Hyderabad,2022-03-16
CUST04801,Raj Ranjan,Male,44,Business Owner,4751714,Mumbai,2019-10-06
CUST04802,Reyansh Singh,Female,33,Designer,988352,Mumbai,2022-02-16
CUST04803,Neha Das,Female,29,Engineer,1615258,Kolkata,2024-09-30
CUST04804,Vivaan Joshi,Male,48,Government,668866,Bhubaneswar,2024-03-30
CUST04805,Mohit Kumar,Female,48,Manager,1312136,Ahmedabad,2023-07-03
CUST04806,Neha Kumar,Male,51,Analyst,1258450,Ahmedabad,2019-06-25
CUST04807,Nikhil Sharma,Male,24,Government,429337,Coimbatore,2024-03-04
CUST04808,Ishita Ranjan,Female,31,Business Owner,3387754,Hyderabad,2024-10-03
CUST04809,Neha Jain,Female,49,Consultant,1811245,Noida,2021-04-25
CUST04810,Sanya Joshi,Male,58,Business Owner,2218108,Surat,2018-07-15
CUST04811,Aditya Joshi,Female,35,Analyst,591928,Guwahati,2019-06-02
CUST04812,Riya Das,Male,40,Engineer,832707,Surat,2021-02-19
CUST04813,Riya Mehta,Female,38,Analyst,834967,Guwahati,2018-10-06
CUST04814,Neha Mehta,Female,48,Analyst,668814,Bhopal,2022-08-30
CUST04815,Ananya Reddy,Male,41,Engineer,791151,Coimbatore,2018-06-09
CUST04816,Neha Iyer,Female,33,Analyst,1023946,Bengaluru,2024-02-04
CUST04817,Ananya Das,Female,53,Manager,1650778,Indore,2023-03-10
CUST04818,Vivaan Reddy,Male,56,Analyst,1200939,Bengaluru,2020-08-15
CUST04819,Ananya Mishra,Male,33,Business Owner,4855467,Bhopal,2020-01-01
CUST04820,Priya Das,Male,27,Doctor,2923695,Hyderabad,2019-04-02
CUST04821,Diya Patel,Male,44,Engineer,1720541,Kolkata,2023-11-29
CUST04822,Ananya Reddy,Male,48,Business Owner,1316465,Ranchi,2018-12-18
CUST04823,Aditya Reddy,Male,25,Student,232069,Bhubaneswar,2020-01-03
CUST04824,Aditya Das,Male,24,Government,776007,Indore,2020-04-03
CUST04825,Sneha Ranjan,Female,54,Analyst,1387999,Surat,2021-03-13
CUST04826,Nikhil Joshi,Male,74,Retired,200434,Noida,2025-01-26
CUST04827,Aarav Ranjan,Female,37,Teacher,897762,Hyderabad,2024-03-23
CUST04828,Aman Mishra,Female,36,Analyst,1348673,Patna,2018-08-26
CUST04829,Diya Ranjan,Female,21,Student,260964,Coimbatore,2023-09-11
CUST04830,Aarav Patel,Male,54,Engineer,819568,Raipur,2019-01-22
CUST04831,Reyansh Jain,Female,21,Student,124654,Ranchi,2020-10-19
CUST04832,Aman Nair,Male,41,Teacher,578880,Indore,2023-12-01
CUST04833,Riya Joshi,Female,51,Analyst,602187,Pune,2024-04-04
CUST04834,Vivaan Nair,Female,27,Engineer,1280555,Pune,2022-07-19
CUST04835,Raj Sharma,Male,18,Student,234720,Kolkata,2022-01-20
CUST04836,Ishita Jain,Female,33,Designer,412795,Patna,2020-07-20
CUST04837,Aman Mehta,Female,57,Government,574157,Bhubaneswar,2022-04-08
CUST04838,Arjun Joshi,Male,38,Analyst,677302,Chennai,2019-08-27
CUST04839,Sanya Reddy,Male,52,Engineer,1099730,Delhi,2023-02-01
CUST04840,Rohit Joshi,Female,55,Engineer,1584368,Bhubaneswar,2020-03-13
CUST04841,Ishita Ranjan,Male,48,Engineer,1628139,Bhubaneswar,2019-11-02
CUST04842,Priya Sharma,Male,51,Analyst,510044,Noida,2024-04-10
CUST04843,Raj Reddy,Male,34,Manager,1544868,Kolkata,2019-06-28
CUST04844,Sanya Ranjan,Male,33,Teacher,540321,Bhubaneswar,2020-01-30
CUST04845,Aditya Singh,Female,27,Government,906351,Coimbatore,2020-12-29
CUST04846,Rohit Jain,Female,27,Analyst,650327,Coimbatore,2019-03-10
CUST04847,Reyansh Ranjan,Female,48,Engineer,884126,Patna,2021-11-26
CUST04848,Neha Mishra,Female,52,Engineer,1277284,Pune,2019-10-07
CUST04849,Ananya Patel,Female,45,Manager,984904,Chandigarh,2021-04-17
CUST04850,Sanya Nair,Male,67,Retired,532267,Nagpur,2021-06-26
CUST04851,Mohit Sharma,Female,36,Engineer,1420552,Mumbai,2023-09-21
CUST04852,Aman Joshi,Male,32,Analyst,1154209,Hyderabad,2020-10-22
CUST04853,Sanya Sharma,Male,43,Engineer,924617,Nagpur,2025-03-14
CUST04854,Neha Verma,Male,33,Engineer,744024,Patna,2019-03-14
CUST04855,Mohit Jain,Female,38,Government,850525,Chennai,2021-07-10
CUST04856,Priya Singh,Male,44,Engineer,1102181,Ranchi,2023-11-07
CUST04857,Aman Nair,Female,53,Doctor,2077136,Lucknow,2020-06-18
CUST04858,Ishita Nair,Female,63,Retired,356675,Lucknow,2022-08-03
CUST04859,Ananya Joshi,Male,54,Consultant,1456718,Kolkata,2020-04-20
CUST04860,Aman Reddy,Male,58,Analyst,1198250,Surat,2022-05-03
CUST04861,Mohit Patel,Male,49,Consultant,1207331,Kolkata,2025-04-02
CUST04862,Reyansh Singh,Male,46,Designer,577388,Guwahati,2020-10-31
CUST04863,Karan Ranjan,Male,50,Consultant,1036272,Bengaluru,2023-10-15
CUST04864,Riya Iyer,Male,36,Engineer,1370148,Chennai,2019-03-27
CUST04865,Arjun Mishra,Male,55,Manager,1454969,Pune,2020-04-18
CUST04866,Rohit Mishra,Male,42,Teacher,543626,Ranchi,2023-07-23
CUST04867,Riya Kumar,Female,33,Business Owner,4323752,Indore,2024-04-21
CUST04868,Sneha Kumar,Male,64,Retired,757365,Ahmedabad,2018-11-13
CUST04869,Diya Patel,Female,52,Teacher,894563,Gurugram,2020-03-27
CUST04870,Aditya Patel,Female,41,Engineer,1771201,Chennai,2019-05-05
CUST04871,Arjun Kumar,Female,42,Engineer,1344061,Delhi,2024-02-01
CUST04872,Ananya Singh,Female,58,Designer,451288,Gurugram,2018-03-11
CUST04873,Aarav Das,Male,48,Consultant,1132827,Bhubaneswar,2018-05-17
CUST04874,Rahul Mishra,Female,38,Engineer,1143868,Ranchi,2023-07-29
CUST04875,Rahul Gupta,Female,42,Engineer,756389,Pune,2020-09-23
CUST04876,Ananya Kumar,Female,33,Designer,707386,Hyderabad,2020-11-04
CUST04877,Sneha Mishra,Male,73,Retired,790816,Kochi,2022-11-11
CUST04878,Vivaan Jain,Female,32,Government,846345,Pune,2021-07-31
CUST04879,Mohit Nair,Male,41,Teacher,661425,Jaipur,2024-03-15
CUST04880,Sanya Nair,Male,28,Business Owner,2798847,Surat,2020-05-18
CUST04881,Ishita Ranjan,Male,56,Manager,1989648,Hyderabad,2019-06-16
CUST04882,Ananya Kumar,Male,57,Government,1191354,Bhubaneswar,2024-11-03
CUST04883,Aman Nair,Male,50,Government,1063321,Vellore,2018-07-12
CUST04884,Aman Nair,Female,58,Analyst,1273691,Chandigarh,2023-01-04
CUST04885,Vivaan Patel,Female,42,Government,937714,Indore,2019-07-26
CUST04886,Aarav Joshi,Male,46,Engineer,636860,Noida,2023-12-22
CUST04887,Priya Sharma,Female,21,Student,88735,Hyderabad,2022-12-16
CUST04888,Raj Verma,Female,61,Retired,209757,Kolkata,2024-07-24
CUST04889,Raj Singh,Female,62,Retired,463297,Guwahati,2019-10-16
CUST04890,Arjun Das,Female,51,Analyst,715962,Nagpur,2020-04-08
CUST04891,Ananya Reddy,Female,57,Government,565527,Delhi,2024-01-27
CUST04892,Sneha Mehta,Male,43,Analyst,776058,Bhopal,2018-09-20
CUST04893,Ishita Verma,Female,28,Business Owner,2266203,Chennai,2020-06-10
CUST04894,Riya Iyer,Female,23,Student,275034,Noida,2023-12-07
CUST04895,Priya Kumar,Male,54,Analyst,1350216,Nagpur,2018-12-05
CUST04896,Arjun Kumar,Male,47,Doctor,2130162,Ranchi,2020-11-04
CUST04897,Rahul Mehta,Female,50,Government,1032589,Pune,2018-07-05
CUST04898,Neha Das,Female,52,Doctor,1421436,Surat,2024-11-14
CUST04899,Nikhil Gupta,Female,28,Engineer,1270540,Ahmedabad,2020-03-15
CUST04900,Rohit Joshi,Female,29,Doctor,2947424,Guwahati,2024-04-15
CUST04901,Sneha Singh,Female,24,Engineer,1628936,Bhopal,2020-01-04
CUST04902,Arjun Kumar,Female,29,Analyst,753024,Ahmedabad,2020-11-27
CUST04903,Sanya Reddy,Female,57,Engineer,637891,Hyderabad,2021-07-11
CUST04904,Rahul Verma,Female,32,Doctor,2829420,Kochi,2020-07-10
CUST04905,Nikhil Joshi,Male,47,Doctor,2755695,Nagpur,2024-11-19
CUST04906,Aarav Jain,Male,51,Engineer,1385165,Mumbai,2019-07-01
CUST04907,Neha Das,Female,50,Engineer,815828,Hyderabad,2023-09-05
CUST04908,Rohit Das,Female,41,Manager,2341067,Pune,2020-12-23
CUST04909,Raj Mishra,Male,33,Manager,2433774,Pune,2018-10-08
CUST04910,Aarav Patel,Female,41,Doctor,2600896,Lucknow,2018-09-30
CUST04911,Reyansh Gupta,Female,63,Retired,268623,Chennai,2023-06-03
CUST04912,Rohit Jain,Female,52,Consultant,1338737,Gurugram,2024-04-18
CUST04913,Aarav Kumar,Male,37,Engineer,949776,Noida,2021-09-30
CUST04914,Aman Iyer,Male,38,Doctor,1197079,Pune,2021-04-11
CUST04915,Sanya Sharma,Female,46,Consultant,1181459,Bengaluru,2022-05-23
CUST04916,Neha Ranjan,Female,55,Manager,1504085,Pune,2018-09-10
CUST04917,Rahul Iyer,Female,24,Student,193922,Ranchi,2022-07-25
CUST04918,Sanya Singh,Male,28,Analyst,1070628,Kochi,2021-12-01
CUST04919,Priya Ranjan,Male,25,Consultant,1274810,Gurugram,2018-11-23
CUST04920,Aman Sharma,Male,48,Business Owner,3716074,Bhopal,2020-11-29
CUST04921,Karan Ranjan,Female,24,Engineer,1427994,Noida,2018-10-07
CUST04922,Sanya Joshi,Male,24,Government,678607,Delhi,2023-11-23
CUST04923,Aditya Nair,Female,45,Engineer,1030549,Indore,2018-12-31
CUST04924,Nikhil Jain,Female,30,Engineer,1361713,Delhi,2020-01-29
CUST04925,Aditya Gupta,Male,40,Analyst,1134231,Kochi,2019-01-25
CUST04926,Rahul Ranjan,Female,25,Student,276955,Surat,2024-06-12
CUST04927,Aditya Iyer,Male,25,Engineer,709163,Surat,2023-12-08
CUST04928,Ananya Mishra,Female,49,Consultant,1861499,Kochi,2018-01-16
CUST04929,Vivaan Gupta,Male,52,Designer,738495,Raipur,2025-03-01
CUST04930,Riya Mehta,Female,57,Business Owner,2264568,Chandigarh,2024-09-10
CUST04931,Rahul Verma,Female,40,Doctor,1099083,Bengaluru,2024-11-28
CUST04932,Mohit Patel,Male,45,Business Owner,3107283,Indore,2025-03-14
CUST04933,Sneha Reddy,Female,70,Retired,594248,Coimbatore,2018-10-16
CUST04934,Aditya Sharma,Male,32,Consultant,829963,Chennai,2023-06-10
CUST04935,Ishita Patel,Female,70,Retired,508754,Chennai,2018-09-07
CUST04936,Arjun Das,Female,25,Student,283694,Gurugram,2018-03-02
CUST04937,Neha Singh,Male,37,Engineer,1161513,Chennai,2022-03-20
CUST04938,Sneha Singh,Male,52,Engineer,754666,Lucknow,2023-03-24
CUST04939,Neha Joshi,Female,28,Business Owner,3314892,Bhubaneswar,2020-01-17
CUST04940,Reyansh Patel,Male,32,Engineer,913752,Gurugram,2022-02-13
CUST04941,Riya Ranjan,Female,22,Student,51604,Coimbatore,2022-02-03
CUST04942,Riya Singh,Male,57,Consultant,1014735,Raipur,2018-06-11
CUST04943,Mohit Patel,Female,39,Analyst,1182798,Ahmedabad,2021-11-04
CUST04944,Aarav Singh,Female,35,Government,812184,Patna,2021-02-27
CUST04945,Aman Singh,Male,42,Consultant,1803064,Bengaluru,2023-07-09
CUST04946,Ananya Iyer,Female,43,Business Owner,3770979,Patna,2020-02-07
CUST04947,Sanya Verma,Female,45,Business Owner,2130986,Ranchi,2019-10-11
CUST04948,Arjun Jain,Male,47,Consultant,1083470,Kolkata,2025-07-25
CUST04949,Karan Mishra,Male,39,Consultant,1122709,Kochi,2025-01-20
CUST04950,Ananya Mishra,Male,45,Engineer,1240960,Nagpur,2023-03-23
CUST04951,Riya Singh,Male,48,Engineer,644667,Surat,2018-08-08
CUST04952,Ananya Reddy,Male,34,Teacher,450773,Surat,2019-11-18
CUST04953,Ananya Mishra,Male,58,Analyst,1124837,Surat,2022-10-21
CUST04954,Aarav Verma,Male,19,Student,71457,Guwahati,2019-02-15
CUST04955,Nikhil Sharma,Male,57,Engineer,1084490,Kolkata,2019-08-18
CUST04956,Aditya Patel,Male,54,Business Owner,979197,Raipur,2020-01-23
CUST04957,Rohit Das,Male,38,Manager,950901,Bengaluru,2022-08-18
CUST04958,Karan Sharma,Male,48,Analyst,848926,Vellore,2024-07-07
CUST04959,Rohit Jain,Male,51,Engineer,716054,Nagpur,2025-08-25
CUST04960,Neha Mishra,Female,56,Analyst,830868,Bengaluru,2021-12-24
CUST04961,Mohit Mehta,Male,24,Consultant,1717546,Bhubaneswar,2022-08-04
CUST04962,Reyansh Das,Female,45,Doctor,2284159,Indore,2021-02-01
CUST04963,Aditya Iyer,Female,56,Government,1013168,Bengaluru,2025-03-01
CUST04964,Aarav Patel,Female,36,Analyst,1117113,Kochi,2023-08-29
CUST04965,Riya Iyer,Female,25,Student,96418,Kochi,2024-05-18
CUST04966,Neha Iyer,Female,40,Designer,712428,Bengaluru,2018-05-12
CUST04967,Sanya Iyer,Female,21,Student,107601,Indore,2022-07-07
CUST04968,Sneha Reddy,Female,50,Manager,1024913,Vellore,2023-10-25
CUST04969,Raj Das,Male,50,Engineer,1346874,Bengaluru,2019-02-21
CUST04970,Riya Joshi,Male,56,Doctor,1912969,Ranchi,2024-05-16
CUST04971,Neha Verma,Female,25,Teacher,867356,Ranchi,2020-06-13
CUST04972,Vivaan Singh,Female,42,Teacher,461187,Gurugram,2022-09-21
CUST04973,Arjun Nair,Male,56,Engineer,984591,Pune,2022-12-09
CUST04974,Arjun Reddy,Male,57,Doctor,2508029,Hyderabad,2022-08-27
CUST04975,Nikhil Iyer,Male,27,Doctor,2687201,Surat,2024-12-05
CUST04976,Neha Das,Male,39,Doctor,2999187,Chennai,2020-05-22
CUST04977,Priya Patel,Female,31,Consultant,1505978,Vellore,2025-07-23
CUST04978,Ishita Patel,Male,52,Government,932668,Lucknow,2021-11-16
CUST04979,Vivaan Kumar,Female,37,Business Owner,4519761,Hyderabad,2021-11-14
CUST04980,Aman Mishra,Female,37,Analyst,834267,Bhubaneswar,2024-09-27
CUST04981,Aman Reddy,Male,35,Government,456859,Chandigarh,2019-06-18
CUST04982,Ananya Jain,Male,56,Engineer,1729331,Surat,2022-11-03
CUST04983,Riya Mehta,Male,47,Teacher,456996,Ranchi,2022-10-03
CUST04984,Arjun Gupta,Female,45,Engineer,1781490,Surat,2019-09-11
CUST04985,Raj Singh,Male,52,Analyst,1375716,Bengaluru,2021-11-03
CUST04986,Riya Patel,Male,33,Consultant,941475,Vellore,2025-02-27
CUST04987,Aditya Nair,Female,58,Business Owner,1802264,Jaipur,2022-04-29
CUST04988,Aman Iyer,Female,29,Consultant,1501408,Chandigarh,2021-06-06
CUST04989,Neha Iyer,Female,26,Teacher,583736,Surat,2020-04-12
CUST04990,Neha Singh,Female,39,Engineer,1759511,Indore,2019-04-25
CUST04991,Diya Singh,Female,22,Student,12856,Jaipur,2022-09-28
CUST04992,Nikhil Mehta,Male,34,Doctor,2150700,Ahmedabad,2020-11-09
CUST04993,Rohit Ranjan,Female,61,Retired,291500,Pune,2022-03-30
CUST04994,Nikhil Jain,Female,21,Student,137981,Kochi,2021-04-29
CUST04995,Raj Mehta,Female,34,Designer,759608,Patna,2018-12-14
CUST04996,Neha Joshi,Male,57,Consultant,917026,Mumbai,2025-07-18
CUST04997,Ananya Joshi,Female,52,Teacher,513130,Guwahati,2022-02-01
CUST04998,Sneha Patel,Male,48,Business Owner,1234423,Chandigarh,2022-12-31
CUST04999,Diya Das,Male,74,Retired,474710,Ahmedabad,2018-06-20
CUST05000,Neha Kumar,Male,31,Teacher,801130,Bhubaneswar,2023-07-29
